{
    "name": "§6§nScavenger",
    "description": "You can only eat logs to refill your hunger.",
    "type": "origins:multiple",
    "stopfood": {
        "type": "origins:prevent_item_use",
        "item_condition": {
            "type": "origins:food"
        }
    },
    "logs": {
        "condition": {
            "type": "origins:and",
            "conditions": [
                {
                    "type": "origins:or",
                    "conditions": [
                        {
                            "type": "origins:equipped_item",
                            "equipment_slot": "mainhand",
                            "item_condition": {
                                "type": "origins:ingredient",
                                "ingredient": {
                                    "tag": "minecraft:logs"
                                }
                            }
                        },
                        {
                            "type": "origins:equipped_item",
                            "equipment_slot": "offhand",
                            "item_condition": {
                                "type": "origins:ingredient",
                                "ingredient": {
                                    "tag": "minecraft:logs"
                                }
                            }
                        }
                    ]
                },
                {
                    "type": "origins:food_level",
                    "comparison": "<",
                    "compare_to": 20
                }
            ]
        },
        "type": "origins:active_self",
        "entity_action": {
            "type": "origins:and",
            "actions": [
                {
                    "type": "origins:execute_command",
                    "command": "clear @s #minecraft:logs 1",
                    "permission_level": 4
                },
                {
                    "type": "origins:feed",
                    "food": 2,
                    "saturation": 7
                },
                {
                    "type": "origins:play_sound",
                    "sound": "minecraft:block.wood.break",
                    "volume": 1,
                    "pitch": 1.3
                }
            ]
        },
        "cooldown": 10,
        "hud_render": {
            "should_render": false
        },
        "key": {
            "key": "key.use",
            "continuous": true
        }
    }
}