{
	"name": "§1§nDecomposer",
	"description": "A minor form of destructive magic. While mushroom-sized, you can right click the ground to light a fire.",
	"condition": {
		"type": "origins:and",
		"conditions": [
			{
				"type": "origins:resource",
				"resource": "*:psilo/sprout_01",
				"comparison": "==",
				"compare_to": 0
			},
			{
                "type": "origins:resource",
                "resource": "*:psilo/tog_tap",
                "comparison": "==",
                "compare_to": 1
            }
		]
	},
	"type": "origins:active_self",
	"entity_action": {
		"type": "origins:raycast",
		"distance": 7,
		"block": true,
		"entity": false,
		"shape_type": "visual",
		"fluid_handling": "any",
		"hit_action": {
			"type": "origins:play_sound",
			"sound": "item.flintandsteel.use",
			"volume": 1,
			"pitch": 1.5
		},
		"command_at_hit": "particle flame ~ ~ ~ 0.5 0.5 0.5 0 20",
		"command_step": 1,
		"command_along_ray_only_on_hit": true,
		"block_action": {
			"type": "origins:execute_command",
			"command": "fill ~ ~1 ~ ~ ~1 ~ fire replace air",
			"permission_level": 4
		}
	},
	"cooldown": 40,
	"hud_render": {
		"should_render": true,
		"sprite_location": "origins:textures/gui/community/huang/resource_bar_02.png",
		"bar_index": 15
	},
	"key": {
		"key": "key.use",
		"continuous": true
	}
}