{
    "name": "Breach",
    "description": "Launch out of the water at high speed.",
    "type": "origins:multiple",
    "launch": {
        "condition": {
            "type": "origins:fluid_height",
            "fluid": "water",
            "comparison": ">=",
            "compare_to": 0.25
        },
        "type": "origins:active_self",
        "entity_action": {
            "type": "origins:and",
            "actions": [
                {
                    "type": "origins:add_velocity",
                    "y": 1.25,
                    "space": "world",
                    "client": true,
                    "server": true,
                    "set": true
                },
                {
                    "type": "origins:if_else",
                    "condition": {
                        "type": "origins:sprinting"
                    },
                    "if_action": {
                        "type": "origins:add_velocity",
                        "z": 2,
                        "space": "local",
                        "client": true,
                        "server": true
                    }
                },
                {
                    "type": "origins:play_sound",
                    "sound": "item.trident.riptide_1",
                    "volume": 1,
                    "pitch": 0.25
                },
                {
                    "type": "origins:execute_command",
                    "command": "particle nautilus ~ ~14 ~ 0.5 0.5 0.5 0.5 200"
                }
            ]
        },
        "cooldown": 10,
        "hud_render": {
            "should_render": true,
            "sprite_location": "origins:textures/gui/community/huang/resource_bar_01.png",
            "bar_index": 10
        },
        "key": {
            "key": "primary",
            "continuous": true
        }
    }
}