{
	"name": "§5§nRich Soil",
	"description": "You are able to bonemeal the ground with your Primary.",
	"type": "origins:active_self",
	"entity_action": {
		"type": "origins:raycast",
		"distance": 5,
		"block": true,
		"entity": false,
		"command_step": 0.25,
		"fluid_handling": "any",
		"shape_type": "collider",
		"command_at_hit": "particle totem_of_undying ~ ~0.1 ~ 0.35 0.15 0.35 0 15",
		"block_action": {
			"type": "origins:offset",
			"action": {
				"type": "origins:bonemeal",
				"effects": true
			},
			"y": 1
		}
	},
	"cooldown": 60,
	"hud_render": {
		"should_render": true,
		"sprite_location": "origins:textures/gui/community/spiderkolo/resource_bar_02.png",
		"bar_index": 22
	},
	"key": {
		"key": "primary",
		"continuous": true
	}
}