{
    "name": "Instinct",
    "description": "When you are about to be hit by an arrow, you teleport slightly to the side.",
    "type": "origins:multiple",
    "act": {
        "condition": {
            "type": "origins:and",
            "conditions": [
                {
                    "type": "origins:command",
                    "command": "execute if entity @e[tag=!self,type=#minecraft:arrows,distance=3.1..5,nbt={inGround:0b}]",
                    "comparison": ">=",
                    "compare_to": 1
                },
                {
                    "type": "origins:resource",
                    "resource": "*:*_cd",
                    "comparison": "==",
                    "compare_to": 0
                }
            ]
        },
        "type": "origins:action_over_time",
        "interval": 1,
        "rising_action": {
            "type": "origins:and",
            "actions": [
                {
                    "type": "origins:execute_command",
                    "command": "particle witch ~ ~ ~ 0.5 0.5 0.5 0.1 25"
                },
                {
                    "type": "origins:play_sound",
                    "sound": "entity.enderman.teleport",
                    "volume": 1,
                    "pitch": 0.7
                },
                {
                    "type": "origins:choice",
                    "actions": [
                        {
                            "weight": 1,
                            "element": {
                                "type": "origins:execute_command",
                                "command": "tp @s ^-2.5 ^1.5 ^-1.5"
                            }
                        },
                        {
                            "weight": 1,
                            "element": {
                                "type": "origins:execute_command",
                                "command": "tp @s ^2.5 ^1.5 ^-1.5"
                            }
                        },
                        {
                            "weight": 1,
                            "element": {
                                "type": "origins:execute_command",
                                "command": "tp @s ^-2.5 ^1.5 ^1.5"
                            }
                        },
                        {
                            "weight": 1,
                            "element": {
                                "type": "origins:execute_command",
                                "command": "tp @s ^2.5 ^1.5 ^1.5"
                            }
                        }
                    ]
                },
                {
                    "type": "origins:trigger_cooldown",
                    "power": "*:*_cd"
                }
            ]
        }
    },
    "cd": {
        "type": "origins:cooldown",
        "cooldown": 200,
        "hud_render": {
            "should_render": true,
            "bar_index": 3
        }
    },
    "self": {
        "type": "origins:action_over_time",
        "interval": 1,
        "entity_action": {
            "type": "origins:and",
            "actions": [
                {
                    "type": "origins:execute_command",
                    "command": "tag @e[tag=!self,type=#minecraft:arrows,distance=3.1..] add enemy"
                },
                {
                    "type": "origins:execute_command",
                    "command": "tag @e[tag=!enemy,type=#minecraft:arrows,distance=..3] add self"
                }
            ]
        }
    }
}