{
    "hidden": true,
    "type": "origins:action_over_time",
    "interval": 30,
    "entity_action": {
        "type": "origins:raycast",
        "distance": 90,
        "block": false,
        "entity": true,
        "shape_type": "visual",
        "fluid_handling": "any",
        "bientity_condition": {
            "type": "origins:and",
            "conditions": [
                {
                    "type": "origins:can_see"
                },
                {
                    "type": "origins:target_condition",
                    "condition": {
                        "type": "origins:origin",
                        "origin": "ender:ender",
                        "layer": "origins:origin"
                    }
                }
            ]
        },
        "bientity_action": {
            "type": "origins:and",
            "actions": [
                {
                    "type": "origins:damage",
                    "amount": 2,
                    "source": {
                        "name": "player",
                        "bypasses_armor": true,
                        "unblockable": true
                    }
                },
                {
                    "type": "origins:target_action",
                    "action": {
                        "type": "origins:apply_effect",
                        "effect": {
                            "effect": "strength",
                            "duration": 200,
                            "amplifier": 0,
                            "show_particles": false,
                            "show_icon": true
                        }
                    }
                }
            ]
        },
        "command_at_hit": "particle end_rod ~ ~ ~ 0 0 0 0 1"
    }
}