{
    "name": "Stasis Teleport",
    "description": "Create a checkpoint at your current location, then tp to it anytime.",
    "type": "origins:multiple",
    "create": {
        "condition": {
            "type": "origins:sneaking"
        },
        "type": "origins:active_self",
        "entity_action": {
            "type": "origins:and",
            "actions": [
                {
                    "type": "origins:execute_command",
                    "command": "particle dragon_breath ^ ^1 ^0.5 0.25 0.25 0.25 0 50"
                },
                {
                    "type": "origins:execute_command",
                    "command": "function ender:egg"
                },
                {
                    "type": "origins:delay",
                    "action": {
                        "type": "origins:execute_command",
                        "command": "function ender:point"
                    },
                    "ticks": 1
                }
            ]
        },
        "cooldown": 20,
        "hud_render": {
            "should_render": true,
            "sprite_location": "origins:textures/gui/community/huang/resource_bar_02.png",
            "bar_index": 19
        },
        "key": {
            "key": "secondary"
        }
    },
    "tp": {
        "condition": {
            "type": "origins:and",
            "conditions": [
                {
                    "inverted": true,
                    "type": "origins:sneaking"
                },
                {
                    "type": "origins:command",
                    "command": "execute if entity @e[tag=point]",
                    "comparison": ">=",
                    "compare_to": 1
                }
            ]
        },
        "type": "origins:active_self",
        "entity_action": {
            "type": "origins:and",
            "actions": [
                {
                    "type": "origins:execute_command",
                    "command": "particle dragon_breath ^ ^1 ^0.5 0.25 0.25 0.25 0 50"
                },
                {
                    "type": "origins:play_sound",
                    "sound": "entity.enderman.teleport",
                    "volume": 1,
                    "pitch": 0.5
                },
                {
                    "type": "origins:delay",
                    "action": {
                        "type": "origins:execute_command",
                        "command": "tp @s @e[tag=point,limit=1]"
                    },
                    "ticks": 6
                },
                {
                    "type": "origins:delay",
                    "action": {
                        "type": "origins:execute_command",
                        "command": "particle dragon_breath ^ ^1 ^0.5 0.25 0.25 0.25 0 50"
                    },
                    "ticks": 10
                },
                {
                    "type": "origins:delay",
                    "action": {
                        "type": "origins:play_sound",
                        "sound": "ui.toast.out",
                        "volume": 10,
                        "pitch": 1.5
                    },
                    "ticks": 10
                }
            ]
        },
        "cooldown": 50,
        "hud_render": {
            "should_render": true,
            "sprite_location": "origins:textures/gui/community/huang/resource_bar_01.png",
            "bar_index": 0
        },
        "key": {
            "key": "secondary"
        }
    },
    "fx": {
        "type": "origins:action_over_time",
        "interval": 1,
        "entity_action": {
            "type": "origins:and",
            "actions": [
                {
                    "type": "origins:execute_command",
                    "command": "execute as @e[tag=point] at @s run particle witch ~ ~ ~ 0.1 0.25 0.1 0 10"
                },
                {
                    "type": "origins:execute_command",
                    "command": "execute as @e[tag=point] at @s run particle scrape ~ ~0.25 ~ 0.15 0.5 0.15 0 2"
                }
            ]
        }
    }
}