{
    "hidden": true,
    "type": "origins:action_on_callback",
    "entity_action_chosen": {
        "type": "origins:and",
        "actions": [
            {
                "type": "origins:execute_command",
                "command": "tag @s add end",
                "permission_level": 4
            },
			{
                "type": "origins:execute_command",
                "command": "team add ender",
                "permission_level": 4
            },
			{
                "type": "origins:execute_command",
                "command": "team join ender @s",
                "permission_level": 4
            }
        ]
    },
    "execute_chosen_when_orb": true,
    "entity_action_lost": {
        "type": "origins:and",
        "actions": [
            {
                "type": "origins:execute_command",
                "command": "tag @s remove end",
                "permission_level": 4
            },
			{
                "type": "origins:execute_command",
                "command": "team remove ender",
                "permission_level": 4
            },
            {
                "type": "origins:execute_command",
                "command": "function ender:egg",
                "permission_level": 4
            }
        ]
    }
}