{
    "name": "§1§nAerial Boost",
    "description": "Thrust forward at high speeds.",
    "type": "origins:active_self",
    "entity_action": {
        "type": "origins:if_else",
        "condition": {
            "type": "origins:fall_flying"
        },
        "if_action": {
            "type": "origins:add_velocity",
            "y": 0.75,
            "z": 2.5,
            "space": "velocity",
            "client": true,
            "server": true
        },
        "else_action": {
            "type": "origins:add_velocity",
            "y": 1.5,
            "z": 2,
            "space": "local",
            "client": true,
            "server": true
        }
    },
    "cooldown": 50,
    "hud_render": {
        "should_render": true,
        "bar_index": 4
    },
    "key": {
        "key": "primary",
        "continuous": true
    }
}