{
    "name": "§4§nNymph Biology",
    "description": "Due to the nature of your body you burn faster.",
    "type": "origins:multiple",
    "dmg": {
        "type": "origins:modify_damage_taken",
        "damage_condition": {
            "type": "origins:fire"
        },
        "modifier": {
            "operation": "multiply_total",
            "value": 1
        }
    },
    "lava": {
        "type": "origins:modify_damage_taken",
        "damage_condition": {
            "type": "origins:or",
            "conditions": [
                {
                    "type": "origins:name",
                    "name": "lava"
                },
                {
                    "type": "origins:name",
                    "name": "lava.player"
                }
            ]
        },
        "self_action": {
            "type": "origins:apply_effect",
            "effect": {
                "effect": "weakness",
                "duration": 200,
                "amplifier": 0,
                "show_particles": false,
                "show_icon": true
            }
        }
    }
}