{
    "name": "§2§nForest Born",
    "description": "You gain Strength and Haste when near foliage.",
    "condition": {
        "type": "origins:block_in_radius",
        "block_condition": {
            "type": "origins:in_tag",
            "tag": "divine:green"
        },
        "radius": 6,
        "shape": "cube",
        "comparison": ">=",
        "compare_to": 1
    },
    "type": "origins:action_over_time",
    "interval": 15,
    "entity_action": {
        "type": "origins:apply_effect",
        "effects": [
            {
                "effect": "strength",
                "duration": 100,
                "amplifier": 0,
                "show_particles": false,
                "show_icon": true
            },
            {
                "effect": "haste",
                "duration": 100,
                "amplifier": 0,
                "show_particles": false,
                "show_icon": true
            }
        ]
    }
}