{
    "name": "§6§nOdd Relative",
    "description": "Somewhere in your family tree is a fae so you have a slight weakness to iron.",
    "type": "origins:modify_damage_taken",
    "damage_condition": {
        "type": "origins:attacker",
        "entity_condition": {
            "type": "origins:equipped_item",
            "equipment_slot": "mainhand",
            "item_condition": {
                "type": "origins:ingredient",
                "ingredient": {
                    "tag": "divine:iron"
                }
            }
        }
    },
    "modifier": {
        "operation": "multiply_total",
        "value": 0.5
    }
}