{
	"name": "§5§nSiren's Charm",
	"description": "As a nymph you have certain persuasive abilities.",
	"type": "origins:multiple",
	"ray": {
		"type": "origins:active_self",
		"entity_action": {
			"type": "origins:and",
			"actions": [
			{
					"type": "origins:play_sound",
					"sound": "minecraft:entity.illusioner.prepare_mirror",
					"volume": 1,
					"pitch": 2
				},
				{
					"type": "origins:raycast",
					"distance": 20,
					"block": false,
					"entity": true,
					"shape_type": "outline",
					"fluid_handling": "any",
					"bientity_action": {
						"type": "origins:target_action",
						"action": {
							"type": "origins:and",
							"actions": [
								{
									"type": "origins:apply_effect",
									"effects": [
										{
											"effect": "slowness",
											"duration": 200,
											"amplifier": 99,
											"show_particles": false,
											"show_icon": true
										},
										{
											"effect": "nausea",
											"duration": 200,
											"amplifier": 99,
											"show_particles": true,
											"show_icon": true
										}
									]
								},
								{
									"type": "origins:execute_command",
									"command": "particle heart ~ ~ ~ 0.5 0.5 0.5 0 10"
								}
							]
						}
					},
					"miss_action": {
						"type": "origins:delay",
						"action": {
							"type": "origins:change_resource",
							"resource": "*:*_ray",
							"change": 700,
							"operation": "set"
						},
						"ticks": 3
					},
					"command_along_ray": "particle dust 0.957 0.549 1.000 1 ~ ~ ~ 0 0 0 0 1",
					"command_step": 1
				}
			]
		},
		"cooldown": 800,
		"hud_render": {
			"should_render": true,
			"sprite_location": "origins:textures/gui/community/huang/resource_bar_01.png",
			"bar_index": 4
		},
		"key": {
			"key": "primary"
		}
	},
	"hero": {
		"type": "origins:action_over_time",
		"interval": 15,
		"entity_action": {
			"type": "origins:apply_effect",
			"effect": {
				"effect": "hero_of_the_village",
				"duration": 100,
				"amplifier": 0,
				"show_particles": false,
				"show_icon": false
			}
		}
	}
}