{
    "name": "§5§nLightning Armor",
    "description": "Electric armor that enhances your agility dramatically.",
    "type": "origins:multiple",
    "act": {
        "type": "origins:active_self",
        "entity_action": {
            "type": "origins:and",
            "actions": [
                {
                    "type": "origins:trigger_cooldown",
                    "power": "*:*_dur"
                },
                {
                    "type": "origins:delay",
                    "action": {
                        "type": "origins:execute_command",
                        "command": "summon lightning_bolt ~ ~ ~"
                    },
                    "ticks": 3
                },
                {
                    "type": "origins:delay",
                    "action": {
                        "type": "origins:execute_command",
                        "command": "particle glow ~ ~ ~ 1 1 1 0.2 100"
                    },
                    "ticks": 3
                }
            ]
        },
        "cooldown": 12000,
        "hud_render": {
            "should_render": true,
            "sprite_location": "origins:textures/gui/community/spiderkolo/resource_bar_02.png",
            "bar_index": 0
        },
        "key": {
            "key": "primary"
        }
    },
    "dur": {
        "type": "origins:cooldown",
        "cooldown": 600,
        "hud_render": {
            "should_render": true,
            "sprite_location": "origins:textures/gui/community/spiderkolo/resource_bar_02.png",
            "bar_index": 8
        }
    },
    "fx": {
        "condition": {
            "type": "origins:resource",
            "resource": "*:*_dur",
            "comparison": "!=",
            "compare_to": 0
        },
        "type": "origins:action_over_time",
        "interval": 1,
        "entity_action": {
            "type": "origins:and",
            "actions": [
                {
                    "type": "origins:execute_command",
                    "command": "particle electric_spark ~ ~1.2 ~ 0.22 0.17 0.22 0 50"
                },
                {
                    "type": "origins:apply_effect",
                    "effects": [
                        {
                            "effect": "speed",
                            "duration": 40,
                            "amplifier": 29,
                            "show_particles": false,
                            "show_icon": true
                        },
                        {
                            "effect": "jump_boost",
                            "duration": 40,
                            "amplifier": 4,
                            "show_particles": false,
                            "show_icon": true
                        },
                        {
                            "effect": "weakness",
                            "duration": 40,
                            "amplifier": 2,
                            "show_particles": false,
                            "show_icon": true
                        }
                    ]
                }
            ]
        }
    },
    "immune": {
        "condition": {
            "type": "origins:resource",
            "resource": "*:*_dur",
            "comparison": "!=",
            "compare_to": 0
        },
        "type": "origins:invulnerability",
        "damage_condition": {
            "type": "origins:or",
            "conditions": [
                {
                    "type": "origins:name",
                    "name": "lightningBolt"
                },
                {
                    "type": "origins:name",
                    "name": "lightningBolt.player"
                },
                {
                    "type": "origins:name",
                    "name": "fall"
                },
                {
                    "type": "origins:name",
                    "name": "fall.player"
                }
            ]
        }
    }
}