{
    "name": "§9§nAbility Swapper",
    "description": "Choose whether you teleport using your Ranged abilities, hold Shift to reverse the order.",
    "type": "origins:multiple",
    "pick": {
        "condition": {
            "inverted": true,
            "type": "origins:sneaking"
        },
        "type": "origins:active_self",
        "entity_action": {
            "type": "origins:if_else_list",
            "actions": [
                {
                    "condition": {
                        "type": "origins:resource",
                        "resource": "*:kynaan/swapper_bit",
                        "comparison": "==",
                        "compare_to": 2
                    },
                    "action": {
                        "type": "origins:and",
                        "actions": [
                            {
                                "type": "origins:change_resource",
                                "resource": "*:kynaan/swapper_bit",
                                "change": -2
                            },
                            {
                                "type": "origins:execute_command",
                                "command": "title @s actionbar {\"text\":\" -Teleport Disabled -\",\"bold\":true,\"color\":\"dark_blue\"}",
                                "permission_level": 4
                            }
                        ]
                    }
                },
                {
                    "condition": {
                        "type": "origins:resource",
                        "resource": "*:kynaan/swapper_bit",
                        "comparison": "==",
                        "compare_to": 0
                    },
                    "action": {
                        "type": "origins:and",
                        "actions": [
                            {
                                "type": "origins:change_resource",
                                "resource": "*:kynaan/swapper_bit",
                                "change": 1
                            },
                            {
                                "type": "origins:execute_command",
                                "command": "title @s actionbar {\"text\":\" -Teleport Target to Self -\",\"bold\":true,\"color\":\"blue\"}",
                                "permission_level": 4
                            }
                        ]
                    }
                },
                {
                    "condition": {
                        "type": "origins:resource",
                        "resource": "*:kynaan/swapper_bit",
                        "comparison": "==",
                        "compare_to": 1
                    },
                    "action": {
                        "type": "origins:and",
                        "actions": [
                            {
                                "type": "origins:change_resource",
                                "resource": "*:kynaan/swapper_bit",
                                "change": 1
                            },
                            {
                                "type": "origins:execute_command",
                                "command": "title @s actionbar {\"text\":\" -Teleport Self to Target -\",\"bold\":true,\"color\":\"dark_aqua\"}",
                                "permission_level": 4
                            }
                        ]
                    }
                }
            ]
        },
        "cooldown": 10,
        "hud_render": {
            "should_render": false
        },
        "key": {
            "key": "ternary"
        }
    },
    "reverse": {
        "condition": {
            "type": "origins:sneaking"
        },
        "type": "origins:active_self",
        "entity_action": {
            "type": "origins:if_else_list",
            "actions": [
                {
                    "condition": {
                        "type": "origins:resource",
                        "resource": "*:kynaan/swapper_bit",
                        "comparison": "==",
                        "compare_to": 1
                    },
                    "action": {
                        "type": "origins:and",
                        "actions": [
                            {
                                "type": "origins:change_resource",
                                "resource": "*:kynaan/swapper_bit",
                                "change": -1
                            },
                            {
                                "type": "origins:execute_command",
                                "command": "title @s actionbar {\"text\":\" -Teleport Disabled -\",\"bold\":true,\"color\":\"dark_blue\"}",
                                "permission_level": 4
                            }
                        ]
                    }
                },
                {
                    "condition": {
                        "type": "origins:resource",
                        "resource": "*:kynaan/swapper_bit",
                        "comparison": "==",
                        "compare_to": 2
                    },
                    "action": {
                        "type": "origins:and",
                        "actions": [
                            {
                                "type": "origins:change_resource",
                                "resource": "*:kynaan/swapper_bit",
                                "change": -1
                            },
                            {
                                "type": "origins:execute_command",
                                "command": "title @s actionbar {\"text\":\" -Teleport Target to Self -\",\"bold\":true,\"color\":\"blue\"}",
                                "permission_level": 4
                            }
                        ]
                    }
                },
                {
                    "condition": {
                        "type": "origins:resource",
                        "resource": "*:kynaan/swapper_bit",
                        "comparison": "==",
                        "compare_to": 0
                    },
                    "action": {
                        "type": "origins:and",
                        "actions": [
                            {
                                "type": "origins:change_resource",
                                "resource": "*:kynaan/swapper_bit",
                                "change": 2
                            },
                            {
                                "type": "origins:execute_command",
                                "command": "title @s actionbar {\"text\":\" -Teleport Self to Target -\",\"bold\":true,\"color\":\"dark_aqua\"}",
                                "permission_level": 4
                            }
                        ]
                    }
                }
            ]
        },
        "cooldown": 10,
        "hud_render": {
            "should_render": false
        },
        "key": {
            "key": "ternary"
        }
    },
    "bit": {
        "type": "origins:resource",
        "min": 0,
        "max": 2,
        "start_value": 0,
        "hud_render": {
            "should_render": true,
            "bar_index": 6
        }
    }
}