{
    "name": "§4§nAlien Element",
    "description": "Wither is new and bizarre, you take more damage from it.",
    "type": "origins:modify_damage_taken",
    "damage_condition": {
        "type": "origins:or",
        "conditions": [
            {
                "type": "origins:name",
                "name": "wither"
            },
            {
                "type": "origins:name",
                "name": "wither.player"
            },
            {
                "type": "origins:name",
                "name": "witherSkull"
            }
        ]
    },
    "modifier": {
        "operation": "multiply_total",
        "value": 0.5
    }
}