{
	"name": "§5§nSoul Link",
	"description": "You summon a spectral direwolf to be your mount. While riding it, you are invulnerable to all damage, the direwolf still takes damage. If it's killed, this ability goes on cooldown for 5 minutes.",
	"type": "origins:multiple",
	"summon": {
		"type": "origins:active_self",
		"entity_action": {
			"type": "origins:and",
			"actions": [
				{
					"type": "origins:if_else_list",
					"actions": [
						{
							"condition": {
								"type": "origins:and",
								"conditions": [
									{
										"inverted": true,
										"type": "origins:command",
										"command": "execute if entity @e[tag=dog]",
										"comparison": ">=",
										"compare_to": 1,
										"permission_level": 4
									},
									{
										"type": "origins:resource",
										"resource": "*:kynaan/wolf_cd",
										"comparison": "==",
										"compare_to": 6000
									}
								]
							},
							"action": {
								"type": "origins:and",
								"actions": [
									{
										"type": "origins:execute_command",
										"command": "summon mythicmounts:direwolf ^ ^2 ^2.5 {Tags:[\"dog\"],Silent:1b,Tame:1b,ActiveEffects:[{Id:12,Duration:99999,ShowParticles:0b}]}",
										"permission_level": 4
									},
									{
										"type": "origins:change_resource",
										"resource": "*:kynaan/wolf_cd",
										"change": -6000
									},
									{
										"type": "origins:execute_command",
										"command": "particle glow_squid_ink ^ ^1.5 ^1.5 0.2 0.2 0.2 0 2",
										"permission_level": 4
									},
									{
										"type": "origins:play_sound",
										"sound": "entity.enderman.teleport",
										"volume": 1,
										"pitch": 2
									}
								]
							}
						},
						{
							"condition": {
								"type": "origins:command",
								"command": "execute if entity @e[tag=dog]",
								"comparison": ">=",
								"compare_to": 1,
								"permission_level": 4
							},
							"action": {
								"type": "origins:and",
								"actions": [
									{
										"type": "origins:execute_command",
										"command": "kill @e[tag=dog]",
										"permission_level": 4
									},
									{
										"type": "origins:change_resource",
										"resource": "*:kynaan/wolf_cd",
										"change": 6000
									},
									{
										"type": "origins:execute_command",
										"command": "particle glow ^ ^1.5 ^1.5 0.2 0.2 0.2 0.3 15",
										"permission_level": 4
									},
									{
										"type": "origins:play_sound",
										"sound": "entity.enderman.teleport",
										"volume": 1,
										"pitch": 0.1
									}
								]
							}
						}
					]
				}
			]
		},
		"cooldown": 20,
		"hud_render": {
			"should_render": false
		},
		"key": {
			"key": "primary"
		}
	},
	"gain": {
		"condition": {
			"type": "origins:and",
			"conditions": [
				{
					"inverted": true,
					"type": "origins:command",
					"command": "execute if entity @e[tag=dog]",
					"comparison": ">=",
					"compare_to": 1,
					"permission_level": 4
				}
			]
		},
		"type": "origins:action_over_time",
		"interval": 1,
		"entity_action": {
			"type": "origins:change_resource",
			"resource": "*:kynaan/wolf_cd",
			"change": 1
		}
	},
	"cd": {
		"type": "origins:resource",
		"min": 0,
		"max": 6000,
		"start_value": 6000,
		"hud_render": {
			"should_render": true,
			"sprite_location": "origins:textures/gui/community/spiderkolo/resource_bar_03.png",
			"bar_index": 4,
			"condition": {
				"type": "origins:and",
				"conditions": [
					{
						"inverted": true,
						"type": "origins:resource",
						"resource": "*:kynaan/wolf_cd",
						"comparison": "==",
						"compare_to": 0
					},
					{
						"inverted": true,
						"type": "origins:resource",
						"resource": "*:kynaan/wolf_cd",
						"comparison": "==",
						"compare_to": 6000
					}
				]
			}
		}
	},
	"toofar": {
		"condition": {
			"type": "origins:command",
			"command": "execute if entity @e[tag=dog,distance=100..]",
			"comparison": ">=",
			"compare_to": 1,
			"permission_level": 4
		},
		"type": "origins:action_over_time",
		"interval": 1,
		"rising_action": {
			"type": "origins:and",
			"actions": [
				{
					"type": "origins:execute_command",
					"command": "execute in minecraft:the_nether run kill @e[tag=dog,distance=100..]",
					"permission_level": 4
				},
				{
					"type": "origins:execute_command",
					"command": "execute in minecraft:the_end run kill @e[tag=dog,distance=100..]",
					"permission_level": 4
				},
				{
					"type": "origins:change_resource",
					"resource": "*:kynaan/wolf_cd",
					"change": 6000
				},
				{
					"type": "origins:execute_command",
					"command": "tellraw @s {\"text\":\"- Your Direwolf was too far away and has despawned. If it was located in a modded dimension when you weren't in it, it failed to despawn. Duplicates will be removed.\",\"color\":\"dark_red\"}",
					"permission_level": 4
				},
				{
					"type": "origins:delay",
					"action": {
						"type": "origins:execute_command",
						"command": "kill @e[tag=dog,distance=100..]",
						"permission_level": 4
					},
					"ticks": 6
				}
			]
		}
	},
	"debug": {
		"condition": {
			"type": "origins:command",
			"command": "execute if entity @e[tag=dog]",
			"comparison": ">=",
			"compare_to": 2,
			"permission_level": 4
		},
		"type": "origins:action_over_time",
		"interval": 1,
		"entity_action": {
			"type": "origins:and",
			"actions": [
				{
					"type": "origins:execute_command",
					"command": "kill @e[tag=dog,limit=1]",
					"permission_level": 4
				},
				{
					"type": "origins:change_resource",
					"resource": "*:kynaan/wolf_cd",
					"change": 6000
				}
			]
		}
	},
	"invinc": {
		"condition": {
			"type": "origins:riding",
			"bientity_condition": {
				"type": "origins:target_condition",
				"condition": {
					"type": "origins:and",
					"conditions": [
						{
							"type": "origins:entity_type",
							"entity_type": "mythicmounts:direwolf"
						},
						{
							"type": "origins:nbt",
							"nbt": "{Tags: ['dog']}"
						}
					]
				}
			}
		},
		"type": "origins:invulnerability",
		"damage_condition": {
			"type": "origins:name",
			"name": "lava",
			"inverted": true
		}
	},
	"fx": {
		"type": "origins:action_over_time",
		"interval": 2,
		"entity_action": {
			"type": "origins:and",
			"actions": [
				{
					"type": "origins:execute_command",
					"command": "execute as @e[tag=dog] at @s run particle enchanted_hit ~ ~1.5 ~ 0.4 0.3 0.4 0 2",
					"permission_level": 4
				},
				{
					"type": "origins:execute_command",
					"command": "execute as @e[tag=dog] at @s run particle scrape ~ ~1.5 ~ 0.4 0.5 0.4 0 2",
					"permission_level": 4
				}
			]
		}
	}
}