{
    "name": "§c§nBerserker's Blastwave§r",
    "description": "An explosive wave that spreads as it moves away from you, damaging those in front of you.",
    "condition": {
        "type": "origins:and",
        "conditions": [
            {
                "type": "origins:resource",
                "resource": "*:select_mode",
                "comparison": "==",
                "compare_to": 1
            }
        ]
    },
    "type": "origins:active_self",
    "entity_action": {
        "type": "origins:and",
        "actions": [
            {
                "type": "origins:play_sound",
                "sound": "item.trident.return",
                "volume": 1,
                "pitch": 2
            },
            {
                "type": "origins:area_of_effect",
                "radius": 3,
                "bientity_action": {
                    "type": "apoli:and",
                    "actions": [
                        {
                            "type": "apoli:damage",
                            "amount": 7,
                            "source": {
                                "name": "explosion.player",
                                "bypasses_armor": false,
                                "unblockable": true
                            }
                        },
                        {
                            "type": "origins:target_action",
                            "action": {
                                "type": "origins:and",
                                "actions": [
                                    {
                                        "type": "origins:execute_command",
                                        "command": "tp @s ~ ~ ~ facing entity @e[tag=cosm,limit=1]"
                                    },
                                    {
                                        "type": "origins:delay",
                                        "action": {
                                            "type": "origins:add_velocity",
                                            "y": 0.75,
                                            "z": -1,
                                            "space": "local",
                                            "client": true,
                                            "server": true,
                                            "set": true
                                        },
                                        "ticks": 2
                                    }
                                ]
                            }
                        }
                    ]
                }
            },
            {
                "type": "origins:execute_command",
                "command": "execute positioned ~ ~1 ~ rotated 90 0 run function max:ping"
            },
            {
                "type": "origins:execute_command",
                "command": "particle crimson_spore ~ ~0.3 ~ 1 0.25 1 0 100"
            },
            {
                "type": "origins:delay",
                "action": {
                    "type": "origins:and",
                    "actions": [
                        {
                            "type": "origins:play_sound",
                            "sound": "item.trident.return",
                            "volume": 1,
                            "pitch": 1.75
                        },
                        {
                            "type": "origins:execute_command",
                            "command": "execute positioned ~ ~2 ~ rotated 90 0 run function max:ping2"
                        },
                        {
                            "type": "origins:execute_command",
                            "command": "particle crimson_spore ~ ~1 ~ 2 0.5 2 0 100"
                        },
                        {
                            "type": "origins:area_of_effect",
                            "radius": 6,
                            "bientity_action": {
                                "type": "apoli:and",
                                "actions": [
                                    {
                                        "type": "apoli:damage",
                                        "amount": 7,
                                        "source": {
                                            "name": "explosion.player",
                                            "bypasses_armor": false,
                                            "unblockable": true
                                        }
                                    },
                                    {
                                        "type": "origins:target_action",
                                        "action": {
                                            "type": "origins:and",
                                            "actions": [
                                                {
                                                    "type": "origins:execute_command",
                                                    "command": "tp @s ~ ~ ~ facing entity @e[tag=cosm,limit=1]"
                                                },
                                                {
                                                    "type": "origins:delay",
                                                    "action": {
                                                        "type": "origins:add_velocity",
                                                        "y": 0.75,
                                                        "z": -1,
                                                        "space": "local",
                                                        "client": true,
                                                        "server": true,
                                                        "set": true
                                                    },
                                                    "ticks": 2
                                                }
                                            ]
                                        }
                                    }
                                ]
                            }
                        }
                    ]
                },
                "ticks": 6
            },
            {
                "type": "origins:delay",
                "action": {
                    "type": "origins:and",
                    "actions": [
                        {
                            "type": "origins:play_sound",
                            "sound": "item.trident.return",
                            "volume": 1,
                            "pitch": 1.5
                        },
                        {
                            "type": "origins:execute_command",
                            "command": "execute positioned ~ ~3 ~ rotated 90 0 run function max:ping3"
                        },
                        {
                            "type": "origins:execute_command",
                            "command": "particle crimson_spore ~ ~1 ~ 2 0.5 2 0 100"
                        },
                        {
                            "type": "origins:area_of_effect",
                            "radius": 9,
                            "bientity_action": {
                                "type": "apoli:and",
                                "actions": [
                                    {
                                        "type": "apoli:damage",
                                        "amount": 7,
                                        "source": {
                                            "name": "explosion.player",
                                            "bypasses_armor": false,
                                            "unblockable": true
                                        }
                                    },
                                    {
                                        "type": "origins:target_action",
                                        "action": {
                                            "type": "origins:and",
                                            "actions": [
                                                {
                                                    "type": "origins:execute_command",
                                                    "command": "tp @s ~ ~ ~ facing entity @e[tag=cosm,limit=1]"
                                                },
                                                {
                                                    "type": "origins:delay",
                                                    "action": {
                                                        "type": "origins:add_velocity",
                                                        "y": 0.75,
                                                        "z": -1,
                                                        "space": "local",
                                                        "client": true,
                                                        "server": true,
                                                        "set": true
                                                    },
                                                    "ticks": 2
                                                }
                                            ]
                                        }
                                    }
                                ]
                            }
                        }
                    ]
                },
                "ticks": 12
            }
        ]
    },
    "cooldown": 300,
    "hud_render": {
        "should_render": true,
        "sprite_location": "origins:textures/gui/community/spiderkolo/resource_bar_02.png",
        "bar_index": 14
    },
    "key": {
        "key": "key.spectatorOutlines"
    }
}