{
    "name": "§c§nFumed View",
    "description": "Due to your enhanced anger, you are unwieldy with shields in this state, as well more susceptible to injury from most forms of damage.",
    "type": "origins:multiple",
    "sh": {
        "condition": {
            "type": "origins:and",
            "conditions": [
                {
                    "type": "origins:resource",
                    "resource": "*:select_mode",
                    "comparison": "==",
                    "compare_to": 1
                }
            ]
        },
        "type": "origins:prevent_item_use",
        "item_condition": {
            "type": "origins:ingredient",
            "ingredient": {
                "item": "shield"
            }
        }
    },
    "dmg": {
        "condition": {
            "type": "origins:and",
            "conditions": [
                {
                    "type": "origins:resource",
                    "resource": "*:select_mode",
                    "comparison": "==",
                    "compare_to": 1
                }
            ]
        },
        "type": "origins:modify_damage_taken",
        "modifier": {
            "operation": "multiply_total",
            "value": 0.25
        }
    }
}