{
    "name": "§5§nGhostly Presence§r",
    "description": "You can move through blocks during night and go invisible during day.",
    "type": "origins:multiple",
    "phase": {
        "condition": {
            "type": "origins:and",
            "conditions": [
                {
                    "type": "origins:power_active",
                    "power": "*:whisp/ghosty_tap"
                },
                {
                    "inverted": true,
                    "type": "origins:daytime"
                }
            ]
        },
        "type": "origins:phasing",
        "block_condition": {
            "type": "origins:in_tag",
            "tag": "origins:unphasable"
        },
        "blacklist": true,
        "render_type": "blindness",
        "view_distance": 10,
        "phase_down_condition": {
            "type": "origins:and",
            "conditions": [
                {
                    "type": "origins:sneaking"
                },
                {
                    "type": "origins:on_block"
                }
            ]
        }
    },
    "invis": {
        "condition": {
            "type": "origins:or",
            "conditions": [
                {
                    "type": "origins:and",
                    "conditions": [
                        {
                            "type": "origins:power_active",
                            "power": "*:whisp/ghosty_tap"
                        },
                        {
                            "type": "origins:daytime"
                        }
                    ]
                },
                {
                    "type": "origins:resource",
                    "resource": "*:whisp/storm_thun",
                    "comparison": "==",
                    "compare_to": 1
                }
            ]
        },
        "type": "origins:invisibility",
        "render_armor": false
    },
    "overlay": {
        "condition": {
            "type": "origins:and",
            "conditions": [
                {
                    "type": "origins:power_active",
                    "power": "*:whisp/ghosty_tap"
                }
            ]
        },
        "type": "origins:overlay",
        "texture": "minecraft:textures/misc/powder_snow_outline.png",
        "strength": 0.75,
        "red": 0.5,
        "green": 0,
        "blue": 0.25,
        "draw_mode": "texture",
        "draw_phase": "below_hud",
        "hide_with_hud": true,
        "visible_in_third_person": true
    },
    "hungy": {
        "condition": {
            "type": "origins:and",
            "conditions": [
                {
                    "type": "origins:power_active",
                    "power": "*:whisp/ghosty_tap"
                },
                {
                    "type": "origins:daytime"
                }
            ]
        },
        "type": "origins:exhaust",
        "interval": 20,
        "exhaustion": 0.812
    },
    "tap": {
        "type": "origins:toggle",
        "active_by_default": true,
        "key": {
            "key": "primary"
        },
        "retain_state": true
    }
}