{
    "name": "Scatter!",
    "description": "Become much faster for 10s.",
    "type": "origins:active_self",
    "entity_action": {
        "type": "origins:and",
        "actions": [
            {
                "type": "origins:apply_effect",
                "effects": [
                    {
                        "effect": "speed",
                        "duration": 200,
                        "amplifier": 0,
                        "show_particles": false,
                        "show_icon": true
                    }
                ]
            },
            {
                "type": "origins:execute_command",
                "command": "particle electric_spark ~ ~ ~ 0.5 0.5 0.5 0.2 25"
            }
        ]
    },
    "cooldown": 600,
    "hud_render": {
        "should_render": true,
        "sprite_location": "origins:textures/gui/community/huang/resource_bar_02.png",
        "bar_index": 5
    },
    "key": {
        "key": "primary",
        "continuous": true
    }
}