{
    "name": "Small Body",
    "description": "You never grew so much as your brothers and sisters. You are 80% of the normal height. You also have 3 less hearts.",
    "type": "origins:action_on_callback",
    "entity_action_chosen": {
        "type": "origins:and",
        "actions": [
            {
                "type": "origins:execute_command",
                "command": "scale set pehkui:height 0.8 @s",
                "permission_level": 4
            },
            {
                "type": "origins:execute_command",
                "command": "scale set pehkui:width 0.8 @s",
                "permission_level": 4
            }
        ]
    },
    "execute_chosen_when_orb": true,
    "entity_action_lost": {
        "type": "origins:execute_command",
        "command": "scale reset @s",
        "permission_level": 4
    },
    "entity_action_respawned": {
        "type": "origins:and",
        "actions": [
            {
                "type": "origins:execute_command",
                "command": "scale set pehkui:height 0.8 @s",
                "permission_level": 4
            },
            {
                "type": "origins:execute_command",
                "command": "scale set pehkui:width 0.8 @s",
                "permission_level": 4
            }
        ]
    }
}