{
    "name": "No Sound?",
    "description": "When you are surrounded by wool you cannot use your powers and get weakness 2.\nYour powers also don’t work through wool.",
    "type": "origins:multiple",
    "act": {
        "condition": {
            "type": "origins:and",
            "conditions": [
                {
                    "type": "origins:block_in_radius",
                    "block_condition": {
                        "type": "origins:in_tag",
                        "tag": "dampens_vibrations"
                    },
                    "radius": 3,
                    "shape": "cube",
                    "comparison": ">=",
                    "compare_to": 9
                }
            ]
        },
        "type": "origins:action_over_time",
        "interval": 35,
        "entity_action": {
            "type": "origins:and",
            "actions": [
                {
                    "type": "origins:execute_command",
                    "command": "title @s actionbar {\"text\":\"§f§l§oThere's wool absorbing sound\"}"
                },
                {
                    "type": "origins:apply_effect",
                    "effect": {
                        "effect": "weakness",
                        "duration": 55,
                        "amplifier": 1,
                        "show_particles": false,
                        "show_icon": true
                    }
                }
            ]
        }
    }
}