{
    "name": "Night Light",
    "description": "Your nocturnal nature lets you stay awake at night, preventing phantoms from attacking you.",
    "type": "apoli:multiple",
    "call": {
        "type": "origins:action_on_callback",
        "entity_action_chosen": {
            "type": "origins:and",
            "actions": [
                {
                    "type": "origins:execute_command",
                    "command": "tag @s add spark",
                    "permission_level": 4
                },
                {
                    "type": "origins:execute_command",
                    "command": "team add phan",
                    "permission_level": 4
                },
                {
                    "type": "origins:execute_command",
                    "command": "team join phan @s",
                    "permission_level": 4
                }
            ]
        },
        "execute_chosen_when_orb": true,
        "entity_action_lost": {
            "type": "origins:and",
            "actions": [
                {
                    "type": "origins:execute_command",
                    "command": "tag @s remove spark",
                    "permission_level": 4
                },
                {
                    "type": "origins:execute_command",
                    "command": "team remove phan",
                    "permission_level": 4
                },
                {
                    "type": "origins:execute_command",
                    "command": "function spark:clear",
                    "permission_level": 4
                }
            ]
        }
    },
    "act": {
        "type": "origins:action_over_time",
        "interval": 1,
        "entity_action": {
            "type": "origins:and",
            "actions": [
                {
                    "type": "origins:execute_command",
                    "command": "team join phan @e[type=phantom,distance=..60]"
                }
            ]
        }
    }
}