{
  "parent": "item/handheld",
  "textures": {
    "layer0": "item/phil"
  },
  "display": {
	    "firstperson_righthand": {
            "rotation": [ 0, -70, 25 ],
            "translation": [ 0, 2, 0 ],
            "scale": [ 0.40, 0.40, 0.40 ]
        },
        "thirdperson_righthand": {
            "rotation": [ 75, 45, 0 ],
            "translation": [ 0, 0, 0],
            "scale": [ 0.3, 0.3, 0.3 ]
        },
        "firstperson_lefthand": {
            "rotation": [ 0, -70, 25 ],
            "translation": [ 0, 2, 0 ],
            "scale": [ 0.40, 0.40, 0.40 ]
        }
  }
}