{
    "name": "Lumbering Powerhouse",
    "description": "You deal more damage and knock things back really far.",
    "type": "origins:multiple",
    "dmg": {
        "type": "origins:attribute",
        "modifier": {
            "attribute": "generic.attack_damage",
            "operation": "multiply_total",
            "value": 0.3
        },
        "update_health": false
    },
    "kick": {
        "type": "origins:action_on_hit",
        "bientity_action": {
            "type": "origins:target_action",
            "action": {
                "type": "origins:and",
                "actions": [
                    {
                        "type": "origins:execute_command",
                        "command": "tp @s ~ ~ ~ facing entity @e[tag=shield,limit=1]"
                    },
                    {
                        "type": "origins:delay",
                        "action": {
                            "type": "origins:add_velocity",
                            "y": 0.75,
                            "z": -2.25,
                            "space": "local",
                            "client": true,
                            "server": true,
                            "set": true
                        },
                        "ticks": 3
                    }
                ]
            }
        },
        "cooldown": 5,
        "hud_render": {
            "should_render": false
        }
    },
    "shh": {
        "condition": {
            "type": "origins:and",
            "conditions": [
                {
                    "type": "origins:equipped_item",
                    "equipment_slot": "head",
                    "item_condition": {
                        "inverted": true,
                        "type": "origins:empty"
                    }
                },
                {
                    "type": "origins:equipped_item",
                    "equipment_slot": "chest",
                    "item_condition": {
                        "inverted": true,
                        "type": "origins:empty"
                    }
                },
                {
                    "type": "origins:equipped_item",
                    "equipment_slot": "legs",
                    "item_condition": {
                        "inverted": true,
                        "type": "origins:empty"
                    }
                },
                {
                    "type": "origins:equipped_item",
                    "equipment_slot": "feet",
                    "item_condition": {
                        "inverted": true,
                        "type": "origins:empty"
                    }
                }
            ]
        },
        "type": "origins:modify_damage_taken",
        "modifier": {
            "operation": "multiply_total",
            "value": -0.25
        }
    }
}