{
	"credit": "Made with Blockbench",
	"parent": "item",
	"texture_size": [64, 64],
	"textures": {
		"3": "item/all3"
	},
	"elements": [
		{
			"from": [1.5, 7, 6.5],
			"to": [14.5, 9.5, 9.5],
			"rotation": {"angle": 0, "axis": "y", "origin": [-1.5, 8.5, 6.5]},
			"faces": {
				"north": {"uv": [5, 0, 8.25, 0.75], "texture": "#3"},
				"east": {"uv": [13, 0.75, 13.75, 1.5], "texture": "#3"},
				"south": {"uv": [5, 0.75, 8.25, 1.5], "texture": "#3"},
				"west": {"uv": [13, 1.5, 13.75, 2.25], "texture": "#3"},
				"up": {"uv": [8.25, 2.25, 5, 1.5], "texture": "#3"},
				"down": {"uv": [8.25, 2.25, 5, 3], "texture": "#3"}
			}
		},
		{
			"from": [1.5, 7, 9.5],
			"to": [4.5, 9.5, 21.5],
			"rotation": {"angle": 0, "axis": "y", "origin": [-1.5, 8.5, 6.5]},
			"faces": {
				"north": {"uv": [2.5, 13, 3.25, 13.75], "texture": "#3"},
				"east": {"uv": [5.5, 6.5, 8.5, 7.25], "texture": "#3"},
				"south": {"uv": [13, 3, 13.75, 3.75], "texture": "#3"},
				"west": {"uv": [0, 6.75, 3, 7.5], "texture": "#3"},
				"up": {"uv": [4, 8.25, 3.25, 5.25], "texture": "#3"},
				"down": {"uv": [6.25, 7.25, 5.5, 10.25], "texture": "#3"}
			}
		},
		{
			"from": [4.5, 7, 19.5],
			"to": [14.5, 9.5, 21.5],
			"rotation": {"angle": 0, "axis": "y", "origin": [-1.5, 8.5, 6.5]},
			"faces": {
				"north": {"uv": [2.75, 8.75, 5.25, 9.5], "texture": "#3"},
				"east": {"uv": [11.75, 13.25, 12.25, 14], "texture": "#3"},
				"south": {"uv": [8.75, 4.5, 11.25, 5.25], "texture": "#3"},
				"west": {"uv": [12.25, 13.25, 12.75, 14], "texture": "#3"},
				"up": {"uv": [13.75, 7, 11.25, 6.5], "texture": "#3"},
				"down": {"uv": [13.75, 9.75, 11.25, 10.25], "texture": "#3"}
			}
		},
		{
			"from": [14.5, 7, 6.5],
			"to": [17.5, 9.5, 21.5],
			"rotation": {"angle": 0, "axis": "y", "origin": [-1.5, 8.5, 6.5]},
			"faces": {
				"north": {"uv": [13, 3.75, 13.75, 4.5], "texture": "#3"},
				"east": {"uv": [4, 3.5, 7.75, 4.25], "texture": "#3"},
				"south": {"uv": [6, 13, 6.75, 13.75], "texture": "#3"},
				"west": {"uv": [4, 4.25, 7.75, 5], "texture": "#3"},
				"up": {"uv": [4.75, 8.75, 4, 5], "texture": "#3"},
				"down": {"uv": [5.5, 5, 4.75, 8.75], "texture": "#3"}
			}
		},
		{
			"from": [8.6, 7.55, 28.65],
			"to": [10.65, 9.45, 30.8],
			"rotation": {"angle": 22.5, "axis": "x", "origin": [0, 0, 0]},
			"faces": {
				"north": {"uv": [11.25, 13.5, 11.75, 14], "texture": "#3"},
				"east": {"uv": [13.75, 0.75, 14.25, 1.25], "texture": "#3"},
				"south": {"uv": [1, 13.75, 1.5, 14.25], "texture": "#3"},
				"west": {"uv": [13.75, 1.25, 14.25, 1.75], "texture": "#3"},
				"up": {"uv": [14.25, 2.25, 13.75, 1.75], "texture": "#3"},
				"down": {"uv": [14.25, 2.25, 13.75, 2.75], "texture": "#3"}
			}
		},
		{
			"from": [2.5, 9.5, 8.5],
			"to": [3.75, 12.75, 19.25],
			"faces": {
				"north": {"uv": [5, 9.5, 5.25, 10.25], "texture": "#3"},
				"east": {"uv": [0, 8.25, 2.75, 9], "texture": "#3"},
				"south": {"uv": [2.5, 13.75, 2.75, 14.5], "texture": "#3"},
				"west": {"uv": [8.25, 0, 11, 0.75], "texture": "#3"},
				"up": {"uv": [1.75, 14.75, 1.5, 12], "texture": "#3"},
				"down": {"uv": [6, 12, 5.75, 14.75], "texture": "#3"}
			}
		},
		{
			"from": [3, 8.5, 18.75],
			"to": [16, 11.75, 20],
			"faces": {
				"north": {"uv": [0, 5.25, 3.25, 6], "texture": "#3"},
				"east": {"uv": [2.75, 13.75, 3, 14.5], "texture": "#3"},
				"south": {"uv": [5.5, 5, 8.75, 5.75], "texture": "#3"},
				"west": {"uv": [3, 13.75, 3.25, 14.5], "texture": "#3"},
				"up": {"uv": [14.25, 3, 11, 2.75], "texture": "#3"},
				"down": {"uv": [14.75, 6.25, 11.5, 6.5], "texture": "#3"}
			}
		},
		{
			"from": [15.25, 9.5, 8.5],
			"to": [16.5, 12.75, 19.25],
			"faces": {
				"north": {"uv": [5.25, 13.75, 5.5, 14.5], "texture": "#3"},
				"east": {"uv": [8.25, 0.75, 11, 1.5], "texture": "#3"},
				"south": {"uv": [5.5, 13.75, 5.75, 14.5], "texture": "#3"},
				"west": {"uv": [8.25, 1.5, 11, 2.25], "texture": "#3"},
				"up": {"uv": [3.75, 15.25, 3.5, 12.5], "texture": "#3"},
				"down": {"uv": [4, 12.5, 3.75, 15.25], "texture": "#3"}
			}
		},
		{
			"from": [3, 9.5, 7.75],
			"to": [16, 12.75, 9],
			"faces": {
				"north": {"uv": [5.5, 5.75, 8.75, 6.5], "texture": "#3"},
				"east": {"uv": [6, 13.75, 6.25, 14.5], "texture": "#3"},
				"south": {"uv": [0, 6, 3.25, 6.75], "texture": "#3"},
				"west": {"uv": [6.25, 13.75, 6.5, 14.5], "texture": "#3"},
				"up": {"uv": [15.25, 9.25, 12, 9], "texture": "#3"},
				"down": {"uv": [15.25, 9.25, 12, 9.5], "texture": "#3"}
			}
		},
		{
			"from": [3.5, 15, 4],
			"to": [4.75, 18.25, 13.75],
			"rotation": {"angle": 22.5, "axis": "x", "origin": [0, 0, 0]},
			"faces": {
				"north": {"uv": [6.5, 13.75, 6.75, 14.5], "texture": "#3"},
				"east": {"uv": [8.75, 5.25, 11.25, 6], "texture": "#3"},
				"south": {"uv": [13.75, 8, 14, 8.75], "texture": "#3"},
				"west": {"uv": [8.75, 8, 11.25, 8.75], "texture": "#3"},
				"up": {"uv": [4.25, 15, 4, 12.5], "texture": "#3"},
				"down": {"uv": [4.5, 12.5, 4.25, 15], "texture": "#3"}
			}
		},
		{
			"from": [4, 15, 13.25],
			"to": [15, 17.25, 14],
			"rotation": {"angle": 22.5, "axis": "x", "origin": [0, 0, 0]},
			"faces": {
				"north": {"uv": [5, 3, 7.75, 3.5], "texture": "#3"},
				"east": {"uv": [8.5, 4.5, 8.75, 5], "texture": "#3"},
				"south": {"uv": [8.75, 6, 11.5, 6.5], "texture": "#3"},
				"west": {"uv": [2.5, 9, 2.75, 9.5], "texture": "#3"},
				"up": {"uv": [15.5, 5, 12.75, 4.75], "texture": "#3"},
				"down": {"uv": [15.5, 5, 12.75, 5.25], "texture": "#3"}
			}
		},
		{
			"from": [14.25, 15, 4],
			"to": [15.5, 18.25, 13.75],
			"rotation": {"angle": 22.5, "axis": "x", "origin": [0, 0, 0]},
			"faces": {
				"north": {"uv": [9.75, 13.75, 10, 14.5], "texture": "#3"},
				"east": {"uv": [8.75, 8.75, 11.25, 9.5], "texture": "#3"},
				"south": {"uv": [13.75, 9.75, 14, 10.5], "texture": "#3"},
				"west": {"uv": [0, 9, 2.5, 9.75], "texture": "#3"},
				"up": {"uv": [4.75, 15, 4.5, 12.5], "texture": "#3"},
				"down": {"uv": [5, 12.5, 4.75, 15], "texture": "#3"}
			}
		},
		{
			"from": [3.5, 15, 3.25],
			"to": [15.5, 18.25, 4],
			"rotation": {"angle": 22.5, "axis": "x", "origin": [0, 0, 0]},
			"faces": {
				"north": {"uv": [6.25, 7.25, 9.25, 8], "texture": "#3"},
				"east": {"uv": [10, 13.75, 10.25, 14.5], "texture": "#3"},
				"south": {"uv": [0, 7.5, 3, 8.25], "texture": "#3"},
				"west": {"uv": [10.25, 13.75, 10.5, 14.5], "texture": "#3"},
				"up": {"uv": [15, 9.75, 12, 9.5], "texture": "#3"},
				"down": {"uv": [12.75, 12.25, 9.75, 12.5], "texture": "#3"}
			}
		},
		{
			"from": [4.7, 17.5, 4],
			"to": [14.25, 18.25, 7.25],
			"rotation": {"angle": 22.5, "axis": "x", "origin": [0, 0, 0]},
			"faces": {
				"north": {"uv": [9.75, 12.75, 12.25, 13], "texture": "#3"},
				"east": {"uv": [5.5, 10.25, 6.25, 10.5], "texture": "#3"},
				"south": {"uv": [12.25, 12.75, 14.75, 13], "texture": "#3"},
				"west": {"uv": [4.25, 11, 5, 11.25], "texture": "#3"},
				"up": {"uv": [11.75, 8, 9.25, 7.25], "texture": "#3"},
				"down": {"uv": [5, 9.5, 2.5, 10.25], "texture": "#3"}
			}
		},
		{
			"from": [4.75, 17.25, 13],
			"to": [14.25, 19.5, 16.25],
			"rotation": {"angle": 22.5, "axis": "x", "origin": [0, 0, 0]},
			"faces": {
				"north": {"uv": [11.25, 10.25, 13.75, 10.75], "texture": "#3"},
				"east": {"uv": [7.75, 4.5, 8.5, 5], "texture": "#3"},
				"south": {"uv": [11.75, 7, 14.25, 7.5], "texture": "#3"},
				"west": {"uv": [13.25, 11.75, 14, 12.25], "texture": "#3"},
				"up": {"uv": [11.25, 10.25, 8.75, 9.5], "texture": "#3"},
				"down": {"uv": [2.5, 9.75, 0, 10.5], "texture": "#3"}
			}
		},
		{
			"from": [4.75, 19, 7],
			"to": [14.25, 20.75, 13.5],
			"rotation": {"angle": 22.5, "axis": "x", "origin": [0, 0, 0]},
			"faces": {
				"north": {"uv": [11.75, 7.5, 14.25, 8], "texture": "#3"},
				"east": {"uv": [11.75, 11.25, 13.5, 11.75], "texture": "#3"},
				"south": {"uv": [8.25, 11.75, 10.75, 12.25], "texture": "#3"},
				"west": {"uv": [3.5, 12, 5.25, 12.5], "texture": "#3"},
				"up": {"uv": [2.5, 1.75, 0, 0], "texture": "#3"},
				"down": {"uv": [2.5, 1.75, 0, 3.5], "texture": "#3"}
			}
		},
		{
			"from": [3.5, 18.25, 7],
			"to": [4.75, 20.75, 16.75],
			"rotation": {"angle": 22.5, "axis": "x", "origin": [0, 0, 0]},
			"faces": {
				"north": {"uv": [10.5, 13.75, 10.75, 14.5], "texture": "#3"},
				"east": {"uv": [6.25, 9.75, 8.75, 10.5], "texture": "#3"},
				"south": {"uv": [10.75, 13.75, 11, 14.5], "texture": "#3"},
				"west": {"uv": [2.5, 10.25, 5, 11], "texture": "#3"},
				"up": {"uv": [5.25, 15, 5, 12.5], "texture": "#3"},
				"down": {"uv": [2, 13, 1.75, 15.5], "texture": "#3"}
			}
		},
		{
			"from": [4, 18, 16.25],
			"to": [15, 19.75, 17],
			"rotation": {"angle": 22.5, "axis": "x", "origin": [0, 0, 0]},
			"faces": {
				"north": {"uv": [11, 2.25, 13.75, 2.75], "texture": "#3"},
				"east": {"uv": [8.5, 10.5, 8.75, 11], "texture": "#3"},
				"south": {"uv": [7.25, 11, 10, 11.5], "texture": "#3"},
				"west": {"uv": [14, 11.75, 14.25, 12.25], "texture": "#3"},
				"up": {"uv": [15.5, 5.5, 12.75, 5.25], "texture": "#3"},
				"down": {"uv": [15.5, 5.5, 12.75, 5.75], "texture": "#3"}
			}
		},
		{
			"from": [14.25, 18.25, 7],
			"to": [15.5, 20.75, 16.75],
			"rotation": {"angle": 22.5, "axis": "x", "origin": [0, 0, 0]},
			"faces": {
				"north": {"uv": [11, 13.75, 11.25, 14.5], "texture": "#3"},
				"east": {"uv": [8.75, 10.25, 11.25, 11], "texture": "#3"},
				"south": {"uv": [14, 8, 14.25, 8.75], "texture": "#3"},
				"west": {"uv": [0, 10.5, 2.5, 11.25], "texture": "#3"},
				"up": {"uv": [2.25, 15.5, 2, 13], "texture": "#3"},
				"down": {"uv": [2.5, 13, 2.25, 15.5], "texture": "#3"}
			}
		},
		{
			"from": [3.5, 18.2, 6.25],
			"to": [15.5, 20.75, 7],
			"rotation": {"angle": 22.5, "axis": "x", "origin": [0, 0, 0]},
			"faces": {
				"north": {"uv": [7.75, 3, 10.75, 3.75], "texture": "#3"},
				"east": {"uv": [8.25, 14, 8.5, 14.75], "texture": "#3"},
				"south": {"uv": [7.75, 3.75, 10.75, 4.5], "texture": "#3"},
				"west": {"uv": [8.5, 14, 8.75, 14.75], "texture": "#3"},
				"up": {"uv": [12.75, 12.75, 9.75, 12.5], "texture": "#3"},
				"down": {"uv": [15.75, 4.5, 12.75, 4.75], "texture": "#3"}
			}
		},
		{
			"from": [5, 19.5, 16.75],
			"to": [14, 20.75, 19.25],
			"rotation": {"angle": 22.5, "axis": "x", "origin": [0, 0, 0]},
			"faces": {
				"north": {"uv": [12.75, 12.25, 15, 12.5], "texture": "#3"},
				"east": {"uv": [3.5, 11.75, 4.25, 12], "texture": "#3"},
				"south": {"uv": [12.75, 12.5, 15, 12.75], "texture": "#3"},
				"west": {"uv": [13.75, 4.25, 14.5, 4.5], "texture": "#3"},
				"up": {"uv": [7.25, 11.25, 5, 10.5], "texture": "#3"},
				"down": {"uv": [13, 3, 10.75, 3.75], "texture": "#3"}
			}
		},
		{
			"from": [4.75, 20, 11],
			"to": [14.25, 21.75, 18.25],
			"rotation": {"angle": 22.5, "axis": "x", "origin": [0, 0, 0]},
			"faces": {
				"north": {"uv": [10.75, 11.75, 13.25, 12.25], "texture": "#3"},
				"east": {"uv": [12, 8, 13.75, 8.5], "texture": "#3"},
				"south": {"uv": [11.75, 10.75, 14.25, 11.25], "texture": "#3"},
				"west": {"uv": [12, 8.5, 13.75, 9], "texture": "#3"},
				"up": {"uv": [5, 1.75, 2.5, 0], "texture": "#3"},
				"down": {"uv": [5, 1.75, 2.5, 3.5], "texture": "#3"}
			}
		},
		{
			"from": [4, 19.25, 11],
			"to": [4.75, 21.75, 18.25],
			"rotation": {"angle": 22.5, "axis": "x", "origin": [0, 0, 0]},
			"faces": {
				"north": {"uv": [8.75, 14, 9, 14.75], "texture": "#3"},
				"east": {"uv": [2.5, 11, 4.25, 11.75], "texture": "#3"},
				"south": {"uv": [9, 14, 9.25, 14.75], "texture": "#3"},
				"west": {"uv": [10, 11, 11.75, 11.75], "texture": "#3"},
				"up": {"uv": [5.5, 10.5, 5.25, 8.75], "texture": "#3"},
				"down": {"uv": [3.5, 13, 3.25, 14.75], "texture": "#3"}
			}
		},
		{
			"from": [14.25, 19.25, 11],
			"to": [15, 21.75, 18.25],
			"rotation": {"angle": 22.5, "axis": "x", "origin": [0, 0, 0]},
			"faces": {
				"north": {"uv": [9.25, 14, 9.5, 14.75], "texture": "#3"},
				"east": {"uv": [0, 11.25, 1.75, 12], "texture": "#3"},
				"south": {"uv": [9.5, 14, 9.75, 14.75], "texture": "#3"},
				"west": {"uv": [4.25, 11.25, 6, 12], "texture": "#3"},
				"up": {"uv": [0.25, 15, 0, 13.25], "texture": "#3"},
				"down": {"uv": [0.5, 13.25, 0.25, 15], "texture": "#3"}
			}
		},
		{
			"from": [4, 19, 10.25],
			"to": [15, 21.75, 11],
			"rotation": {"angle": 22.5, "axis": "x", "origin": [0, 0, 0]},
			"faces": {
				"north": {"uv": [8.25, 2.25, 11, 3], "texture": "#3"},
				"east": {"uv": [14, 9.75, 14.25, 10.5], "texture": "#3"},
				"south": {"uv": [8.5, 6.5, 11.25, 7.25], "texture": "#3"},
				"west": {"uv": [11.25, 14, 11.5, 14.75], "texture": "#3"},
				"up": {"uv": [15.5, 6, 12.75, 5.75], "texture": "#3"},
				"down": {"uv": [15.5, 6, 12.75, 6.25], "texture": "#3"}
			}
		},
		{
			"from": [5.5, -14, 23.25],
			"to": [13.5, -13.25, 24.5],
			"rotation": {"angle": -45, "axis": "x", "origin": [0, 0, 0]},
			"faces": {
				"north": {"uv": [13.25, 0, 15.25, 0.25], "texture": "#3"},
				"east": {"uv": [3, 8, 3.25, 8.25], "texture": "#3"},
				"south": {"uv": [13.25, 0.25, 15.25, 0.5], "texture": "#3"},
				"west": {"uv": [5, 10.25, 5.25, 10.5], "texture": "#3"},
				"up": {"uv": [15.25, 0.75, 13.25, 0.5], "texture": "#3"},
				"down": {"uv": [11.75, 13.25, 9.75, 13.5], "texture": "#3"}
			}
		},
		{
			"from": [5.75, -13.25, 22.75],
			"to": [13.25, -6, 25.75],
			"rotation": {"angle": -45, "axis": "x", "origin": [0, 0, 0]},
			"faces": {
				"north": {"uv": [0, 3.5, 2, 5.25], "texture": "#3"},
				"east": {"uv": [1.75, 11.25, 2.5, 13], "texture": "#3"},
				"south": {"uv": [2, 3.5, 4, 5.25], "texture": "#3"},
				"west": {"uv": [6, 11.25, 6.75, 13], "texture": "#3"},
				"up": {"uv": [13, 1.5, 11, 0.75], "texture": "#3"},
				"down": {"uv": [13, 1.5, 11, 2.25], "texture": "#3"}
			}
		},
		{
			"from": [5, -13.25, 23.25],
			"to": [5.75, -6, 25.75],
			"rotation": {"angle": -45, "axis": "x", "origin": [0, 0, 0]},
			"faces": {
				"north": {"uv": [0.5, 13.25, 0.75, 15], "texture": "#3"},
				"east": {"uv": [11.25, 8, 12, 9.75], "texture": "#3"},
				"south": {"uv": [0.75, 13.25, 1, 15], "texture": "#3"},
				"west": {"uv": [11.5, 4.5, 12.25, 6.25], "texture": "#3"},
				"up": {"uv": [11.75, 14.75, 11.5, 14], "texture": "#3"},
				"down": {"uv": [12, 14, 11.75, 14.75], "texture": "#3"}
			}
		},
		{
			"from": [13.25, -13.25, 23.25],
			"to": [14, -6, 25.75],
			"rotation": {"angle": -45, "axis": "x", "origin": [0, 0, 0]},
			"faces": {
				"north": {"uv": [6.75, 13.25, 7, 15], "texture": "#3"},
				"east": {"uv": [6.75, 11.5, 7.5, 13.25], "texture": "#3"},
				"south": {"uv": [7, 13.25, 7.25, 15], "texture": "#3"},
				"west": {"uv": [7.5, 11.5, 8.25, 13.25], "texture": "#3"},
				"up": {"uv": [12.25, 14.75, 12, 14], "texture": "#3"},
				"down": {"uv": [12.5, 14, 12.25, 14.75], "texture": "#3"}
			}
		},
		{
			"from": [6.5, -8, 25.75],
			"to": [12.5, -7.25, 26.5],
			"rotation": {"angle": -22.5, "axis": "x", "origin": [0, 0, 0]},
			"faces": {
				"north": {"uv": [8.25, 11.5, 9.75, 11.75], "texture": "#3"},
				"east": {"uv": [11.25, 5.75, 11.5, 6], "texture": "#3"},
				"south": {"uv": [12.75, 13.25, 14.25, 13.5], "texture": "#3"},
				"west": {"uv": [9.75, 11.5, 10, 11.75], "texture": "#3"},
				"up": {"uv": [11.25, 13.75, 9.75, 13.5], "texture": "#3"},
				"down": {"uv": [15, 11.25, 13.5, 11.5], "texture": "#3"}
			}
		},
		{
			"from": [7, -7.25, 25.75],
			"to": [12, 0, 27.75],
			"rotation": {"angle": -22.5, "axis": "x", "origin": [0, 0, 0]},
			"faces": {
				"north": {"uv": [6.25, 8, 7.5, 9.75], "texture": "#3"},
				"east": {"uv": [1, 12, 1.5, 13.75], "texture": "#3"},
				"south": {"uv": [7.5, 8, 8.75, 9.75], "texture": "#3"},
				"west": {"uv": [5.25, 12, 5.75, 13.75], "texture": "#3"},
				"up": {"uv": [4, 8.75, 2.75, 8.25], "texture": "#3"},
				"down": {"uv": [8.5, 10.5, 7.25, 11], "texture": "#3"}
			}
		},
		{
			"from": [6.25, -7.25, 26],
			"to": [7, 0, 27.75],
			"rotation": {"angle": -22.5, "axis": "x", "origin": [0, 0, 0]},
			"faces": {
				"north": {"uv": [7.25, 13.25, 7.5, 15], "texture": "#3"},
				"east": {"uv": [12.25, 4.5, 12.75, 6.25], "texture": "#3"},
				"south": {"uv": [7.5, 13.25, 7.75, 15], "texture": "#3"},
				"west": {"uv": [8.25, 12.25, 8.75, 14], "texture": "#3"},
				"up": {"uv": [12.75, 14.5, 12.5, 14], "texture": "#3"},
				"down": {"uv": [13, 14, 12.75, 14.5], "texture": "#3"}
			}
		},
		{
			"from": [12, -7.25, 26],
			"to": [12.75, 0, 27.75],
			"rotation": {"angle": -22.5, "axis": "x", "origin": [0, 0, 0]},
			"faces": {
				"north": {"uv": [7.75, 13.25, 8, 15], "texture": "#3"},
				"east": {"uv": [8.75, 12.25, 9.25, 14], "texture": "#3"},
				"south": {"uv": [8, 13.25, 8.25, 15], "texture": "#3"},
				"west": {"uv": [9.25, 12.25, 9.75, 14], "texture": "#3"},
				"up": {"uv": [13.25, 14.5, 13, 14], "texture": "#3"},
				"down": {"uv": [13.5, 14, 13.25, 14.5], "texture": "#3"}
			}
		},
		{
			"from": [5.25, 0, 25],
			"to": [13.75, 0.75, 27.75],
			"rotation": {"angle": -22.5, "axis": "x", "origin": [0, 0, 0]},
			"faces": {
				"north": {"uv": [9.75, 13, 12, 13.25], "texture": "#3"},
				"east": {"uv": [13.75, 6.5, 14.5, 6.75], "texture": "#3"},
				"south": {"uv": [12, 13, 14.25, 13.25], "texture": "#3"},
				"west": {"uv": [13.75, 6.75, 14.5, 7], "texture": "#3"},
				"up": {"uv": [13, 4.5, 10.75, 3.75], "texture": "#3"},
				"down": {"uv": [13.25, 0, 11, 0.75], "texture": "#3"}
			}
		},
		{
			"from": [7.75, -1, 26.75],
			"to": [11.25, -0.25, 27.5],
			"faces": {
				"north": {"uv": [13.5, 11.5, 14.5, 11.75], "texture": "#3"},
				"east": {"uv": [1, 14.25, 1.25, 14.5], "texture": "#3"},
				"south": {"uv": [13.75, 3, 14.75, 3.25], "texture": "#3"},
				"west": {"uv": [1.25, 14.25, 1.5, 14.5], "texture": "#3"},
				"up": {"uv": [14.75, 3.5, 13.75, 3.25], "texture": "#3"},
				"down": {"uv": [14.75, 3.5, 13.75, 3.75], "texture": "#3"}
			}
		},
		{
			"from": [7.5, -0.5, 26.75],
			"to": [11.5, 4, 28],
			"faces": {
				"north": {"uv": [2.5, 11.75, 3.5, 13], "texture": "#3"},
				"east": {"uv": [3, 6.75, 3.25, 8], "texture": "#3"},
				"south": {"uv": [0, 12, 1, 13.25], "texture": "#3"},
				"west": {"uv": [11.25, 4.5, 11.5, 5.75], "texture": "#3"},
				"up": {"uv": [14.75, 4, 13.75, 3.75], "texture": "#3"},
				"down": {"uv": [14.75, 4, 13.75, 4.25], "texture": "#3"}
			}
		},
		{
			"from": [8.75, -2.75, 28.25],
			"to": [10.25, -2, 29],
			"faces": {
				"north": {"uv": [6.75, 11.25, 7.25, 11.5], "texture": "#3"},
				"east": {"uv": [14.25, 1.25, 14.5, 1.5], "texture": "#3"},
				"south": {"uv": [11.25, 7, 11.75, 7.25], "texture": "#3"},
				"west": {"uv": [14.25, 1.5, 14.5, 1.75], "texture": "#3"},
				"up": {"uv": [11.75, 11, 11.25, 10.75], "texture": "#3"},
				"down": {"uv": [14, 14, 13.5, 14.25], "texture": "#3"}
			}
		},
		{
			"from": [8.25, -2, 27.5],
			"to": [10.75, 0, 28.5],
			"faces": {
				"north": {"uv": [12.75, 13.5, 13.5, 14], "texture": "#3"},
				"east": {"uv": [14, 14, 14.25, 14.5], "texture": "#3"},
				"south": {"uv": [13.5, 13.5, 14.25, 14], "texture": "#3"},
				"west": {"uv": [14.25, 0.75, 14.5, 1.25], "texture": "#3"},
				"up": {"uv": [14.5, 9, 13.75, 8.75], "texture": "#3"},
				"down": {"uv": [14.5, 10.5, 13.75, 10.75], "texture": "#3"}
			}
		},
		{
			"from": [9, -3, 29],
			"to": [10, -2.5, 30.25],
			"faces": {
				"north": {"uv": [14.25, 1.75, 14.5, 2], "texture": "#3"},
				"east": {"uv": [14.25, 2, 14.5, 2.25], "texture": "#3"},
				"south": {"uv": [14.25, 2.25, 14.5, 2.5], "texture": "#3"},
				"west": {"uv": [14.25, 2.5, 14.5, 2.75], "texture": "#3"},
				"up": {"uv": [14.5, 3, 14.25, 2.75], "texture": "#3"},
				"down": {"uv": [14.5, 7, 14.25, 7.25], "texture": "#3"}
			}
		}
	],
	"display": {
		"head": {
			"rotation": [96.5, -84.48, 97.15],
			"translation": [5.75, 6.25, -0.75]
		}
	},
	"groups": [
		{
			"name": "all",
			"origin": [-1.5, 8.5, 6.5],
			"color": 0,
			"children": [
				{
					"name": "base",
					"origin": [-1.5, 8.5, 6.5],
					"color": 9,
					"children": [
						0,
						1,
						2,
						3,
						{
							"name": "t9",
							"origin": [0, 0, 0],
							"color": 0,
							"children": [4]
						}
					]
				},
				{
					"name": "blue",
					"origin": [0, 0, 0],
					"color": 0,
					"children": [
						{
							"name": "t1",
							"origin": [0, 0, 0],
							"color": 0,
							"children": [5, 6, 7, 8]
						},
						{
							"name": "t2",
							"origin": [0, 0, 0],
							"color": 0,
							"children": [9, 10, 11, 12, 13]
						},
						{
							"name": "t3",
							"origin": [0, 0, 0],
							"color": 0,
							"children": [14, 15, 16, 17, 18, 19]
						},
						{
							"name": "t4",
							"origin": [0, 0, 0],
							"color": 0,
							"children": [20, 21, 22, 23, 24]
						},
						{
							"name": "t5",
							"origin": [0, 0, 0],
							"color": 0,
							"children": [25, 26, 27, 28]
						},
						{
							"name": "t6",
							"origin": [0, 0, 0],
							"color": 0,
							"children": [29, 30, 31, 32, 33]
						},
						{
							"name": "t7",
							"origin": [0, 0, 0],
							"color": 0,
							"children": [34, 35]
						},
						{
							"name": "t8",
							"origin": [0, 0, 0],
							"color": 0,
							"children": [36, 37, 38]
						}
					]
				}
			]
		}
	]
}