{
	"credit": "Made with Blockbench",
	"texture_size": [64, 64],
	"textures": {
		"3": "item/allgold2"
	},
	"elements": [
		{
			"from": [9.45, 13.2, 5],
			"to": [10.25, 19.35, 6],
			"rotation": {"angle": -22.5, "axis": "z", "origin": [6.6, -0.2, 1]},
			"faces": {
				"north": {"uv": [1.5, 9, 1.75, 10.5], "texture": "#3"},
				"east": {"uv": [1.75, 9, 2, 10.5], "texture": "#3"},
				"south": {"uv": [2, 9, 2.25, 10.5], "texture": "#3"},
				"west": {"uv": [2.25, 9, 2.5, 10.5], "texture": "#3"},
				"up": {"uv": [10.5, 8.25, 10.25, 8], "texture": "#3"},
				"down": {"uv": [8.5, 10.25, 8.25, 10.5], "texture": "#3"}
			}
		},
		{
			"from": [8.45, 10.8, 5.025],
			"to": [9.45, 18.525, 5.9],
			"rotation": {"angle": -22.5, "axis": "z", "origin": [6.6, -0.2, 1]},
			"faces": {
				"north": {"uv": [1.5, 7, 1.75, 9], "texture": "#3"},
				"east": {"uv": [1.75, 7, 2, 9], "texture": "#3"},
				"south": {"uv": [2, 7, 2.25, 9], "texture": "#3"},
				"west": {"uv": [2.25, 7, 2.5, 9], "texture": "#3"},
				"up": {"uv": [10.5, 8.5, 10.25, 8.25], "texture": "#3"},
				"down": {"uv": [10.5, 8.5, 10.25, 8.75], "texture": "#3"}
			}
		},
		{
			"from": [15.75, 11.05, 5],
			"to": [23, 11.75, 6],
			"rotation": {"angle": 22.5, "axis": "z", "origin": [6.6, -0.2, 1]},
			"faces": {
				"north": {"uv": [7.75, 2.5, 9.5, 2.75], "texture": "#3"},
				"east": {"uv": [10.25, 8.75, 10.5, 9], "texture": "#3"},
				"south": {"uv": [7.75, 2.75, 9.5, 3], "texture": "#3"},
				"west": {"uv": [10.25, 9, 10.5, 9.25], "texture": "#3"},
				"up": {"uv": [4.5, 8.25, 2.75, 8], "texture": "#3"},
				"down": {"uv": [9.75, 4, 8, 4.25], "texture": "#3"}
			}
		},
		{
			"from": [13.45, 9.25, 5.1],
			"to": [21.15, 11.05, 5.9],
			"rotation": {"angle": 22.5, "axis": "z", "origin": [6.6, -0.2, 1]},
			"faces": {
				"north": {"uv": [6.25, 3, 8.25, 3.5], "texture": "#3"},
				"east": {"uv": [3, 6.5, 3.25, 7], "texture": "#3"},
				"south": {"uv": [6.25, 3.5, 8.25, 4], "texture": "#3"},
				"west": {"uv": [3, 7, 3.25, 7.5], "texture": "#3"},
				"up": {"uv": [9.75, 2.25, 7.75, 2], "texture": "#3"},
				"down": {"uv": [9.75, 2.25, 7.75, 2.5], "texture": "#3"}
			}
		},
		{
			"from": [5.75, 13.175, 5],
			"to": [6.55, 19.35, 6],
			"shade": false,
			"rotation": {"angle": 22.5, "axis": "z", "origin": [9.4, -0.2, 1]},
			"faces": {
				"north": {"uv": [9.25, 0.25, 9.5, 1.75], "texture": "#3"},
				"east": {"uv": [2.75, 9.25, 3, 10.75], "texture": "#3"},
				"south": {"uv": [3, 9.25, 3.25, 10.75], "texture": "#3"},
				"west": {"uv": [3.25, 9.25, 3.5, 10.75], "texture": "#3"},
				"up": {"uv": [10.5, 10.25, 10.25, 10], "texture": "#3"},
				"down": {"uv": [10.5, 10.25, 10.25, 10.5], "texture": "#3"}
			}
		},
		{
			"from": [6.55, 10.675, 5.05],
			"to": [7.55, 18.525, 5.925],
			"shade": false,
			"rotation": {"angle": 22.5, "axis": "z", "origin": [9.4, -0.2, 1]},
			"faces": {
				"north": {"uv": [6, 7.5, 6.25, 9.5], "texture": "#3"},
				"east": {"uv": [6.25, 7.75, 6.5, 9.75], "texture": "#3"},
				"south": {"uv": [6.5, 7.75, 6.75, 9.75], "texture": "#3"},
				"west": {"uv": [2.5, 8, 2.75, 10], "texture": "#3"},
				"up": {"uv": [1.75, 10.75, 1.5, 10.5], "texture": "#3"},
				"down": {"uv": [2, 10.5, 1.75, 10.75], "texture": "#3"}
			}
		},
		{
			"from": [-7, 11.05, 5],
			"to": [-0.65, 11.75, 6],
			"shade": false,
			"rotation": {"angle": -22.5, "axis": "z", "origin": [9.4, -0.2, 1]},
			"faces": {
				"north": {"uv": [9.25, 1.75, 10.75, 2], "texture": "#3"},
				"east": {"uv": [2, 10.5, 2.25, 10.75], "texture": "#3"},
				"south": {"uv": [8.5, 9.25, 10, 9.5], "texture": "#3"},
				"west": {"uv": [2.25, 10.5, 2.5, 10.75], "texture": "#3"},
				"up": {"uv": [11, 0.5, 9.5, 0.25], "texture": "#3"},
				"down": {"uv": [11, 0.5, 9.5, 0.75], "texture": "#3"}
			}
		},
		{
			"from": [-5.15, 9.25, 5.075],
			"to": [0.7, 11.05, 5.9],
			"shade": false,
			"rotation": {"angle": -22.5, "axis": "z", "origin": [9.4, -0.2, 1]},
			"faces": {
				"north": {"uv": [1, 6.5, 2.5, 7], "texture": "#3"},
				"east": {"uv": [1, 10.25, 1.25, 10.75], "texture": "#3"},
				"south": {"uv": [6.75, 6.5, 8.25, 7], "texture": "#3"},
				"west": {"uv": [1.25, 10.25, 1.5, 10.75], "texture": "#3"},
				"up": {"uv": [11, 1, 9.5, 0.75], "texture": "#3"},
				"down": {"uv": [11, 1, 9.5, 1.25], "texture": "#3"}
			}
		},
		{
			"from": [5.75, -3.35, 5],
			"to": [6.55, 3.525, 6],
			"shade": false,
			"rotation": {"angle": -22.5, "axis": "z", "origin": [9.4, 16.2, 1]},
			"faces": {
				"north": {"uv": [8, 4.25, 8.25, 6], "texture": "#3"},
				"east": {"uv": [4.5, 8, 4.75, 9.75], "texture": "#3"},
				"south": {"uv": [4.75, 8, 5, 9.75], "texture": "#3"},
				"west": {"uv": [5, 8, 5.25, 9.75], "texture": "#3"},
				"up": {"uv": [10.75, 4.5, 10.5, 4.25], "texture": "#3"},
				"down": {"uv": [10.75, 4.5, 10.5, 4.75], "texture": "#3"}
			}
		},
		{
			"from": [6.55, -2.525, 5.1],
			"to": [7.55, 3.525, 5.9],
			"shade": false,
			"rotation": {"angle": -22.5, "axis": "z", "origin": [9.4, 16.2, 1]},
			"faces": {
				"north": {"uv": [3.5, 9.25, 3.75, 10.75], "texture": "#3"},
				"east": {"uv": [3.75, 9.25, 4, 10.75], "texture": "#3"},
				"south": {"uv": [4, 9.25, 4.25, 10.75], "texture": "#3"},
				"west": {"uv": [4.25, 9.25, 4.5, 10.75], "texture": "#3"},
				"up": {"uv": [10.75, 5, 10.5, 4.75], "texture": "#3"},
				"down": {"uv": [5.25, 10.5, 5, 10.75], "texture": "#3"}
			}
		},
		{
			"from": [-7, 4.25, 5],
			"to": [3.35, 4.95, 6],
			"shade": false,
			"rotation": {"angle": 22.5, "axis": "z", "origin": [9.4, 16.2, 1]},
			"faces": {
				"north": {"uv": [6.75, 8, 8.5, 8.25], "texture": "#3"},
				"east": {"uv": [10.5, 5, 10.75, 5.25], "texture": "#3"},
				"south": {"uv": [2.75, 8.25, 4.5, 8.5], "texture": "#3"},
				"west": {"uv": [5.25, 10.5, 5.5, 10.75], "texture": "#3"},
				"up": {"uv": [10, 3.25, 8.25, 3], "texture": "#3"},
				"down": {"uv": [10, 3.25, 8.25, 3.5], "texture": "#3"}
			}
		},
		{
			"from": [-4.95, 4.95, 5.125],
			"to": [3.65, 7.05, 5.9],
			"shade": false,
			"rotation": {"angle": 22.5, "axis": "z", "origin": [9.4, 16.2, 1]},
			"faces": {
				"north": {"uv": [6.25, 4, 8, 4.5], "texture": "#3"},
				"east": {"uv": [10.25, 4.25, 10.5, 4.75], "texture": "#3"},
				"south": {"uv": [6.25, 4.5, 8, 5], "texture": "#3"},
				"west": {"uv": [4.5, 10.25, 4.75, 10.75], "texture": "#3"},
				"up": {"uv": [10, 3.75, 8.25, 3.5], "texture": "#3"},
				"down": {"uv": [10, 3.75, 8.25, 4], "texture": "#3"}
			}
		},
		{
			"from": [9.45, -3.35, 5],
			"to": [10.25, 3.525, 6],
			"rotation": {"angle": 22.5, "axis": "z", "origin": [6.6, 16.2, 1]},
			"faces": {
				"north": {"uv": [5.25, 8, 5.5, 9.75], "texture": "#3"},
				"east": {"uv": [5.5, 8, 5.75, 9.75], "texture": "#3"},
				"south": {"uv": [5.75, 8, 6, 9.75], "texture": "#3"},
				"west": {"uv": [0, 8.25, 0.25, 10], "texture": "#3"},
				"up": {"uv": [5.75, 10.75, 5.5, 10.5], "texture": "#3"},
				"down": {"uv": [6, 10.5, 5.75, 10.75], "texture": "#3"}
			}
		},
		{
			"from": [8.45, -2.525, 5.15],
			"to": [9.45, 3.6, 5.9],
			"rotation": {"angle": 22.5, "axis": "z", "origin": [6.6, 16.2, 1]},
			"faces": {
				"north": {"uv": [6, 9.5, 6.25, 11], "texture": "#3"},
				"east": {"uv": [8.5, 9.5, 8.75, 11], "texture": "#3"},
				"south": {"uv": [8.75, 9.5, 9, 11], "texture": "#3"},
				"west": {"uv": [9, 9.5, 9.25, 11], "texture": "#3"},
				"up": {"uv": [10.75, 6.25, 10.5, 6], "texture": "#3"},
				"down": {"uv": [10.75, 6.25, 10.5, 6.5], "texture": "#3"}
			}
		},
		{
			"from": [12.95, 4.25, 5],
			"to": [23, 4.95, 6],
			"rotation": {"angle": -22.5, "axis": "z", "origin": [6.6, 16.2, 1]},
			"faces": {
				"north": {"uv": [8.25, 4.25, 10, 4.5], "texture": "#3"},
				"east": {"uv": [10.5, 6.5, 10.75, 6.75], "texture": "#3"},
				"south": {"uv": [8.25, 4.5, 10, 4.75], "texture": "#3"},
				"west": {"uv": [10.5, 6.75, 10.75, 7], "texture": "#3"},
				"up": {"uv": [10, 5, 8.25, 4.75], "texture": "#3"},
				"down": {"uv": [10, 5, 8.25, 5.25], "texture": "#3"}
			}
		},
		{
			"from": [12.275, 4.95, 5.175],
			"to": [20.875, 7.05, 5.9],
			"rotation": {"angle": -22.5, "axis": "z", "origin": [6.6, 16.2, 1]},
			"faces": {
				"north": {"uv": [6.25, 5, 8, 5.5], "texture": "#3"},
				"east": {"uv": [4.75, 10.25, 5, 10.75], "texture": "#3"},
				"south": {"uv": [6.25, 5.5, 8, 6], "texture": "#3"},
				"west": {"uv": [10.25, 4.75, 10.5, 5.25], "texture": "#3"},
				"up": {"uv": [10, 5.5, 8.25, 5.25], "texture": "#3"},
				"down": {"uv": [10, 5.5, 8.25, 5.75], "texture": "#3"}
			}
		},
		{
			"from": [15.35, 13.35, 5],
			"to": [16.15, 20.35, 6],
			"rotation": {"angle": 22.5, "axis": "z", "origin": [12.5, 0.8, 1]},
			"faces": {
				"north": {"uv": [0.25, 8.25, 0.5, 10], "texture": "#3"},
				"east": {"uv": [6.75, 8.25, 7, 10], "texture": "#3"},
				"south": {"uv": [7, 8.25, 7.25, 10], "texture": "#3"},
				"west": {"uv": [7.25, 8.25, 7.5, 10], "texture": "#3"},
				"up": {"uv": [10.75, 7.25, 10.5, 7], "texture": "#3"},
				"down": {"uv": [10.75, 7.25, 10.5, 7.5], "texture": "#3"}
			}
		},
		{
			"from": [-0.75, 13.45, 5],
			"to": [0.55, 20.75, 6],
			"rotation": {"angle": -22.5, "axis": "z", "origin": [3.3, 0.8, 1]},
			"faces": {
				"north": {"uv": [7.5, 8.25, 7.75, 10], "texture": "#3"},
				"east": {"uv": [7.75, 8.25, 8, 10], "texture": "#3"},
				"south": {"uv": [8, 8.25, 8.25, 10], "texture": "#3"},
				"west": {"uv": [8.25, 8.25, 8.5, 10], "texture": "#3"},
				"up": {"uv": [10.75, 8.25, 10.5, 8], "texture": "#3"},
				"down": {"uv": [8.5, 10.5, 8.25, 10.75], "texture": "#3"}
			}
		},
		{
			"from": [13.55, 13.3, 5.075],
			"to": [15.35, 19.525, 5.9],
			"rotation": {"angle": 22.5, "axis": "z", "origin": [12.5, 0.8, 1]},
			"faces": {
				"north": {"uv": [2.5, 6.5, 3, 8], "texture": "#3"},
				"east": {"uv": [9.25, 9.5, 9.5, 11], "texture": "#3"},
				"south": {"uv": [1, 7, 1.5, 8.5], "texture": "#3"},
				"west": {"uv": [9.5, 9.5, 9.75, 11], "texture": "#3"},
				"up": {"uv": [5.5, 10.5, 5, 10.25], "texture": "#3"},
				"down": {"uv": [10.75, 5.25, 10.25, 5.5], "texture": "#3"}
			}
		},
		{
			"from": [1.25, 8.15, 5.175],
			"to": [3.05, 15.35, 5.9],
			"rotation": {"angle": -22.5, "axis": "z", "origin": [12.5, 0.8, 1]},
			"faces": {
				"north": {"uv": [6.25, 6, 6.75, 7.75], "texture": "#3"},
				"east": {"uv": [1, 8.5, 1.25, 10.25], "texture": "#3"},
				"south": {"uv": [0, 6.5, 0.5, 8.25], "texture": "#3"},
				"west": {"uv": [1.25, 8.5, 1.5, 10.25], "texture": "#3"},
				"up": {"uv": [6, 10.5, 5.5, 10.25], "texture": "#3"},
				"down": {"uv": [10.75, 5.5, 10.25, 5.75], "texture": "#3"}
			}
		},
		{
			"from": [-4.95, 15.35, 5],
			"to": [2.075, 16.15, 6],
			"rotation": {"angle": 22.5, "axis": "z", "origin": [14.6, 12.5, 1]},
			"faces": {
				"north": {"uv": [8.25, 5.75, 10, 6], "texture": "#3"},
				"east": {"uv": [10.5, 8.25, 10.75, 8.5], "texture": "#3"},
				"south": {"uv": [8.25, 6.5, 10, 6.75], "texture": "#3"},
				"west": {"uv": [10.5, 8.5, 10.75, 8.75], "texture": "#3"},
				"up": {"uv": [10, 7, 8.25, 6.75], "texture": "#3"},
				"down": {"uv": [10, 7, 8.25, 7.25], "texture": "#3"}
			}
		},
		{
			"from": [-5.35, -0.75, 5],
			"to": [1.25, 0.55, 6],
			"shade": false,
			"rotation": {"angle": -22.5, "axis": "z", "origin": [14.6, 3.3, 1]},
			"faces": {
				"north": {"uv": [8.25, 7.25, 10, 7.5], "texture": "#3"},
				"east": {"uv": [10.5, 8.75, 10.75, 9], "texture": "#3"},
				"south": {"uv": [8.25, 7.5, 10, 7.75], "texture": "#3"},
				"west": {"uv": [10.5, 9, 10.75, 9.25], "texture": "#3"},
				"up": {"uv": [10, 8, 8.25, 7.75], "texture": "#3"},
				"down": {"uv": [4.5, 8.5, 2.75, 8.75], "texture": "#3"}
			}
		},
		{
			"from": [-4.125, 13.65, 5.075],
			"to": [2.125, 15.35, 5.9],
			"rotation": {"angle": 22.5, "axis": "z", "origin": [14.6, 12.5, 1]},
			"faces": {
				"north": {"uv": [6.75, 7, 8.25, 7.5], "texture": "#3"},
				"east": {"uv": [10.25, 6, 10.5, 6.5], "texture": "#3"},
				"south": {"uv": [3, 7.5, 4.5, 8], "texture": "#3"},
				"west": {"uv": [10.25, 6.5, 10.5, 7], "texture": "#3"},
				"up": {"uv": [11, 1.5, 9.5, 1.25], "texture": "#3"},
				"down": {"uv": [11, 1.5, 9.5, 1.75], "texture": "#3"}
			}
		},
		{
			"from": [0.05, 1.25, 5.175],
			"to": [6.525, 3.05, 5.9],
			"rotation": {"angle": -22.5, "axis": "z", "origin": [14.6, 12.5, 1]},
			"faces": {
				"north": {"uv": [4.5, 7.5, 6, 8], "texture": "#3"},
				"east": {"uv": [7, 10.25, 7.25, 10.75], "texture": "#3"},
				"south": {"uv": [6.75, 7.5, 8.25, 8], "texture": "#3"},
				"west": {"uv": [10.25, 7, 10.5, 7.5], "texture": "#3"},
				"up": {"uv": [11, 2.75, 9.5, 2.5], "texture": "#3"},
				"down": {"uv": [11, 2.75, 9.5, 3], "texture": "#3"}
			}
		},
		{
			"from": [13.9, 15.35, 5],
			"to": [20.95, 16.15, 6],
			"shade": false,
			"rotation": {"angle": -22.5, "axis": "z", "origin": [1.4, 12.5, 1]},
			"faces": {
				"north": {"uv": [8.5, 8, 10.25, 8.25], "texture": "#3"},
				"east": {"uv": [10.5, 10, 10.75, 10.25], "texture": "#3"},
				"south": {"uv": [8.5, 8.25, 10.25, 8.5], "texture": "#3"},
				"west": {"uv": [10.25, 10.5, 10.5, 10.75], "texture": "#3"},
				"up": {"uv": [10.25, 8.75, 8.5, 8.5], "texture": "#3"},
				"down": {"uv": [4.5, 8.75, 2.75, 9], "texture": "#3"}
			}
		},
		{
			"from": [14.8, -0.75, 5],
			"to": [21.35, 0.55, 6],
			"rotation": {"angle": 22.5, "axis": "z", "origin": [1.4, 3.3, 1]},
			"faces": {
				"north": {"uv": [8.5, 8.75, 10.25, 9], "texture": "#3"},
				"east": {"uv": [10.5, 10.25, 10.75, 10.5], "texture": "#3"},
				"south": {"uv": [2.75, 9, 4.5, 9.25], "texture": "#3"},
				"west": {"uv": [10.5, 10.5, 10.75, 10.75], "texture": "#3"},
				"up": {"uv": [10.25, 9.25, 8.5, 9], "texture": "#3"},
				"down": {"uv": [11, 0, 9.25, 0.25], "texture": "#3"}
			}
		},
		{
			"from": [13.875, 13.75, 5.05],
			"to": [20.125, 15.35, 5.9],
			"shade": false,
			"rotation": {"angle": -22.5, "axis": "z", "origin": [1.4, 12.5, 1]},
			"faces": {
				"north": {"uv": [7.75, 0, 9.25, 0.5], "texture": "#3"},
				"east": {"uv": [7.25, 10.25, 7.5, 10.75], "texture": "#3"},
				"south": {"uv": [7.75, 0.5, 9.25, 1], "texture": "#3"},
				"west": {"uv": [7.5, 10.25, 7.75, 10.75], "texture": "#3"},
				"up": {"uv": [11.25, 2.25, 9.75, 2], "texture": "#3"},
				"down": {"uv": [11.25, 2.25, 9.75, 2.5], "texture": "#3"}
			}
		},
		{
			"from": [9.45, 1.25, 5.15],
			"to": [15.95, 3.05, 5.9],
			"shade": false,
			"rotation": {"angle": 22.5, "axis": "z", "origin": [1.4, 12.5, 1]},
			"faces": {
				"north": {"uv": [7.75, 1, 9.25, 1.5], "texture": "#3"},
				"east": {"uv": [7.75, 10.25, 8, 10.75], "texture": "#3"},
				"south": {"uv": [7.75, 1.5, 9.25, 2], "texture": "#3"},
				"west": {"uv": [8, 10.25, 8.25, 10.75], "texture": "#3"},
				"up": {"uv": [11.25, 4.25, 9.75, 4], "texture": "#3"},
				"down": {"uv": [6, 9.75, 4.5, 10], "texture": "#3"}
			}
		},
		{
			"from": [9.7, 1.1, 5.6],
			"to": [19.8, 11.7, 6.6],
			"rotation": {"angle": 45, "axis": "z", "origin": [7, 0, 0]},
			"faces": {
				"north": {"uv": [0, 0, 3.25, 3.25], "texture": "#3"},
				"east": {"uv": [0.5, 6.5, 0.75, 9.75], "texture": "#3"},
				"south": {"uv": [0, 3.25, 3.25, 6.5], "texture": "#3"},
				"west": {"uv": [0.75, 6.5, 1, 9.75], "texture": "#3"},
				"up": {"uv": [10, 6.25, 6.75, 6], "texture": "#3"},
				"down": {"uv": [10, 6.25, 6.75, 6.5], "texture": "#3"}
			}
		},
		{
			"from": [6.5, 9.2, 6.1],
			"to": [12.5, 15.2, 7.1],
			"shade": false,
			"rotation": {"angle": -22.5, "axis": "z", "origin": [9, 23, 1]},
			"faces": {
				"north": {"uv": [3.25, 0, 4.75, 1.5], "texture": "#3"},
				"east": {"uv": [0.5, 9.75, 0.75, 11.25], "texture": "#3"},
				"south": {"uv": [3.25, 1.5, 4.75, 3], "texture": "#3"},
				"west": {"uv": [0.75, 9.75, 1, 11.25], "texture": "#3"},
				"up": {"uv": [11.25, 9.75, 9.75, 9.5], "texture": "#3"},
				"down": {"uv": [11.25, 9.75, 9.75, 10], "texture": "#3"}
			}
		},
		{
			"from": [6, 8.9, 6.1],
			"to": [12, 14.9, 7.2],
			"rotation": {"angle": -22.5, "axis": "z", "origin": [7, 0, 1]},
			"faces": {
				"north": {"uv": [3.25, 3, 4.75, 4.5], "texture": "#3"},
				"east": {"uv": [6.25, 9.75, 6.5, 11.25], "texture": "#3"},
				"south": {"uv": [3.25, 4.5, 4.75, 6], "texture": "#3"},
				"west": {"uv": [6.5, 9.75, 6.75, 11.25], "texture": "#3"},
				"up": {"uv": [11.5, 3.25, 10, 3], "texture": "#3"},
				"down": {"uv": [11.5, 3.25, 10, 3.5], "texture": "#3"}
			}
		},
		{
			"from": [4, 8.9, 6.1],
			"to": [10, 14.9, 7.2],
			"shade": false,
			"rotation": {"angle": 22.5, "axis": "z", "origin": [9, 0, 1]},
			"faces": {
				"north": {"uv": [4.75, 0, 6.25, 1.5], "texture": "#3"},
				"east": {"uv": [0, 10, 0.25, 11.5], "texture": "#3"},
				"south": {"uv": [4.75, 1.5, 6.25, 3], "texture": "#3"},
				"west": {"uv": [0.25, 10, 0.5, 11.5], "texture": "#3"},
				"up": {"uv": [11.5, 3.75, 10, 3.5], "texture": "#3"},
				"down": {"uv": [11.5, 3.75, 10, 4], "texture": "#3"}
			}
		},
		{
			"from": [5.7, 0.6, 6.1],
			"to": [12, 6.6, 7.1],
			"rotation": {"angle": 22.5, "axis": "z", "origin": [7, 16, 1]},
			"faces": {
				"north": {"uv": [4.75, 3, 6.25, 4.5], "texture": "#3"},
				"east": {"uv": [2.5, 10, 2.75, 11.5], "texture": "#3"},
				"south": {"uv": [4.75, 4.5, 6.25, 6], "texture": "#3"},
				"west": {"uv": [10, 4.25, 10.25, 5.75], "texture": "#3"},
				"up": {"uv": [6, 10.25, 4.5, 10], "texture": "#3"},
				"down": {"uv": [11.5, 5.75, 10, 6], "texture": "#3"}
			}
		},
		{
			"from": [4, 0.7, 6.1],
			"to": [10.4, 6.7, 7.1],
			"shade": false,
			"rotation": {"angle": -22.5, "axis": "z", "origin": [9, 16, 1]},
			"faces": {
				"north": {"uv": [3.25, 6, 4.75, 7.5], "texture": "#3"},
				"east": {"uv": [10, 6, 10.25, 7.5], "texture": "#3"},
				"south": {"uv": [4.75, 6, 6.25, 7.5], "texture": "#3"},
				"west": {"uv": [6.75, 10, 7, 11.5], "texture": "#3"},
				"up": {"uv": [8.5, 10.25, 7, 10], "texture": "#3"},
				"down": {"uv": [11.5, 7.5, 10, 7.75], "texture": "#3"}
			}
		},
		{
			"from": [3, 9.2, 6.1],
			"to": [9, 15.2, 7],
			"rotation": {"angle": 22.5, "axis": "z", "origin": [7, 23, 1]},
			"faces": {
				"north": {"uv": [6.25, 0, 7.75, 1.5], "texture": "#3"},
				"east": {"uv": [9.75, 10, 10, 11.5], "texture": "#3"},
				"south": {"uv": [6.25, 1.5, 7.75, 3], "texture": "#3"},
				"west": {"uv": [10, 10, 10.25, 11.5], "texture": "#3"},
				"up": {"uv": [11.5, 8, 10, 7.75], "texture": "#3"},
				"down": {"uv": [11.5, 9.25, 10, 9.5], "texture": "#3"}
			}
		}
	],
	"display": {
		"head": {
			"translation": [0, -0.25, -1.25],
			"scale": [1.25, 1.25, 1.25]
		}
	},
	"groups": [
		{
			"name": "all",
			"origin": [8, 8, 8],
			"color": 0,
			"children": [
				{
					"name": "rays",
					"origin": [0, 24, 0],
					"color": 1,
					"children": [
						{
							"name": "1",
							"origin": [6.8, -0.2, 0],
							"color": 0,
							"children": [0, 1, 2, 3]
						},
						{
							"name": "2",
							"origin": [6.8, -0.2, 0],
							"color": 0,
							"children": [4, 5, 6, 7]
						},
						{
							"name": "3",
							"origin": [6.8, -0.2, 0],
							"color": 0,
							"children": [8, 9, 10, 11]
						},
						{
							"name": "4",
							"origin": [6.8, -0.2, 0],
							"color": 0,
							"children": [12, 13, 14, 15]
						},
						{
							"name": "5",
							"origin": [6.8, -0.2, 0],
							"color": 0,
							"children": [16, 17, 18, 19]
						},
						{
							"name": "6",
							"origin": [6.8, -0.2, 0],
							"color": 0,
							"children": [20, 21, 22, 23]
						},
						{
							"name": "7",
							"origin": [6.8, -0.2, 0],
							"color": 0,
							"children": [24, 25, 26, 27]
						}
					]
				},
				{
					"name": "backrays",
					"origin": [7, 23, 0],
					"color": 0,
					"children": [28, 29, 30, 31, 32, 33, 34]
				}
			]
		}
	]
}