{
    "name": "§1§nDimensional Jump§r",
    "description": "Teleport to the Nether or the End and back to the Overworld.",
    "badges": [
        {
            "sprite": "origins:textures/gui/badge/info.png",
            "text": "While sneaking you will teleport to the End, while not - to the Nether."
        },
        {
            "sprite": "origins:textures/gui/badge/star.png",
            "text": "You are likely to end up in a wall or void when teleporting. Use with caution."
        }
    ],
    "condition": {
        "type": "origins:and",
        "conditions": [
            {
                "type": "origins:fluid_height",
                "fluid": "minecraft:water",
                "comparison": "==",
                "compare_to": 0
            },
            {
                "inverted": true,
                "type": "origins:in_rain"
            }
        ]
    },
    "type": "origins:active_self",
    "entity_action": {
        "type": "origins:if_else_list",
        "actions": [
            {
                "condition": {
                    "type": "origins:and",
                    "conditions": [
                        {
                            "type": "origins:dimension",
                            "dimension": "minecraft:overworld"
                        },
                        {
                            "inverted": true,
                            "type": "origins:sneaking"
                        }
                    ]
                },
                "action": {
                    "type": "origins:and",
                    "actions": [
                        {
                            "type": "origins:execute_command",
                            "command": "particle totem_of_undying ~ ~ ~ 0.5 0.5 0.5 0 100"
                        },
                        {
                            "type": "origins:execute_command",
                            "command": "execute in minecraft:the_nether run tp ~ ~ ~"
                        },
                        {
                            "type": "origins:delay",
                            "action": {
                                "type": "origins:execute_command",
                                "command": "fill ~-1 ~-1 ~-1 ~1 ~1 ~1 air destroy"
                            },
                            "ticks": 20
                        }
                    ]
                }
            },
            {
                "condition": {
                    "type": "origins:and",
                    "conditions": [
                        {
                            "type": "origins:dimension",
                            "dimension": "minecraft:overworld"
                        },
                        {
                            "type": "origins:sneaking"
                        }
                    ]
                },
                "action": {
                    "type": "origins:and",
                    "actions": [
                        {
                            "type": "origins:execute_command",
                            "command": "particle totem_of_undying ~ ~ ~ 0.5 0.5 0.5 0 100"
                        },
                        {
                            "type": "origins:execute_command",
                            "command": "execute in minecraft:the_end run tp ~ ~ ~"
                        },
                        {
                            "type": "origins:delay",
                            "action": {
                                "type": "origins:execute_command",
                                "command": "spreadplayers ~ ~ 1 250 false @s"
                            },
                            "ticks": 20
                        }
                    ]
                }
            },
            {
                "condition": {
                    "inverted": true,
                    "type": "origins:dimension",
                    "dimension": "minecraft:overworld"
                },
                "action": {
                    "type": "origins:and",
                    "actions": [
                        {
                            "type": "origins:execute_command",
                            "command": "particle totem_of_undying ~ ~ ~ 0.5 0.5 0.5 0 100"
                        },
                        {
                            "type": "origins:execute_command",
                            "command": "execute in minecraft:overworld run tp ~ ~ ~"
                        },
                        {
                            "type": "origins:delay",
                            "action": {
                                "type": "origins:execute_command",
                                "command": "spreadplayers ~ ~ 1 100 false @s"
                            },
                            "ticks": 20
                        }
                    ]
                }
            }
        ]
    },
    "cooldown": 900,
    "hud_render": {
        "should_render": true,
        "sprite_location": "origins:textures/gui/community/spiderkolo/resource_bar_03.png",
        "bar_index": 7
    },
    "key": {
        "key": "secondary"
    }
}