{
    "hidden": true,
    "type": "origins:multiple",
    "act": {
        "condition": {
            "type": "origins:resource",
            "resource": "*:fae/sizeswap_cd",
            "comparison": ">",
            "compare_to": 0
        },
        "type": "origins:action_over_time",
        "interval": 1,
        "rising_action": {
            "type": "origins:if_else_list",
            "actions": [
                {
                    "condition": {
                        "type": "origins:resource",
                        "resource": "*:fae/sizeswap_form",
                        "comparison": "==",
                        "compare_to": 1
                    },
                    "action": {
                        "type": "origins:and",
                        "actions": [
                            {
                                "type": "origins:execute_command",
                                "command": "scale set pehkui:height 0.125 @s"
                            },
                            {
                                "type": "origins:execute_command",
                                "command": "scale set pehkui:width 0.125 @s"
                            }
                        ]
                    }
                },
                {
                    "condition": {
                        "type": "origins:resource",
                        "resource": "*:fae/sizeswap_form",
                        "comparison": "==",
                        "compare_to": 2
                    },
                    "action": {
                        "type": "origins:and",
                        "actions": [
                            {
                                "type": "origins:execute_command",
                                "command": "scale set pehkui:height 1.5 @s"
                            },
                            {
                                "type": "origins:execute_command",
                                "command": "scale set pehkui:width 1.5 @s"
                            }
                        ]
                    }
                }
            ]
        },
        "falling_action": {
            "type": "origins:and",
            "actions": [
                {
                    "type": "origins:apply_effect",
                    "effect": {
                        "effect": "nausea",
                        "duration": 100,
                        "amplifier": 0,
                        "show_particles": false,
                        "show_icon": true
                    }
                },
                {
                    "type": "origins:execute_command",
                    "command": "particle totem_of_undying ~ ~1.5 ~ 0.25 0.25 0.25 0 50"
                },
                {
                    "type": "origins:execute_command",
                    "command": "scale reset @s"
                },
                {
                    "type": "origins:delay",
                    "action": {
                        "type": "origins:and",
                        "actions": [
                            {
                                "type": "origins:execute_command",
                                "command": "scale set pehkui:height 0.5 @s"
                            },
                            {
                                "type": "origins:execute_command",
                                "command": "scale set pehkui:width 0.5 @s"
                            }
                        ]
                    },
                    "ticks": 3
                }
            ]
        }
    },
    "act2": {
        "condition": {
            "type": "origins:resource",
            "resource": "*:fae/sizeswap_cd",
            "comparison": ">",
            "compare_to": 0
        },
        "type": "origins:action_over_time",
        "interval": 1,
        "falling_action": {
            "type": "origins:change_resource",
            "resource": "*:fae/sizeswap_swap",
            "change": 1,
            "operation": "set"
        }
    },
    "callback": {
        "type": "origins:action_on_callback",
        "entity_action_chosen": {
            "type": "origins:and",
            "actions": [
                {
                    "type": "origins:execute_command",
                    "command": "scale set pehkui:height 0.5 @s",
                    "permission_level": 4
                },
                {
                    "type": "origins:execute_command",
                    "command": "scale set pehkui:width 0.5 @s",
                    "permission_level": 4
                }
            ]
        },
        "entity_action_lost": {
            "type": "origins:execute_command",
            "command": "scale reset @s",
            "permission_level": 4
        },
        "entity_action_respawned": {
            "type": "origins:and",
            "actions": [
                {
                    "type": "origins:execute_command",
                    "command": "scale set pehkui:height 0.5 @s",
                    "permission_level": 4
                },
                {
                    "type": "origins:execute_command",
                    "command": "scale set pehkui:width 0.5 @s",
                    "permission_level": 4
                }
            ]
        }
    }
}