{
	"name": "§5§nRifting§r",
	"description": "You can break open the fabric of reality and teleport up to 30 blocks infront of you.",
	"condition": {
        "type": "origins:and",
        "conditions": [
            {
                "type": "origins:fluid_height",
                "fluid": "minecraft:water",
                "comparison": "==",
                "compare_to": 0
            },
            {
                "inverted": true,
                "type": "origins:in_rain"
            }
        ]
    },
	"type": "origins:active_self",
	"entity_action": {
		"type": "origins:and",
		"actions": [
			{
				"type": "origins:delay",
				"action": {
					"type": "origins:execute_command",
					"command": "particle squid_ink ~ ~1 ~ 1 1 1 0.1 25",
					"permission_level": 4
				},
				"ticks": 2
			},
			{
				"type": "origins:delay",
				"action": {
					"type": "origins:execute_command",
					"command": "execute as @e[tag=riftp] at @s rotated as @p run teleport @s ~ ~ ~ ~ ~",
					"permission_level": 4
				},
				"ticks": 2
			},
			{
				"type": "origins:delay",
				"action": {
					"type": "origins:execute_command",
					"command": "tp @s @e[tag=riftp,limit=1]",
					"permission_level": 4
				},
				"ticks": 4
			},
			{
				"type": "origins:delay",
				"action": {
					"type": "origins:execute_command",
					"command": "kill @e[tag=riftp]",
					"permission_level": 4
				},
				"ticks": 8
			},
			{
				"type": "origins:delay",
				"action": {
					"type": "origins:execute_command",
					"command": "particle ash ~ ~1 ~ 1 1 1 0.1 200",
					"permission_level": 4
				},
				"ticks": 8
			},
			{
				"type": "origins:delay",
				"action": {
					"type": "origins:execute_command",
					"command": "particle glow ~ ~ ~ 1 1 1 0.1 100",
					"permission_level": 4
				},
				"ticks": 8
			},
			{
				"type": "origins:play_sound",
				"sound": "minecraft:entity.ender_dragon.flap",
				"volume": 0.7,
				"pitch": 1.2
			},
			{
				"type": "origins:delay",
				"action": {
					"type": "origins:play_sound",
					"sound": "minecraft:ui.toast.out",
					"volume": 5,
					"pitch": 0.7
				},
				"ticks": 8
			},
			{
				"type": "origins:raycast",
				"distance": 35,
				"block": true,
				"entity": true,
				"shape_type": "visual",
				"fluid_handling": "none",
				"hit_action": {
					"type": "origins:and",
					"actions": [
						{
							"type": "origins:execute_command",
							"command": "particle glow ~ ~ ~ 1 1 1 0.1 100"
						},
						{
							"type": "origins:execute_command",
							"command": "execute if block ^ ^1.5 ^25 air run tp @s ^ ^1.5 ^30"
						},
						{
							"type": "origins:execute_command",
							"command": "execute if block ^ ^1.5 ^25 water run tp @s ^ ^1.5 ^30"
						}
					]
				},
				"miss_action": {
					"type": "origins:and",
					"actions": [
						{
							"type": "origins:execute_command",
							"command": "particle glow ~ ~ ~ 1 1 1 0.1 100"
						},
						{
							"type": "origins:execute_command",
							"command": "execute if block ^ ^1.5 ^25 air run tp @s ^ ^1.5 ^30"
						},
						{
							"type": "origins:execute_command",
							"command": "execute if block ^ ^1.5 ^25 water run tp @s ^ ^1.5 ^30"
						}
					]
				},
				"command_at_hit": "summon armor_stand ~ ~ ~ {Tags:[\"riftp\"],NoGravity:1b,Invisible:1b}",
				"command_step": 1,
				"command_along_ray_only_on_hit": false
			}
		]
	},
	"cooldown": 100,
	"hud_render": {
		"should_render": true,
		"sprite_location": "origins:textures/gui/community/huang/resource_bar_02.png",
		"bar_index": 19
	},
	"key": {
		"key": "primary"
	}
}