{
	"name": "§e§nBuoyant",
	"description": "You float on water whether you like it or not.",
	"type": "origins:multiple",
	"up2": {
		"condition": {
			"type": "origins:and",
			"conditions": [
				{
					"type": "origins:resource",
					"resource": "*:boing_jump",
					"comparison": "==",
					"compare_to": 0
				},
				{
					"type": "origins:fluid_height",
					"fluid": "water",
					"comparison": "!=",
					"compare_to": 0
				},
				{
					"type": "origins:fluid_height",
					"fluid": "water",
					"comparison": "<",
					"compare_to": 0.6
				},
				{
					"inverted": true,
					"type": "origins:sneaking"
				}
			]
		},
		"type": "origins:action_over_time",
		"interval": 1,
		"entity_action": {
			"type": "origins:add_velocity",
			"y": 0.01,
			"space": "world",
			"client": true,
			"server": true
		}
	},
	"surface": {
		"condition": {
			"type": "origins:and",
			"conditions": [
				{
					"inverted": true,
					"type": "origins:submerged_in",
					"fluid": "water"
				},
				{
					"type": "origins:resource",
					"resource": "*:boing_jump",
					"comparison": "==",
					"compare_to": 0
				},
				{
					"inverted": true,
					"type": "origins:sneaking"
				},
				{
					"type": "origins:block_in_radius",
					"block_condition": {
						"type": "origins:fluid",
						"fluid_condition": {
							"type": "origins:fluid",
							"fluid": "water"
						}
					},
					"radius": 0.3,
					"shape": "star",
					"comparison": ">",
					"compare_to": 0
				}
			]
		},
		"type": "origins:action_over_time",
		"interval": 1,
		"entity_action": {
			"type": "origins:apply_effect",
			"effect": {
				"effect": "levitation",
				"duration": 3,
				"amplifier": -1,
				"show_particles": false,
				"show_icon": false
			}
		}
	},
	"act": {
		"type": "origins:active_self",
		"entity_action": {
			"type": "origins:trigger_cooldown",
			"power": "*:boing_jump"
		},
		"cooldown": 0,
		"hud_render": {
			"should_render": false
		},
		"key": {
			"key": "key.jump",
			"continuous": true
		}
	},
	"jump": {
		"type": "origins:cooldown",
		"cooldown": 5,
		"hud_render": {
			"should_render": false
		}
	}
}