{
    "name": "§5§nFriendly!",
    "description": "When this ability is used hostile mobs within 30 blocks become non-hostile until attacked.",
    "type": "origins:multiple",
    "team": {
        "type": "origins:active_self",
        "entity_action": {
            "type": "origins:and",
            "actions": [
                {
                    "type": "origins:execute_command",
                    "command": "particle heart ~ ~0.3 ~ 30 0.5 30 0 700"
                },
                {
                    "type": "origins:execute_command",
                    "command": "team join friend @e[tag=!aggro,distance=..30]"
                }
            ]
        },
        "cooldown": 900,
        "hud_render": {
            "should_render": true,
            "sprite_location": "origins:textures/gui/community/huang/resource_bar_01.png",
            "bar_index": 4
        },
        "key": {
            "key": "primary"
        }
    },
    "remove": {
        "type": "origins:action_over_time",
        "interval": 300,
        "entity_action": {
            "type": "origins:and",
            "actions": [
                {
                    "type": "origins:execute_command",
                    "command": "tag @e remove aggro"
                }
            ]
        }
    },
    "leave": {
        "type": "origins:action_over_time",
        "interval": 1,
        "entity_action": {
            "type": "origins:and",
            "actions": [
                {
                    "type": "origins:execute_command",
                    "command": "team leave @e[tag=aggro,distance=..30]"
                }
            ]
        }
    },
    "aggro": {
        "type": "origins:target_action_on_hit",
        "entity_action": {
            "type": "origins:execute_command",
            "command": "tag @s add aggro"
        },
        "cooldown": 0,
        "hud_render": {
            "should_render": false
        }
    },
    "callb": {
        "type": "origins:action_on_callback",
        "entity_action_chosen": {
            "type": "origins:and",
            "actions": [
                {
                    "type": "origins:execute_command",
                    "command": "team add friend"
                },
                {
                    "type": "origins:execute_command",
                    "command": "team join friend @s"
                }
            ]
        },
        "execute_chosen_when_orb": true,
        "entity_action_lost": {
            "type": "origins:execute_command",
            "command": "team remove friend"
        }
    }
}