{
    "name": "Fragile Mechanisms",
    "description": "You take more damage from fire and falling.",
    "type": "origins:modify_damage_taken",
    "damage_condition": {
        "type": "origins:or",
        "conditions": [
            {
                "type": "origins:fire"
            },
            {
                "type": "origins:name",
                "name": "fall"
            },
            {
                "type": "origins:name",
                "name": "fall.player"
            }
        ]
    },
	"modifier": {
        "operation": "multiply_total",
        "value": 1
    }
}