{
    "name": "§3§nBird Form",
    "description": "You have a bird form; you take no fall damage or crash damage in this form. This form; you are given wings, you are also slowed and weighed down in water. You also don't like small places.",
    "type": "origins:multiple",
    "dmg": {
        "condition": {
            "type": "origins:and",
            "conditions": [
                {
                    "type": "origins:resource",
                    "resource": "*:select_form",
                    "comparison": "==",
                    "compare_to": 7
                },
                {
                    "type": "origins:resource",
                    "resource": "*:select_cd",
                    "comparison": "==",
                    "compare_to": 0
                }
            ]
        },
        "type": "origins:invulnerability",
        "damage_condition": {
            "type": "origins:or",
            "conditions": [
                {
                    "type": "origins:name",
                    "name": "fall"
                },
                {
                    "type": "origins:name",
                    "name": "fall.player"
                },
                {
                    "type": "origins:name",
                    "name": "flyIntoWall"
                },
                {
                    "type": "origins:name",
                    "name": "flyIntoWall.player"
                }
            ]
        }
    },
    "wings": {
        "condition": {
            "type": "origins:and",
            "conditions": [
                {
                    "type": "origins:resource",
                    "resource": "*:select_form",
                    "comparison": "==",
                    "compare_to": 7
                },
                {
                    "type": "origins:resource",
                    "resource": "*:select_cd",
                    "comparison": "==",
                    "compare_to": 0
                }
            ]
        },
        "type": "origins:elytra_flight",
        "render_elytra": true
    },
    "water": {
        "condition": {
            "type": "origins:and",
            "conditions": [
                {
                    "type": "origins:resource",
                    "resource": "*:select_form",
                    "comparison": "==",
                    "compare_to": 7
                },
                {
                    "type": "origins:resource",
                    "resource": "*:select_cd",
                    "comparison": "==",
                    "compare_to": 0
                },
                {
                    "type": "origins:fluid_height",
                    "fluid": "water",
                    "comparison": ">",
                    "compare_to": 0
                }
            ]
        },
        "type": "origins:action_over_time",
        "interval": 100,
        "entity_action": {
            "type": "origins:and",
            "actions": [
                {
                    "type": "origins:apply_effect",
                    "effect": {
                        "effect": "slowness",
                        "duration": 150,
                        "amplifier": 0,
                        "show_particles": false,
                        "show_icon": true
                    }
                },
                {
                    "type": "origins:add_velocity",
                    "y": -1,
                    "space": "local_horizontal_normalized",
                    "client": true,
                    "server": true
                }
            ]
        }
    },
    "hohoho": {
        "condition": {
            "type": "origins:and",
            "conditions": [
                {
                    "type": "origins:resource",
                    "resource": "*:select_form",
                    "comparison": "==",
                    "compare_to": 7
                },
                {
                    "type": "origins:resource",
                    "resource": "*:select_cd",
                    "comparison": "==",
                    "compare_to": 0
                },
                {
                    "type": "origins:fluid_height",
                    "fluid": "water",
                    "comparison": ">",
                    "compare_to": 0
                },
                {
                    "type": "origins:block_collision",
                    "offset_x": 0,
                    "offset_y": 1,
                    "offset_z": 0
                }
            ]
        },
        "type": "origins:stacking_status_effect",
        "min_stacks": -20,
        "max_stacks": 361,
        "duration_per_stack": 10,
        "tick_rate": 10,
        "effects": [
            {
                "effect": "minecraft:weakness",
                "duration": 100,
                "amplifier": 0,
                "is_ambient": true,
                "show_particles": false,
                "show_icon": true
            },
            {
                "effect": "minecraft:slowness",
                "duration": 100,
                "amplifier": 0,
                "is_ambient": true,
                "show_particles": false,
                "show_icon": true
            }
        ]
    }
}