{
    "name": "§e§nLonger life span",
    "description": "Being a shifter comes with outliving humans and certain origins. You have 12 hearts in your normal form, eight hearts for Arachnid and ten hearts for the rest of your forms.",
    "type": "origins:multiple",
    "basic": {
        "condition": {
            "type": "origins:and",
            "conditions": [
                {
                    "type": "origins:resource",
                    "resource": "*:select_form",
                    "comparison": "==",
                    "compare_to": 1
                },
                {
                    "type": "origins:resource",
                    "resource": "*:select_cd",
                    "comparison": "==",
                    "compare_to": 0
                }
            ]
        },
        "type": "origins:conditioned_attribute",
        "modifier": {
            "attribute": "generic.max_health",
            "operation": "addition",
            "value": 4
        },
        "tick_rate": 1,
        "update_health": true
    },
    "ara": {
        "condition": {
            "type": "origins:and",
            "conditions": [
                {
                    "type": "origins:resource",
                    "resource": "*:select_form",
                    "comparison": "==",
                    "compare_to": 6
                },
                {
                    "type": "origins:resource",
                    "resource": "*:select_cd",
                    "comparison": "==",
                    "compare_to": 0
                }
            ]
        },
        "type": "origins:conditioned_attribute",
        "modifier": {
            "attribute": "generic.max_health",
            "operation": "addition",
            "value": -4
        },
        "tick_rate": 1,
        "update_health": true
    }
}