{
    "powers": [
        "genesis:dragonkin/fireball",
        "genesis:dragonkin/dragon_flight",
        "genesis:dragonkin/launch",
        "genesis:dragonkin/dragon_scales",
        "genesis:dragonkin/dragon_fireball",
        "genesis:dragonkin/grounded",
        "genesis:dragonkin/carnivore",
        "genesis:dragonkin/immunity",
        "origins:ender_particles"
    ],
    "icon": "minecraft:fire_charge",
    "order": 1,
    "impact": 2,
    "name": "Dragonkin",
    "description": "All but one of the Great Dragons left the End. Where they went is unknown. What we do know is you were born of them.",
    "loading_priority": 100,
    "unchoosable": true
}