{
    "name": "Rammling",
    "description": "You're a rammling, a mysterious goat creature who's rumored to live atop the highest mountain, with others of its kind. Rammlings have survived this long by hiding in the mountains, but maybe you're ready to make first contact with the outsiders below.",
    "powers": [
        "goat:knockback",
        "goat:ram",
        "goat:small",
        "goat:lessfall",
        "goat:nofreeze",
        "goat:coat",
        ""
    ],
    "icon": {
        "item": "white_wool"
    },
    "unchoosable": true,
    "order": -10000000000000000,
    "impact": 2,
    "loading_priority": 2147483647
}