{
    "name": "§a§nDutifully Delighted",
    "description": "Keep it rolling! You can heal yourself and others in a small radius, as well as boosting their speed and jump to your level.",
    "condition": {
        "type": "origins:and",
        "conditions": [
            {
                "type": "origins:resource",
                "resource": "*:select_mode",
                "comparison": "==",
                "compare_to": 3
            }
        ]
    },
    "type": "origins:active_self",
    "entity_action": {
        "type": "origins:and",
        "actions": [
            {
                "type": "origins:play_sound",
                "sound": "entity.illusioner.cast_spell",
                "volume": 1,
                "pitch": 2
            },
            {
                "type": "origins:execute_command",
                "command": "particle composter ~ ~1 ~ 3 0 3 0 300"
            },
            {
                "type": "origins:execute_command",
                "command": "particle spore_blossom_air ~ ~1 ~ 3 0 3 0 100"
            },
            {
                "type": "origins:area_of_effect",
                "radius": 5,
                "include_target": true,
                "bientity_condition": {
                    "type": "origins:target_condition",
                    "condition": {
                        "type": "origins:entity_type",
                        "entity_type": "player"
                    }
                },
                "bientity_action": {
                    "type": "origins:target_action",
                    "action": {
                        "type": "origins:and",
                        "actions": [
                            {
                                "type": "origins:heal",
                                "amount": 8
                            },
                            {
                                "type": "origins:apply_effect",
                                "effects": [
                                    {
                                        "effect": "speed",
                                        "duration": 400,
                                        "amplifier": 1,
                                        "show_particles": false,
                                        "show_icon": true
                                    },
                                    {
                                        "effect": "jump_boost",
                                        "duration": 400,
                                        "amplifier": 1,
                                        "show_particles": false,
                                        "show_icon": true
                                    }
                                ]
                            }
                        ]
                    }
                }
            }
        ]
    },
    "cooldown": 900,
    "hud_render": {
        "should_render": true,
        "sprite_location": "origins:textures/gui/community/spiderkolo/resource_bar_02.png",
        "bar_index": 22
    },
    "key": {
        "key": "key.spectatorOutlines"
    }
}