{
    "name": "§2§nFreezing Touch",
    "description": "You are cold to the touch, anyone that touches you gets Slowness for 5 seconds.",
    "type": "origins:attacker_action_when_hit",
    "entity_action": {
        "type": "origins:apply_effect",
        "effect": {
            "effect": "slowness",
            "duration": 100,
            "amplifier": 0,
            "show_particles": true,
            "show_icon": true
        }
    },
    "cooldown": 20,
    "hud_render": {
        "should_render": false
    }
}