{
	"name": "§5§nPhantomize",
	"description": "You can phase through all solid objects except obsidian and bedrock.",
	"type": "origins:multiple",
	"model": {
		"type": "origins:model_color",
		"alpha": 0.5
	},
	"move": {
		"condition": {
			"type": "origins:power_active",
			"power": "*:*_tog"
		},
		"type": "origins:phasing",
		"block_condition": {
			"type": "origins:in_tag",
			"tag": "origins:unphasable"
		},
		"blacklist": true,
		"render_type": "blindness",
		"view_distance": 10,
		"phase_down_condition": {
			"type": "origins:and",
			"conditions": [
				{
					"type": "origins:sneaking"
				},
				{
					"type": "origins:on_block"
				}
			]
		}
	},
	"tog": {
		"condition": {
			"type": "origins:food_level",
			"comparison": ">",
			"compare_to": 6
		},
		"type": "origins:toggle",
		"active_by_default": true,
		"key": {
			"key": "key.origins.primary_active",
			"continuous": false
		},
		"retain_state": false
	},
	"green": {
		"type": "apoli:overlay",
		"hidden": true,
		"texture": "minecraft:textures/misc/nausea.png",
		"red": 0.2,
		"green": 0.4,
		"blue": 0.2,
		"strength": 0.7,
		"draw_mode": "nausea",
		"draw_phase": "above_hud",
		"visible_in_third_person": true,
		"hide_with_hud": true,
		"condition": {
			"type": "apoli:and",
			"conditions": [
				{
					"type": "apoli:power_active",
					"power": "*:*_tog"
				},
				{
					"type": "apoli:food_level",
					"comparison": ">",
					"compare_to": 10
				}
			]
		}
	},
	"orange": {
		"type": "apoli:overlay",
		"hidden": true,
		"texture": "minecraft:textures/misc/nausea.png",
		"red": 0.3,
		"green": 0.3,
		"blue": 0.2,
		"strength": 0.7,
		"draw_mode": "nausea",
		"draw_phase": "above_hud",
		"visible_in_third_person": true,
		"hide_with_hud": true,
		"condition": {
			"type": "apoli:and",
			"conditions": [
				{
					"type": "apoli:power_active",
					"power": "*:*_tog"
				},
				{
					"type": "apoli:food_level",
					"comparison": "<=",
					"compare_to": 10
				},
				{
					"type": "apoli:food_level",
					"comparison": ">",
					"compare_to": 8
				}
			]
		}
	},
	"red": {
		"type": "apoli:overlay",
		"hidden": true,
		"texture": "minecraft:textures/misc/nausea.png",
		"red": 0.4,
		"green": 0.2,
		"blue": 0.2,
		"strength": 0.7,
		"draw_mode": "nausea",
		"draw_phase": "above_hud",
		"visible_in_third_person": true,
		"hide_with_hud": true,
		"condition": {
			"type": "apoli:and",
			"conditions": [
				{
					"type": "apoli:power_active",
					"power": "*:*_tog"
				},
				{
					"type": "apoli:food_level",
					"comparison": "<=",
					"compare_to": 8
				}
			]
		}
	}
}