{
	"hidden": true,
	"type": "origins:action_on_callback",
	"entity_action_chosen": {
		"type": "origins:and",
		"actions": [
			{
				"type": "origins:execute_command",
				"command": "team add dead",
				"permission_level": 4
			},
			{
				"type": "origins:execute_command",
				"command": "team join dead @s",
				"permission_level": 4
			}
		]
	},
	"execute_chosen_when_orb": true,
	"entity_action_lost": {
		"type": "origins:and",
		"actions": [
			{
				"type": "origins:execute_command",
				"command": "team leave @s",
				"permission_level": 4
			}
		]
	}
}