{
    "name": "§2§nLightweight",
    "description": "You don't take as much damage from falling.",
    "type": "origins:modify_damage_taken",
    "damage_condition": {
        "type": "origins:or",
        "conditions": [
            {
                "type": "origins:name",
                "name": "fall"
            },
            {
                "type": "origins:name",
                "name": "fall.player"
            }
        ]
    },
    "modifier": {
        "operation": "multiply_total",
        "value": -0.65
    }
}