{
    "name": "§9§nScram!§r",
    "description": "When below half health, you can temporarily gain a speed boost.",
    "condition": {
        "type": "origins:health",
        "comparison": "<=",
        "compare_to": 6
    },
    "type": "origins:active_self",
    "entity_action": {
        "type": "origins:and",
        "actions": [
            {
                "type": "origins:execute_command",
                "command": "particle electric_spark ~ ~ ~ 0.5 0.5 0.5 0 25"
            },
            {
                "type": "origins:apply_effect",
                "effect": {
                    "effect": "speed",
                    "duration": 300,
                    "amplifier": 4,
                    "show_particles": false,
                    "show_icon": true
                }
            },
            {
                "type": "origins:play_sound",
                "sound": "entity.bat.hurt",
                "volume": 1,
                "pitch": 1
            }
        ]
    },
    "cooldown": 800,
    "hud_render": {
        "should_render": true,
        "sprite_location": "origins:textures/gui/community/spiderkolo/resource_bar_03.png",
        "bar_index": 23
    },
    "key": {
        "key": "secondary"
    }
}