{
    "name": "§9§nPiggyback Ride§r",
    "description": "You can ride on other players' shoulders or on top of entities by right-clicking them.",
    "type": "apoli:multiple",
    "player": {
        "condition": {
            "inverted": true,
            "type": "apoli:sneaking"
        },
        "type": "extraorigins:start_riding",
        "key": {
            "key": "key.use"
        }
    },
    "mobs": {
        "condition": {
            "inverted": true,
            "type": "apoli:sneaking"
        },
        "type": "origins:action_on_entity_use",
        "bientity_action": {
            "type": "apoli:and",
            "actions": [
                {
                    "type": "origins:mount"
                },
                {
                    "type": "apoli:actor_action",
                    "action": {
                        "type": "apoli:and",
                        "actions": [
                            {
                                "type": "apoli:execute_command",
                                "command": "scale set pehkui:height 0.5 @s"
                            }
                        ]
                    }
                }
            ]
        },
        "bientity_condition": {
            "type": "origins:target_condition",
            "condition": {
                "type": "origins:and",
                "conditions": [
                    {
                        "inverted": true,
                        "type": "origins:entity_type",
                        "entity_type": "player"
                    },
                    {
                        "inverted": true,
                        "type": "origins:passenger",
                        "comparison": ">=",
                        "compare_to": 1
                    }
                ]
            }
        },
        "action_result": "success"
    },
    "act": {
        "condition": {
            "type": "origins:riding"
        },
        "type": "origins:action_over_time",
        "interval": 1,
        "falling_action": {
            "type": "origins:and",
            "actions": [
                {
                    "type": "origins:execute_command",
                    "command": "scale set pehkui:height 0.5 @s"
                },
                {
                    "type": "origins:execute_command",
                    "command": "scale set pehkui:width 0.5 @s"
                }
            ]
        }
    }
}