{
    "name": "§5§nConfused§r",
    "description": "When an entity hits you, the damage reflects back to them with knockback.",
    "type": "origins:multiple",
    "boop": {
        "condition": {
            "type": "origins:and",
            "conditions": [
                {
                    "type": "origins:resource",
                    "resource": "*:select_mode",
                    "comparison": "==",
                    "compare_to": 5
                }
            ]
        },
        "type": "origins:action_when_hit",
        "bientity_action": {
            "type": "origins:actor_action",
            "action": {
                "type": "origins:and",
                "actions": [
                    {
                        "type": "origins:execute_command",
                        "command": "particle dragon_breath ~ ~1 ~ 0.5 0.5 0.5 0 10"
                    },
                    {
                        "type": "origins:execute_command",
                        "command": "tp @s ~ ~ ~ facing entity @e[tag=cosm,limit=1]"
                    },
                    {
                        "type": "apoli:damage",
                        "amount": 3,
                        "source": {
                            "name": "player",
                            "bypasses_armor": false,
                            "unblockable": true
                        }
                    },
                    {
                        "type": "origins:delay",
                        "action": {
                            "type": "origins:add_velocity",
                            "y": 0.45,
                            "z": -1.15,
                            "space": "local",
                            "client": true,
                            "server": true,
                            "set": true
                        },
                        "ticks": 3
                    }
                ]
            }
        },
        "cooldown": 40,
        "hud_render": {
            "should_render": false
        }
    }
}