{
    "name": "§5§nWhat Was That?§r",
    "description": "You cannot understand villagers, and coming off a little bit crazy, Iron Golems attack you.",
    "type": "origins:multiple",
    "iron_golem": {
        "condition": {
            "type": "origins:and",
            "conditions": [
                {
                    "type": "origins:resource",
                    "resource": "*:select_mode",
                    "comparison": "==",
                    "compare_to": 5
                }
            ]
        },
        "type": "origins:action_over_time",
        "interval": 1,
        "entity_action": {
            "type": "origins:and",
            "actions": [
                {
                    "type": "origins:execute_command",
                    "command": "execute as @e[type=minecraft:iron_golem,distance=..20] at @s run data modify entity @s AngryAt set from entity @e[tag=cosm,limit=1] UUID",
                    "permission_level": 2
                },
                {
                    "type": "origins:execute_command",
                    "command": "execute as @e[type=minecraft:iron_golem,distance=..20] at @s run data modify entity @s AngerTime set value 60",
                    "permission_level": 2
                }
            ]
        }
    },
    "use": {
        "condition": {
            "type": "origins:and",
            "conditions": [
                {
                    "type": "origins:resource",
                    "resource": "*:select_mode",
                    "comparison": "==",
                    "compare_to": 5
                }
            ]
        },
        "type": "origins:prevent_entity_use",
        "bientity_condition": {
            "type": "origins:target_condition",
            "condition": {
                "type": "origins:entity_type",
                "entity_type": "villager"
            }
        }
    }
}