{
    "name": "§4§nDark Abyss",
    "description": "Space is very dark, especially where you came from. Because of this, you aren’t used to the light, blinding and weakening you. You can prevent blindness with a pumpkin.",
    "type": "origins:multiple",
    "blind": {
        "condition": {
            "type": "origins:and",
            "conditions": [
                {
                    "inverted": true,
                    "type": "origins:equipped_item",
                    "equipment_slot": "head",
                    "item_condition": {
                        "type": "origins:ingredient",
                        "ingredient": {
                            "item": "carved_pumpkin"
                        }
                    }
                },
                {
                    "type": "origins:or",
                    "conditions": [
                        {
                            "type": "origins:exposed_to_sun"
                        },
                        {
                            "type": "origins:in_block_anywhere",
                            "block_condition": {
                                "type": "origins:light_level",
                                "light_type": "block",
                                "comparison": ">",
                                "compare_to": 9
                            }
                        }
                    ]
                }
            ]
        },
        "type": "origins:action_over_time",
        "interval": 10,
        "entity_action": {
            "type": "origins:apply_effect",
            "effects": [
                {
                    "effect": "blindness",
                    "duration": 40,
                    "amplifier": 0,
                    "show_particles": false,
                    "show_icon": true
                },
                {
                    "effect": "weakness",
                    "duration": 20,
                    "amplifier": 0,
                    "show_particles": false,
                    "show_icon": false
                }
            ]
        }
    },
    "nv": {
        "type": "origins:toggle_night_vision",
        "active_by_default": true,
        "strength": 0.1,
        "key": {
            "key": "key.saveToolbarActivator"
        }
    }
}