{
    "name": "§1§nStar Launch",
    "description": "You can gather all your energy and do a massive launch, however you will lose A LOT of stardust.",
    "type": "origins:active_self",
    "entity_action": {
        "type": "origins:and",
        "actions": [
            {
                "type": "origins:execute_command",
                "permission_level": 4,
                "command": "particle glow ~ ~ ~ 1 1 1 100 300"
            },
			{
                "type": "origins:execute_command",
                "permission_level": 4,
                "command": "particle dust 0.000 1.000 0.765 2 ~ ~0.3 ~ 0.7 0.1 0.7 1 100 normal"
            },
            {
                "type": "origins:play_sound",
                "sound": "minecraft:entity.illusioner.cast_spell",
                "volume": 5,
                "pitch": 1.5
            },
            {
                "type": "origins:add_velocity",
                "y": 8,
                "space": "world",
                "set": false
            },
			{
                "type": "origins:change_resource",
                "resource": "*:star/dust_speck",
                "change": -500
            }
        ]
    },
    "cooldown": 6000,
    "hud_render": {
        "should_render": true,
        "sprite_location": "origins:textures/gui/community/huang/resource_bar_01.png",
        "bar_index": 3
    },
    "key": {
		"key": "key.loadToolbarActivator"
	}
}