{
	"name": "§5§nCosmic Warp",
	"description": "You can diffuse and reappear 15 blocks in front of you, however you will shed some stardust in the process.",
	"type": "origins:active_self",
	"entity_action": {
		"type": "origins:and",
		"actions": [
			{
				"type": "origins:change_resource",
				"resource": "*:star/dust_speck",
				"change": -50
			},
			{
				"type": "origins:delay",
				"action": {
					"type": "origins:execute_command",
					"command": "particle glow_squid_ink ~ ~1 ~ 0.5 0.5 0.5 0.1 25",
					"permission_level": 4
				},
				"ticks": 2
			},
			{
				"type": "origins:delay",
				"action": {
					"type": "origins:execute_command",
					"command": "execute as @e[tag=riftp] at @s rotated as @p run tp @s ~ ~ ~ ~ ~",
					"permission_level": 4
				},
				"ticks": 3
			},
			{
				"type": "origins:delay",
				"action": {
					"type": "origins:execute_command",
					"command": "tp @s @e[tag=riftp,limit=1]",
					"permission_level": 4
				},
				"ticks": 4
			},
			{
				"type": "origins:delay",
				"action": {
					"type": "origins:execute_command",
					"command": "kill @e[tag=riftp]",
					"permission_level": 4
				},
				"ticks": 6
			},
			{
				"type": "origins:delay",
				"action": {
					"type": "origins:execute_command",
					"command": "particle white_ash ~ ~1 ~ 1 1 1 0.1 100",
					"permission_level": 4
				},
				"ticks": 6
			},
			{
				"type": "origins:delay",
				"action": {
					"type": "origins:execute_command",
					"command": "particle glow ~ ~ ~ 0.5 0.5 0.5 0.1 50",
					"permission_level": 4
				},
				"ticks": 6
			},
			{
				"type": "origins:play_sound",
				"sound": "minecraft:ui.toast.out",
				"volume": 5,
				"pitch": 0.7
			},
			{
				"type": "origins:delay",
				"action": {
					"type": "origins:play_sound",
					"sound": "minecraft:block.amethyst_block.break",
					"volume": 0.7,
					"pitch": 0.5
				},
				"ticks": 6
			},
			{
				"type": "origins:raycast",
				"distance": 20,
				"block": true,
				"entity": true,
				"shape_type": "visual",
				"fluid_handling": "none",
				"hit_action": {
					"type": "origins:execute_command",
					"command": "particle glow ~ ~ ~ 1 1 1 0.1 100"
				},
				"miss_action": {
					"type": "origins:execute_command",
					"command": "function star:rift"
				},
				"command_at_hit": "summon armor_stand ~ ~ ~ {Tags:[\"riftp\"],NoGravity:1b,Invisible:1b}",
				"command_step": 1,
				"command_along_ray_only_on_hit": false
			}
		]
	},
	"cooldown": 50,
	"hud_render": {
		"should_render": true,
		"sprite_location": "origins:textures/gui/community/spiderkolo/resource_bar_03.png",
		"bar_index": 18
	},
	"key": {
		"key": "primary",
		"continuous": true
	}
}