{
    "name": "§1§nTake Off",
    "description": "[saveToolbar] Boost yourself into the air.",
    "type": "origins:multiple",
    "launch": {
        "type": "origins:launch",
        "cooldown": 400,
        "speed": 2.5,
        "hud_render": {
            "should_render": true,
            "sprite_location": "origins:textures/gui/community/huang/resource_bar_01.png",
            "bar_index": 1
        },
        "sound": "minecraft:entity.ender_dragon.flap",
        "key": {
            "key": "key.saveToolbarActivator",
            "continuous": true
        }
    },
    "act": {
        "type": "origins:active_self",
        "entity_action": {
            "type": "origins:and",
            "actions": [
                {
                    "type": "origins:execute_command",
                    "command": "particle witch ~ ~10 ~ 0.5 0.5 0.5 1 200",
                    "permission_level": 4
                }
            ]
        },
        "cooldown": 400,
        "hud_render": {
            "should_render": false
        },
        "key": {
            "key": "key.saveToolbarActivator",
            "continuous": true
        }
    }
}