{
	"name": "§1§nTeleport",
	"description": "[Secondary] Warp forwards 30 blocks, only works if the block you teleport to is air or water.",
	"type": "origins:active_self",
	"condition": {
		"type": "origins:or",
		"conditions": [
			{
				"type": "origins:command",
				"command": "execute if block ^ ^1.5 ^30 air",
				"comparison": ">=",
				"compare_to": 1,
				"permission_level": 4
			},
			{
				"type": "origins:command",
				"command": "execute if block ^ ^1.5 ^30 water",
				"comparison": ">=",
				"compare_to": 1,
				"permission_level": 4
			}
		]
	},
	"entity_action": {
		"type": "origins:and",
		"actions": [
			{
				"type": "origins:execute_command",
				"command": "particle squid_ink ~ ~1 ~ 1 1 1 0.1 25",
				"permission_level": 4
			},
			{
				"type": "origins:delay",
				"action": {
					"type": "origins:execute_command",
					"command": "particle ash ~ ~1 ~ 1 1 1 0.1 200",
					"permission_level": 4
				},
				"ticks": 8
			},
			{
				"type": "origins:delay",
				"action": {
					"type": "origins:execute_command",
					"command": "particle portal ~ ~ ~ 1 1 1 0.1 100",
					"permission_level": 4
				},
				"ticks": 8
			},
			{
				"type": "origins:play_sound",
				"sound": "minecraft:entity.enderman.teleport",
				"volume": 0.7,
				"pitch": 1.2
			},
			{
				"type": "origins:delay",
				"action": {
					"type": "origins:play_sound",
					"sound": "minecraft:ui.toast.out",
					"volume": 5,
					"pitch": 0.7
				},
				"ticks": 8
			},
			{
				"type": "origins:delay",
				"action": {
					"type": "origins:execute_command",
					"command": "function dragon:rift",
					"permission_level": 4
				},
				"ticks": 4
			}
		]
	},
	"cooldown": 100,
	"hud_render": {
		"should_render": true,
		"sprite_location": "origins:textures/gui/community/spiderkolo/resource_bar_03.png",
		"bar_index": 7
	},
	"key": {
		"key": "secondary"
	}
}