{
	"name": "§1§nTeleport",
	"description": "Warp forwards up to 30 blocks.",
	"type": "origins:active_self",
	"entity_action": {
		"type": "origins:and",
		"actions": [
			{
				"type": "origins:delay",
				"action": {
					"type": "origins:execute_command",
					"command": "particle squid_ink ~ ~1 ~ 1 1 1 0.1 25",
					"permission_level": 4
				},
				"ticks": 2
			},
			{
				"type": "origins:delay",
				"action": {
					"type": "origins:execute_command",
					"command": "tp @s @e[tag=riftp,limit=1]",
					"permission_level": 4
				},
				"ticks": 4
			},
			{
				"type": "origins:delay",
				"action": {
					"type": "origins:execute_command",
					"command": "kill @e[tag=riftp]",
					"permission_level": 4
				},
				"ticks": 8
			},
			{
				"type": "origins:delay",
				"action": {
					"type": "origins:execute_command",
					"command": "particle ash ~ ~1 ~ 1 1 1 0.1 200",
					"permission_level": 4
				},
				"ticks": 8
			},
			{
				"type": "origins:delay",
				"action": {
					"type": "origins:execute_command",
					"command": "particle portal ~ ~ ~ 1 1 1 0.1 100",
					"permission_level": 4
				},
				"ticks": 8
			},
			{
				"type": "origins:play_sound",
				"sound": "minecraft:entity.enderman.teleport",
				"volume": 0.7,
				"pitch": 1.2
			},
			{
				"type": "origins:delay",
				"action": {
					"type": "origins:play_sound",
					"sound": "minecraft:ui.toast.out",
					"volume": 5,
					"pitch": 0.7
				},
				"ticks": 8
			},
			{
				"type": "origins:raycast",
				"distance": 35,
				"block": true,
				"entity": true,
				"shape_type": "visual",
				"fluid_handling": "none",
				"hit_action": {
					"type": "origins:execute_command",
					"command": "particle portal ~ ~ ~ 1 1 1 0.1 100"
				},
				"miss_action": {
					"type": "origins:execute_command",
					"command": "function dragon:rift"
				},
				"command_at_hit": "summon armor_stand ~ ~ ~ {Tags:[\"riftp\"],NoGravity:1b,Invisible:1b}",
				"command_step": 1,
				"command_along_ray_only_on_hit": false
			}
		]
	},
	"cooldown": 100,
	"hud_render": {
		"should_render": true,
		"sprite_location": "origins:textures/gui/community/spiderkolo/resource_bar_03.png",
		"bar_index": 7
	},
	"key": {
		"key": "secondary"
	}
}