{
    "name": "§6§nDramatic Effect",
    "description": "When in rain or water you are slowed.",
    "condition": {
        "type": "origins:or",
        "conditions": [
            {
                "type": "origins:in_rain"
            },
            {
                "type": "origins:fluid_height",
                "fluid": "water",
                "comparison": ">",
                "compare_to": 0
            }
        ]
    },
    "type": "origins:action_over_time",
    "interval": 25,
    "entity_action": {
        "type": "origins:apply_effect",
        "effect": {
            "effect": "slowness",
            "duration": 35,
            "amplifier": 0,
            "show_particles": false,
            "show_icon": true
        }
    }
}