{
    "name": "§9§nSneak Attack",
    "description": "The first hit on any mob deals 3 extra damage. Hits on players reset every minute.",
    "type": "origins:multiple",
    "hit": {
        "type": "origins:target_action_on_hit",
        "target_condition": {
            "inverted": true,
            "type": "origins:command",
            "command": "execute if entity @s[tag=hit]",
            "comparison": ">=",
            "compare_to": 1
        },
        "entity_action": {
            "type": "origins:and",
            "actions": [
                {
                    "type": "origins:damage",
                    "amount": 6,
                    "source": {
                        "name": "player",
                        "unblockable": true
                    }
                },
                {
                    "type": "origins:execute_command",
                    "command": "tag @s add hit"
                },
                {
                    "type": "origins:execute_command",
                    "command": "particle dust 1.000 0.000 0.000 2 ~ ~1 ~ 0.5 0.5 0.5 0.25 8"
                }
            ]
        },
        "cooldown": 0,
        "hud_render": {
            "should_render": false
        }
    },
    "reset": {
        "type": "origins:action_over_time",
        "interval": 1200,
        "entity_action": {
            "type": "origins:and",
            "actions": [
                {
                    "type": "origins:execute_command",
                    "command": "execute as @e[type=player,tag=hit] at @s run particle dust 1.000 1.000 1.000 1 ~ ~1 ~ 0.5 0.5 0.5 0 5"
                },
                {
                    "type": "origins:delay",
                    "action": {
                        "type": "origins:execute_command",
                        "command": "tag @e[type=player,tag=hit] remove hit"
                    },
                    "ticks": 1
                }
            ]
        }
    }
}