{
    "hidden": true,
    "type": "origins:action_on_callback",
    "entity_action_chosen": {
        "type": "origins:execute_command",
        "command": "give @s player_head{display:{Name:'{\"text\":\"Angel Head\",\"color\":\"gray\",\"bold\":true,\"italic\":false}',Lore:['{\"text\":\"This serves no purpose, I just think it\\'s neat.\",\"color\":\"dark_purple\"}']},SkullOwner:{Id:[I;1163161304,1228361353,-1404347964,333753401],Properties:{textures:[{Value:\"eyJ0ZXh0dXJlcyI6eyJTS0lOIjp7InVybCI6Imh0dHA6Ly90ZXh0dXJlcy5taW5lY3JhZnQubmV0L3RleHR1cmUvMzc2MTA4OTRiYjkyMTk2ODJhOTQ5ODFkZmU3OTI0NjM0ZjljZWE1OGM5YzViODkxZDk2YzE5MWRjNGVkNzZmOSJ9fX0=\"}]}}} 1",
        "permission_level": 4
    },
    "execute_chosen_when_orb": true,
    "entity_action_respawned": {
        "type": "origins:execute_command",
        "command": "give @s player_head{display:{Name:'{\"text\":\"Angel Head\",\"color\":\"gray\",\"bold\":true,\"italic\":false}',Lore:['{\"text\":\"This serves no purpose, I just think it\\'s neat.\",\"color\":\"dark_purple\"}']},SkullOwner:{Id:[I;1163161304,1228361353,-1404347964,333753401],Properties:{textures:[{Value:\"eyJ0ZXh0dXJlcyI6eyJTS0lOIjp7InVybCI6Imh0dHA6Ly90ZXh0dXJlcy5taW5lY3JhZnQubmV0L3RleHR1cmUvMzc2MTA4OTRiYjkyMTk2ODJhOTQ5ODFkZmU3OTI0NjM0ZjljZWE1OGM5YzViODkxZDk2YzE5MWRjNGVkNzZmOSJ9fX0=\"}]}}} 1",
        "permission_level": 4
    }
}