{
    "hidden": true,
    "type": "origins:action_on_callback",
    "entity_action_chosen": {
        "type": "origins:and",
        "actions": [
            {
                "type": "origins:execute_command",
                "command": "tag @s add statue",
                "permission_level": 4
            },
            {
                "type": "origins:execute_command",
                "command": "scoreboard objectives add entityCount dummy",
                "permission_level": 4
            },
            {
                "type": "origins:delay",
                "action": {
                    "type": "origins:execute_command",
                    "command": "scoreboard players set count entityCount 0",
                    "permission_level": 4
                },
                "ticks": 1
            },
            {
                "type": "origins:delay",
                "action": {
                    "type": "origins:execute_command",
                    "command": "scoreboard players set count2 entityCount 0",
                    "permission_level": 4
                },
                "ticks": 1
            }
        ]
    },
    "execute_chosen_when_orb": true,
    "entity_action_lost": {
        "type": "origins:and",
        "actions": [
            {
                "type": "origins:execute_command",
                "command": "tag @s remove statue",
                "permission_level": 4
            },
            {
                "type": "origins:execute_command",
                "command": "scale set pehkui:motion 1 @s",
                "permission_level": 4
            },
            {
                "type": "origins:execute_command",
                "command": "scoreboard players set count entityCount 0",
                "permission_level": 4
            },
            {
                "type": "origins:execute_command",
                "command": "scoreboard players set count2 entityCount 0",
                "permission_level": 4
            }
        ]
    }
}