{
    "name": "Connection",
    "description": "You are tied to players and villagers, whenever either take damage near you, you take half a heart of damage.",
    "type": "origins:action_over_time",
    "interval": 1,
    "entity_action": {
        "type": "origins:and",
        "actions": [
            {
                "type": "origins:execute_command",
                "command": "power grant @a[tag=!mark,distance=..30] mark:dmged"
            },
            {
                "type": "origins:execute_command",
                "command": "power grant @e[type=villager,distance=..30] mark:dmged"
            }
        ]
    }
}