{
    "name": "Shadow Walk",
    "description": "You are able to become small and walk in 1x1 spaces. You also take 80% less fall damage at all times.",
    "type": "apoli:multiple",
    "act": {
        "type": "origins:active_self",
        "entity_action": {
            "type": "origins:if_else",
            "condition": {
                "type": "origins:resource",
                "resource": "*:*_tap",
                "comparison": "==",
                "compare_to": 0
            },
            "if_action": {
                "type": "origins:and",
                "actions": [
                    {
                        "type": "origins:execute_command",
                        "command": "scale set pehkui:height 0.5 @s",
                        "permission_level": 4
                    },
                    {
                        "type": "origins:execute_command",
                        "command": "scale set pehkui:width 0.5 @s",
                        "permission_level": 4
                    },
                    {
                        "type": "origins:execute_command",
                        "command": "particle ash ~ ~1 ~ 0.15 0.25 0.15 0 200",
                        "permission_level": 4
                    },
                    {
                        "type": "origins:play_sound",
                        "sound": "minecraft:block.sculk_sensor.clicking_stop",
                        "volume": 1,
                        "pitch": 2
                    },
                    {
                        "type": "origins:delay",
                        "action": {
                            "type": "origins:change_resource",
                            "resource": "*:*_tap",
                            "change": 1
                        },
                        "ticks": 2
                    }
                ]
            },
            "else_action": {
                "type": "origins:and",
                "actions": [
                    {
                        "type": "origins:execute_command",
                        "command": "scale set pehkui:height 1 @s",
                        "permission_level": 4
                    },
                    {
                        "type": "origins:execute_command",
                        "command": "scale set pehkui:width 1 @s",
                        "permission_level": 4
                    },
                    {
                        "type": "origins:execute_command",
                        "command": "particle ash ~ ~1 ~ 0.25 0.35 0.25 0 200",
                        "permission_level": 4
                    },
                    {
                        "type": "origins:play_sound",
                        "sound": "minecraft:block.sculk_sensor.clicking_stop",
                        "volume": 1,
                        "pitch": 1.15
                    },
                    {
                        "type": "origins:delay",
                        "action": {
                            "type": "origins:change_resource",
                            "resource": "*:*_tap",
                            "change": -1
                        },
                        "ticks": 2
                    }
                ]
            }
        },
        "cooldown": 0,
        "hud_render": {
            "should_render": false
        },
        "key": {
            "key": "secondary"
        }
    },
    "tap": {
        "type": "origins:resource",
        "min": 0,
        "max": 1,
        "start_value": 0,
        "hud_render": {
            "should_render": false
        }
    },
    "size": {
        "type": "origins:action_on_callback",
        "execute_chosen_when_orb": false,
        "entity_action_lost": {
            "type": "origins:execute_command",
            "command": "scale reset @s",
            "permission_level": 4
        }
    },
    "fall": {
        "type": "origins:modify_damage_taken",
        "damage_condition": {
            "type": "origins:or",
            "conditions": [
                {
                    "type": "origins:name",
                    "name": "fall"
                },
                {
                    "type": "origins:name",
                    "name": "fall.player"
                }
            ]
        },
        "modifier": {
            "operation": "multiply_total",
            "value": -0.8
        }
    },
    "fx": {
        "type": "origins:action_over_time",
        "interval": 1,
        "entity_action": {
            "type": "apoli:and",
            "actions": [
                {
                    "type": "origins:execute_command",
                    "command": "particle ash ~ ~0.1 ~ 0.1 0 0.1 0 25",
                    "permission_level": 4
                },
                {
                    "type": "origins:execute_command",
                    "command": "particle mycelium ~ ~0.1 ~ 0.1 0 0.1 0 5",
                    "permission_level": 4
                }
            ]
        },
        "condition": {
            "type": "origins:and",
            "conditions": [
                {
                    "inverted": true,
                    "type": "origins:invisible"
                },
                {
                    "inverted": true,
                    "type": "origins:status_effect",
                    "effect": "invisibility"
                },
                {
                    "type": "apoli:moving"
                }
            ]
        }
    }
}