{
    "name": "Claustrophobia",
    "description": "You dislike tight spaces.",
    "condition": {
        "type": "origins:block_collision",
        "offset_x": 0,
        "offset_y": 1,
        "offset_z": 0
    },
    "type": "origins:stacking_status_effect",
    "min_stacks": -20,
    "max_stacks": 361,
    "duration_per_stack": 10,
    "tick_rate": 10,
    "effects": [
        {
            "effect": "minecraft:weakness",
            "duration": 100,
            "amplifier": 0,
            "is_ambient": true,
            "show_particles": false,
            "show_icon": true
        },
        {
            "effect": "minecraft:slowness",
            "duration": 100,
            "amplifier": 0,
            "is_ambient": true,
            "show_particles": false,
            "show_icon": true
        }
    ]
}