{
    "name": "Snowfight!",
    "description": "Throw a snowball at your enemies!",
    "type": "origins:multiple",
    "proj": {
        "type": "origins:fire_projectile",
        "entity_type": "snowball",
        "cooldown": 600,
        "hud_render": {
            "should_render": true,
            "sprite_location": "origins:textures/gui/community/huang/resource_bar_01.png",
            "bar_index": 12
        },
        "count": 1,
        "speed": 1.25,
        "divergence": 0,
        "sound": "entity.snow_golem.shoot",
        "tag": "{Silent:1b,Tags:[\"fancy\"]}",
        "key": {
            "key": "primary",
            "continuous": true
        }
    },
    "dmg": {
        "condition": {
            "type": "origins:command",
            "command": "execute if entity @e[tag=hit,distance=..60]",
            "comparison": ">=",
            "compare_to": 1
        },
        "type": "origins:action_over_time",
        "interval": 1,
        "entity_action": {
            "type": "origins:area_of_effect",
            "radius": 60,
            "bientity_condition": {
                "type": "origins:target_condition",
                "condition": {
                    "type": "origins:command",
                    "command": "execute if entity @s[tag=hit]",
                    "comparison": ">=",
                    "compare_to": 1
                }
            },
            "bientity_action": {
                "type": "origins:and",
                "actions": [
                    {
                        "type": "origins:damage",
                        "amount": 8,
                        "source": {
                            "name": "player",
                            "unblockable": true
                        }
                    },
                    {
                        "type": "origins:delay",
                        "action": {
                            "type": "apoli:target_action",
                            "action": {
                                "type": "origins:execute_command",
                                "command": "tag @s remove hit"
                            }
                        },
                        "ticks": 1
                    }
                ]
            }
        }
    },
    "mark": {
        "condition": {
            "type": "origins:and",
            "conditions": [
                {
                    "inverted": true,
                    "type": "origins:equipped_item",
                    "equipment_slot": "mainhand",
                    "item_condition": {
                        "type": "origins:ingredient",
                        "ingredient": {
                            "item": "snowball"
                        }
                    }
                },
                {
                    "inverted": true,
                    "type": "origins:equipped_item",
                    "equipment_slot": "offhand",
                    "item_condition": {
                        "type": "origins:ingredient",
                        "ingredient": {
                            "item": "snowball"
                        }
                    }
                }
            ]
        },
        "type": "origins:action_on_hit",
        "bientity_action": {
            "type": "origins:target_action",
            "action": {
                "type": "origins:execute_command",
                "command": "tag @s add hit"
            }
        },
        "damage_condition": {
            "type": "origins:projectile",
            "projectile": "snowball"
        },
        "cooldown": 0,
        "hud_render": {
            "should_render": false
        }
    },
    "sound": {
        "type": "origins:active_self",
        "entity_action": {
            "type": "origins:and",
            "actions": [
                {
                    "type": "origins:play_sound",
                    "sound": "entity.snow_golem.death",
                    "volume": 1,
                    "pitch": 1.5
                }
            ]
        },
        "cooldown": 600,
        "hud_render": {
            "should_render": false
        },
        "key": {
            "key": "primary",
            "continuous": true
        }
    },
    "fx": {
        "type": "origins:action_over_time",
        "interval": 4,
        "entity_action": {
            "type": "origins:execute_command",
            "command": "execute as @e[tag=fancy] at @s run particle white_ash ~ ~ ~ 0 0 0 0 1"
        }
    }
}