{
    "name": "§b§nRitual of Conjuring§r",
    "description": "Hold Primary to perform. Using 10 experience levels you are able to conjure a random amount of any item.",
    "type": "origins:multiple",
    "use": {
        "condition": {
            "type": "origins:and",
            "conditions": [
                {
                    "type": "origins:xp_levels",
                    "comparison": ">=",
                    "compare_to": 10
                }
            ]
        },
        "type": "origins:active_self",
        "entity_action": {
            "type": "origins:and",
            "actions": [
                {
                    "type": "apoli:trigger_cooldown",
                    "power": "*:*_hold"
                },
                {
                    "type": "origins:change_resource",
                    "resource": "*:*_channel",
                    "change": 1,
                    "operation": "add"
                },
                {
                    "type": "origins:execute_command",
                    "command": "execute positioned ~ ~0.25 ~ rotated 90 0 run function conj:helix/animate"
                },
                {
                    "type": "origins:execute_command",
                    "command": "execute positioned ~ ~0.2 ~ rotated 90 0 run function conj:circle"
                }
            ]
        },
        "cooldown": 0,
        "hud_render": {
            "should_render": false
        },
        "key": {
            "key": "primary",
            "continuous": true
        }
    },
    "channel": {
        "type": "origins:resource",
        "min": 0,
        "max": 100,
        "start_value": 0,
        "hud_render": {
            "should_render": true,
            "sprite_location": "origins:textures/gui/community/huang/resource_bar_01.png",
            "bar_index": 19,
            "condition": {
                "type": "origins:resource",
                "resource": "*:*_channel",
                "comparison": "!=",
                "compare_to": 0
            }
        },
        "max_action": {
            "type": "origins:and",
            "actions": [
                {
                    "type": "origins:choice",
                    "actions": [
                        {
                            "weight": 20,
                            "element": {
                                "type": "origins:execute_command",
                                "command": "loot give @s loot conj:entities/randomize"
                            }
                        },
                        {
                            "weight": 20,
                            "element": {
                                "type": "origins:execute_command",
                                "command": "loot give @s loot conj:entities/epicize"
                            }
                        },
                        {
                            "weight": 20,
                            "element": {
                                "type": "origins:execute_command",
                                "command": "loot give @s loot conj:entities/nsepicize"
                            }
                        },
                        {
                            "weight": 20,
                            "element": {
                                "type": "origins:execute_command",
                                "command": "loot give @s loot conj:entities/nonstackize"
                            }
                        },
                        {
                            "weight": 20,
                            "element": {
                                "type": "origins:execute_command",
                                "command": "loot give @s loot conj:entities/moddedize"
                            }
                        }
                    ]
                },
                {
                    "type": "origins:execute_command",
                    "command": "particle scrape ~ ~1 ~ 0 0 0 10 100"
                },
                {
                    "type": "origins:play_sound",
                    "sound": "entity.illusioner.cast_spell",
                    "volume": 1,
                    "pitch": 2
                },
                {
                    "type": "origins:change_resource",
                    "resource": "*:*_channel",
                    "change": 0,
                    "operation": "set"
                },
                {
                    "type": "apoli:swing_hand",
                    "hand": "MAIN_HAND"
                },
                {
                    "type": "apoli:add_xp",
                    "levels": -10
                }
            ]
        }
    },
    "act": {
        "condition": {
            "type": "apoli:resource",
            "resource": "*:*_hold",
            "comparison": "==",
            "compare_to": 0
        },
        "type": "apoli:action_over_time",
        "interval": 1,
        "entity_action": {
            "type": "origins:change_resource",
            "resource": "*:*_channel",
            "change": -5,
            "operation": "add"
        }
    },
    "hold": {
        "type": "apoli:cooldown",
        "cooldown": 5,
        "hud_render": {
            "should_render": false
        }
    },
    "fx": {
        "condition": {
            "type": "apoli:resource",
            "resource": "*:*_hold",
            "comparison": "!=",
            "compare_to": 0
        },
        "type": "origins:action_over_time",
        "interval": 4,
        "entity_action": {
            "type": "origins:and",
            "actions": [
                {
                    "type": "origins:play_sound",
                    "sound": "minecraft:block.amethyst_block.chime",
                    "volume": 1,
                    "pitch": 1
                }
            ]
        }
    }
}