{
    "name": "Blink",
    "description": "Point at an entity within 50 blocks, you instantly teleport 4 blocks behind that entity by making a minor one-way portal.",
    "condition": {
        "type": "origins:raycast",
        "distance": 50,
        "block": false,
        "entity": true,
        "shape_type": "outline",
        "fluid_handling": "any",
        "hit_bientity_condition": {
            "type": "origins:target_condition",
            "condition": {
                "type": "origins:command",
                "command": "execute if entity @s[tag=!portal,tag=!point]",
                "comparison": ">=",
                "compare_to": 1
            }
        }
    },
    "type": "origins:active_self",
    "entity_action": {
        "type": "origins:and",
        "actions": [
            {
                "type": "origins:raycast",
                "distance": 50,
                "block": false,
                "entity": true,
                "shape_type": "outline",
                "fluid_handling": "any",
                "bientity_action": {
                    "type": "origins:target_action",
                    "action": {
                        "type": "origins:and",
                        "actions": [
                            {
                                "type": "origins:execute_command",
                                "command": "tag @s add tpto"
                            },
                            {
                                "type": "origins:delay",
                                "action": {
                                    "type": "origins:execute_command",
                                    "command": "execute as @p[tag=porter] at @e[tag=tpto] positioned ^ ^1 ^-4 run tp @s ~ ~ ~ facing entity @e[tag=tpto,limit=1]"
                                },
                                "ticks": 1
                            },
                            {
                                "type": "origins:delay",
                                "action": {
                                    "type": "origins:execute_command",
                                    "command": "tag @s remove tpto"
                                },
                                "ticks": 2
                            }
                        ]
                    }
                },
                "miss_action": {
                    "type": "origins:change_resource",
                    "resource": "*:blink",
                    "operation": "set",
                    "change": 99
                },
                "command_at_hit": "particle minecraft:scrape ~ ~0.5 ~ 0.5 0.5 0.5 30 5",
                "command_step": 1
            },
            {
                "type": "origins:execute_command",
                "command": "particle glow ~ ~0.5 ~ 0.5 0.5 0.5 0.25 25"
            },
            {
                "type": "origins:execute_command",
                "command": "particle block_marker cyan_concrete ~ ~1 ~ 0.1 0.25 0.1 0 8"
            },
            {
                "type": "origins:play_sound",
                "sound": "minecraft:entity.ender_dragon.flap",
                "volume": 0.7,
                "pitch": 1.2
            },
            {
                "type": "origins:delay",
                "action": {
                    "type": "origins:execute_command",
                    "command": "particle dust 0.000 0.600 0.561 2 ~ ~1.75 ~ 0.1 0.25 0.1 0 8"
                },
                "ticks": 6
            },
            {
                "type": "origins:delay",
                "action": {
                    "type": "origins:execute_command",
                    "command": "particle minecraft:scrape ~ ~0.5 ~ 0.5 0.5 0.5 20 25"
                },
                "ticks": 6
            },
            {
                "type": "origins:delay",
                "action": {
                    "type": "origins:play_sound",
                    "sound": "minecraft:ui.toast.out",
                    "volume": 5,
                    "pitch": 0.7
                },
                "ticks": 6
            }
        ]
    },
    "cooldown": 300,
    "hud_render": {
        "should_render": true,
        "sprite_location": "origins:textures/gui/community/spiderkolo/resource_bar_01.png",
        "bar_index": 18
    },
    "key": {
        "key": "ternary"
    }
}