{
    "name": "Mindbreak",
    "description": "Point to an entity within 20 blocks, you create a portal anchor that traps the entity by teleporting it towards the anchor if it tries to escape. Holding Shift and this key will remove the trap.",
    "badges": [
        {
            "sprite": "origins:textures/gui/badge/star.png",
            "text": "You're able to move freely around the anchor."
        }
    ],
    "type": "origins:multiple",
    "ray": {
        "condition": {
            "type": "origins:and",
            "conditions": [
                {
                    "type": "origins:raycast",
                    "distance": 20,
                    "block": false,
                    "entity": true,
                    "shape_type": "outline",
                    "fluid_handling": "any",
                    "hit_bientity_condition": {
                        "type": "origins:target_condition",
                        "condition": {
                            "type": "origins:command",
                            "command": "execute if entity @s[tag=!portal,tag=!point]",
                            "comparison": ">=",
                            "compare_to": 1
                        }
                    }
                },
                {
                    "inverted": true,
                    "type": "origins:sneaking"
                }
            ]
        },
        "type": "origins:active_self",
        "entity_action": {
            "type": "origins:and",
            "actions": [
                {
                    "type": "origins:execute_command",
                    "command": "execute as @e[tag=trap] at @s run summon item ~ ~ ~ {Age:5995,PickupDelay:200,Tags:[\"reset\"],Item:{id:\"minecraft:egg\",Count:1b}}",
                    "permission_level": 4
                },
                {
                    "type": "origins:execute_command",
                    "command": "tag @e[tag=trapped] remove trapped",
                    "permission_level": 4
                },
                {
                    "type": "origins:delay",
                    "action": {
                        "type": "origins:execute_command",
                        "command": "kill @e[tag=trap]",
                        "permission_level": 4
                    },
                    "ticks": 1
                },
                {
                    "type": "origins:delay",
                    "action": {
                        "type": "origins:execute_command",
                        "command": "execute as @e[tag=reset] at @s run forceload remove ~ ~ ~ ~",
                        "permission_level": 4
                    },
                    "ticks": 2
                },
                {
                    "type": "origins:raycast",
                    "distance": 50,
                    "block": false,
                    "entity": true,
                    "shape_type": "outline",
                    "fluid_handling": "any",
                    "bientity_action": {
                        "type": "origins:target_action",
                        "action": {
                            "type": "origins:and",
                            "actions": [
                                {
                                    "type": "origins:execute_command",
                                    "command": "tag @s add trapped"
                                },
                                {
                                    "type": "origins:delay",
                                    "action": {
                                        "type": "origins:execute_command",
                                        "command": "execute as @e[tag=trapped] at @s run summon marker ~ ~ ~ {Tags:[\"trap\"]}"
                                    },
                                    "ticks": 1
                                }
                            ]
                        }
                    },
                    "command_at_hit": "particle end_rod ~ ~0.5 ~ 0.1 0.1 0.1 0.5 35",
                    "command_step": 1
                },
                {
                    "type": "origins:delay",
                    "action": {
                        "type": "origins:execute_command",
                        "command": "execute as @e[tag=trap] at @s run forceload add ~ ~ ~ ~",
                        "permission_level": 4
                    },
                    "ticks": 4
                }
            ]
        },
        "cooldown": 600,
        "hud_render": {
            "should_render": true,
            "sprite_location": "origins:textures/gui/community/huang/resource_bar_01.png",
            "bar_index": 19
        },
        "key": {
            "key": "quinary"
        }
    },
    "remove": {
        "condition": {
            "type": "origins:and",
            "conditions": [
                {
                    "type": "origins:sneaking"
                }
            ]
        },
        "type": "origins:active_self",
        "entity_action": {
            "type": "origins:and",
            "actions": [
                {
                    "type": "origins:execute_command",
                    "command": "execute as @e[tag=trap] at @s run summon item ~ ~ ~ {Age:5995,PickupDelay:200,Tags:[\"reset\"],Item:{id:\"minecraft:egg\",Count:1b}}",
                    "permission_level": 4
                },
                {
                    "type": "origins:execute_command",
                    "command": "tag @e[tag=trapped] remove trapped",
                    "permission_level": 4
                },
                {
                    "type": "origins:delay",
                    "action": {
                        "type": "origins:execute_command",
                        "command": "kill @e[tag=trap]",
                        "permission_level": 4
                    },
                    "ticks": 1
                },
                {
                    "type": "origins:delay",
                    "action": {
                        "type": "origins:execute_command",
                        "command": "execute as @e[tag=reset] at @s run forceload remove ~ ~ ~ ~",
                        "permission_level": 4
                    },
                    "ticks": 2
                }
            ]
        },
        "cooldown": 20,
        "hud_render": {
            "should_render": false
        },
        "key": {
            "key": "quinary"
        }
    },
    "fx": {
        "type": "origins:action_over_time",
        "interval": 1,
        "entity_action": {
            "type": "origins:and",
            "actions": [
                {
                    "type": "origins:execute_command",
                    "command": "execute as @e[tag=trapped] at @s if entity @e[tag=trap,distance=3..] facing entity @e[tag=trap,limit=1] eyes run tp ^ ^0.5 ^0.5"
                },
                {
                    "type": "origins:execute_command",
                    "command": "execute as @e[tag=trap] at @s run function portal:cage"
                }
            ]
        }
    }
}