{
    "name": "Leap",
    "description": "Boost high into the air.",
    "type": "origins:active_self",
    "entity_action": {
        "type": "origins:and",
        "actions": [
            {
                "type": "origins:if_else",
                "condition": {
                    "type": "origins:moving"
                },
                "if_action": {
                    "type": "origins:and",
                    "actions": [
                        {
                            "type": "origins:add_velocity",
                            "y": 1.75,
                            "z": 1.5,
                            "space": "local",
                            "client": true,
                            "server": true
                        },
                        {
                            "type": "origins:execute_command",
                            "command": "particle snowflake ^ ^6 ^7 0.5 0.5 0.5 0.1 50"
                        },
                        {
                            "type": "origins:execute_command",
                            "command": "particle white_ash ^ ^6 ^7 0.5 0.5 0.5 0.1 50"
                        }
                    ]
                },
                "else_action": {
                    "type": "origins:and",
                    "actions": [
                        {
                            "type": "origins:add_velocity",
                            "y": 2,
                            "space": "world",
                            "client": true,
                            "server": true
                        },
                        {
                            "type": "origins:execute_command",
                            "command": "particle snowflake ~ ~3 ~ 0.5 0.5 0.5 0.1 50"
                        },
                        {
                            "type": "origins:execute_command",
                            "command": "particle white_ash ~ ~3 ~ 0.5 0.5 0.5 0.1 50"
                        }
                    ]
                }
            },
            {
                "type": "origins:play_sound",
                "sound": "entity.horse.ambient",
                "volume": 3,
                "pitch": 1
            },
            {
                "type": "apoli:delay",
                "action": {
                    "type": "origins:play_sound",
                    "sound": "entity.horse.jump",
                    "volume": 1,
                    "pitch": 1.25
                },
                "ticks": 3
            }
        ]
    },
    "cooldown": 600,
    "hud_render": {
        "should_render": true,
        "sprite_location": "origins:textures/gui/community/spiderkolo/resource_bar_03.png",
        "bar_index": 23
    },
    "key": {
        "continuous": true,
        "key": "primary"
    }
}