{
    "name": "§6§nLarge Requirements",
    "description": "Armor under iron doesn't sit right on you.",
    "type": "origins:restrict_armor",
    "head": {
        "type": "origins:armor_value",
        "comparison": "<",
        "compare_to": 2
    },
    "chest": {
        "type": "origins:armor_value",
        "comparison": "<",
        "compare_to": 6
    },
    "legs": {
        "type": "origins:armor_value",
        "comparison": "<",
        "compare_to": 5
    },
    "feet": {
        "type": "origins:armor_value",
        "comparison": "<",
        "compare_to": 2
    }
}