{
    "name": "§b§nDestabilizing Form",
    "description": "When you are half health or lower you get Speed I till healed.",
    "condition": {
        "type": "origins:health",
        "comparison": "<",
        "compare_to": 8
    },
    "type": "origins:action_over_time",
    "interval": 10,
    "entity_action": {
        "type": "origins:apply_effect",
        "effect": {
            "effect": "speed",
            "duration": 100,
            "amplifier": 0,
            "show_particles": false,
            "show_icon": true
        }
    }
}