{
    "name": "§4§nNo Axes",
    "description": "You can't use axes.",
    "condition": {
        "type": "origins:equipped_item",
        "equipment_slot": "mainhand",
        "item_condition": {
            "type": "origins:ingredient",
            "ingredient": {
                "tag": "capt:axes"
            }
        }
    },
    "type": "origins:conditioned_attribute",
    "modifiers": [
        {
            "attribute": "generic.attack_damage",
            "operation": "addition",
            "value": -100
        },
        {
            "attribute": "generic.attack_speed",
            "operation": "addition",
            "value": -100
        }
    ],
    "tick_rate": 1
}