{
    "name": "§1§nHis Shield",
    "description": "You gain buffs when holding a shield.",
	"hidden": true,
    "condition": {
        "type": "origins:and",
        "conditions": [
            {
                "inverted": true,
                "type": "origins:biome",
                "condition": {
                    "type": "origins:temperature",
                    "comparison": "<",
                    "compare_to": 0.6
                }
            },
            {
                "type": "origins:or",
                "conditions": [
                    {
                        "type": "origins:equipped_item",
                        "equipment_slot": "mainhand",
                        "item_condition": {
                            "type": "origins:ingredient",
                            "ingredient": {
                                "item": "shield"
                            }
                        }
                    },
                    {
                        "type": "origins:equipped_item",
                        "equipment_slot": "offhand",
                        "item_condition": {
                            "type": "origins:ingredient",
                            "ingredient": {
                                "item": "shield"
                            }
                        }
                    }
                ]
            }
        ]
    },
    "type": "origins:conditioned_attribute",
    "modifiers": [
        {
            "attribute": "generic.movement_speed",
            "operation": "multiply_base",
            "value": 0.25
        },
        {
            "attribute": "generic.attack_speed",
            "operation": "multiply_base",
            "value": 0.25
        },
        {
            "attribute": "generic.knockback_resistance",
            "operation": "addition",
            "value": 1
        },
		{
            "attribute": "generic.max_health",
            "operation": "addition",
            "value": 2
        }
    ],
    "tick_rate": 1
}