{
    "name": "§1§nMjolnir",
    "description": "Summon Mjolnir at will.",
    "type": "origins:multiple",
    "act": {
        "condition": {
            "type": "origins:and",
            "conditions": [
                {
					"inverted": true,
                    "type": "origins:command",
                    "command": "clear @s trident{display:{Name:'[{\"text\":\"Mjolnir\",\"italic\":false,\"color\":\"yellow\",\"bold\":true}]'},Enchantments:[{id:channeling,lvl:1},{id:impaling,lvl:10},{id:sharpness,lvl:5},{id:loyalty,lvl:3},{id:mending,lvl:1},{id:unbreaking,lvl:3}]} 0",
                    "comparison": ">=",
                    "compare_to": 1,
                    "permission_level": 4
                }
            ]
        },
        "type": "origins:active_self",
        "entity_action": {
            "type": "origins:and",
            "actions": [
                {
                    "type": "origins:execute_command",
                    "command": "give @s trident{display:{Name:'[{\"text\":\"Mjolnir\",\"italic\":false,\"color\":\"yellow\",\"bold\":true}]'},Enchantments:[{id:channeling,lvl:1},{id:impaling,lvl:10},{id:sharpness,lvl:5},{id:loyalty,lvl:3},{id:mending,lvl:1},{id:unbreaking,lvl:3}]} 1",
                    "permission_level": 4
                }
            ]
        },
        "cooldown": 5,
        "hud_render": {
            "should_render": false
        },
        "key": {
            "key": "secondary"
        }
    },
    "debug": {
        "condition": {
            "type": "origins:command",
            "command": "clear @s trident{display:{Name:'[{\"text\":\"Mjolnir\",\"italic\":false,\"color\":\"yellow\",\"bold\":true}]'},Enchantments:[{id:channeling,lvl:1},{id:impaling,lvl:10},{id:sharpness,lvl:5},{id:loyalty,lvl:3},{id:mending,lvl:1},{id:unbreaking,lvl:3}]} 0",
            "comparison": ">=",
            "compare_to": 2,
            "permission_level": 4
        },
        "type": "origins:action_over_time",
        "interval": 1,
        "entity_action": {
            "type": "origins:and",
            "actions": [
                {
                    "type": "origins:execute_command",
                    "command": "clear @s trident{display:{Name:'[{\"text\":\"Mjolnir\",\"italic\":false,\"color\":\"yellow\",\"bold\":true}]'},Enchantments:[{id:channeling,lvl:1},{id:impaling,lvl:10},{id:sharpness,lvl:5},{id:loyalty,lvl:3},{id:mending,lvl:1},{id:unbreaking,lvl:3}]} 1",
                    "permission_level": 4
                }
            ]
        }
    },
    "debug2": {
        "type": "origins:action_over_time",
        "interval": 1,
        "entity_action": {
            "type": "origins:and",
            "actions": [
                {
                    "type": "origins:execute_command",
                    "command": "execute as @e[tag=!capt] at @s run clear @s trident{display:{Name:'[{\"text\":\"Mjolnir\",\"italic\":false,\"color\":\"yellow\",\"bold\":true}]'},Enchantments:[{id:channeling,lvl:1},{id:impaling,lvl:10},{id:sharpness,lvl:5},{id:loyalty,lvl:3},{id:mending,lvl:1},{id:unbreaking,lvl:3}]} 1",
                    "permission_level": 4
                }
            ]
        }
    }
}