{
    "name": "Graceful Fall",
    "description": "You take no fall damage from a fall under 20 blocks.",
    "condition": {
        "type": "origins:fall_distance",
        "comparison": "<=",
        "compare_to": 20
    },
    "type": "origins:invulnerability",
    "damage_condition": {
        "type": "origins:or",
        "conditions": [
            {
                "type": "origins:name",
                "name": "fall"
            },
            {
                "type": "origins:name",
                "name": "fall.player"
            }
        ]
    }
}