{
    "type": "origins:active_self",
    "entity_action": {
        "type": "origins:add_velocity",
		"space": "local",
		"z": 1.0,
        "y": 0.5
	},
	"key":{
		"key": "key.origins.primary_active",
		"continuous": true
	},
	"hud_render": {
	"should_render": true,
	"sprite_location": "origins:textures/gui/community/spiderkolo/resource_bar_03.png",
	"bar_index": 16
	},
	"cooldown": 100,
	"name": "Pounce",
	"description": "You can jump forward into the direction you are looking at."
}
