{
    "powers": [
        "originsplus:anger_villagers",
        "originsplus:convert_villagers",
        "originsplus:pacify_hostiles",
        "originsplus:buff_spawners",
        "origins:natural_armor",
        "origins:hotblooded",
        "originsplus:zombie_group",
        "originsplus:prevent_sleep",
        "originsplus:block_sleep",
        "originsplus:burn_in_daylight"
    ],
    "icon": "minecraft:rotten_flesh",
    "order": 2,
    "impact": 3,
    "loading_priority": 100,
    "unchoosable": true
}