{
	"name": "Climbing",
	"description": "Your little feet stick to walls, allowing you to climb them.",
	"type": "origins:multiple",
	"toggle": {
		"type": "origins:toggle",
		"key": {
			"key": "key.origins.secondary_active",
			"continuous": false
		}
	},
	"climbing": {
		"type": "origins:climbing",
		"hold_condition": {
			"type": "origins:and",
			"conditions": [
				{
					"type": "origins:or",
					"conditions": [
						{
							"type": "origins:block_collision",
							"offset_x": 0.01,
							"offset_z": 0.01,
							"offset_y": 0
						},
						{
							"type": "origins:block_collision",
							"offset_x": -0.01,
							"offset_z": -0.01,
							"offset_y": 0
						}
					]
				},
				{
					"type": "origins:power_active",
					"power": "*:*_toggle"
				}
			]
		},
		"condition": {
			"type": "origins:and",
			"conditions": [
				{
					"type": "origins:collided_horizontally"
				},
				{
					"type": "origins:power_active",
					"power": "*:*_toggle"
				}
			]
		}
	}
}