{
    "name": "Strength of an Ant",
    "description": "You are stronger and faster.",
    "type": "origins:action_over_time",
    "interval": 25,
    "entity_action": {
        "type": "origins:apply_effect",
        "effects": [
            {
                "effect": "strength",
                "duration": 35,
                "amplifier": 0,
                "show_particles": false,
                "show_icon": false
            },
            {
                "effect": "speed",
                "duration": 35,
                "amplifier": 0,
                "show_particles": false,
                "show_icon": false
            }
        ]
    }
}