{
    "name": "Venomous Spray",
    "description": "Attacking an enemy poisons them for a short time.",
    "type": "origins:action_on_hit",
    "bientity_action": {
        "type": "origins:target_action",
        "action": {
            "type": "origins:apply_effect",
            "effect": {
                "effect": "poison",
                "duration": 100,
                "amplifier": 0,
                "show_particles": true,
                "show_icon": true
            }
        }
    },
    "damage_condition": {
        "inverted": true,
        "type": "origins:projectile"
    },
    "cooldown": 100,
    "hud_render": {
        "should_render": false
    }
}