{
    "name": "Charger",
    "description": "The hungier you are, the dimmer you get.",
    "type": "origins:multiple",
    "act": {
        "type": "origins:action_over_time",
        "interval": 1,
        "entity_action": {
            "type": "origins:if_else_list",
            "actions": [
                {
                    "condition": {
                        "type": "origins:and",
                        "conditions": [
                            {
                                "type": "origins:food_level",
                                "comparison": "==",
                                "compare_to": 20
                            }
                        ]
                    },
                    "action": {
                        "type": "origins:and",
                        "actions": [
                            {
                                "type": "origins:execute_command",
                                "command": "function spark:l1"
                            }
                        ]
                    }
                },
                {
                    "condition": {
                        "type": "origins:and",
                        "conditions": [
                            {
                                "type": "origins:food_level",
                                "comparison": ">=",
                                "compare_to": 16
                            },
                            {
                                "type": "origins:food_level",
                                "comparison": "<",
                                "compare_to": 20
                            }
                        ]
                    },
                    "action": {
                        "type": "origins:and",
                        "actions": [
                            {
                                "type": "origins:execute_command",
                                "command": "function spark:l2"
                            }
                        ]
                    }
                },
                {
                    "condition": {
                        "type": "origins:and",
                        "conditions": [
                            {
                                "type": "origins:food_level",
                                "comparison": ">=",
                                "compare_to": 12
                            },
                            {
                                "type": "origins:food_level",
                                "comparison": "<",
                                "compare_to": 16
                            }
                        ]
                    },
                    "action": {
                        "type": "origins:and",
                        "actions": [
                            {
                                "type": "origins:execute_command",
                                "command": "function spark:l3"
                            }
                        ]
                    }
                },
                {
                    "condition": {
                        "type": "origins:and",
                        "conditions": [
                            {
                                "type": "origins:food_level",
                                "comparison": ">=",
                                "compare_to": 8
                            },
                            {
                                "type": "origins:food_level",
                                "comparison": "<",
                                "compare_to": 12
                            }
                        ]
                    },
                    "action": {
                        "type": "origins:and",
                        "actions": [
                            {
                                "type": "origins:execute_command",
                                "command": "function spark:l4"
                            }
                        ]
                    }
                },
                {
                    "condition": {
                        "type": "origins:and",
                        "conditions": [
                            {
                                "type": "origins:food_level",
                                "comparison": ">=",
                                "compare_to": 4
                            },
                            {
                                "type": "origins:food_level",
                                "comparison": "<",
                                "compare_to": 8
                            }
                        ]
                    },
                    "action": {
                        "type": "origins:and",
                        "actions": [
                            {
                                "type": "origins:execute_command",
                                "command": "function spark:l5"
                            }
                        ]
                    }
                },
                {
                    "condition": {
                        "type": "origins:and",
                        "conditions": [
                            {
                                "type": "origins:food_level",
                                "comparison": "<",
                                "compare_to": 4
                            }
                        ]
                    },
                    "action": {
                        "type": "origins:and",
                        "actions": [
                            {
                                "type": "origins:execute_command",
                                "command": "function spark:clear"
                            }
                        ]
                    }
                }
            ]
        }
    }
}