{
    "powers": [
        "spilaioorigins:hot",
        "spilaioorigins:wetness",
        "spilaioorigins:the_jukebox",
        "spilaioorigins:flight_manage",
        "spilaioorigins:jukebox_chest",
        "spilaioorigins:flight_ability",
        "spilaioorigins:wetness_manage",
        "spilaioorigins:alliqe_possession",
        "spilaioorigins:toggle_flight_con",
        "spilaioorigins:elytra_but_no",
        "origins:fall_immunity",
        "origins:fragile"
    ],
    "icon": "music_disc_11",
    "order": 1,
    "impact": 3,
    "loading_priority": 2147483647,
    "unchoosable": true
}