{
    "powers": [
        "spilaioorigins:robotic_eye",
        "spilaioorigins:half_organic",
        "spilaioorigins:sinking",
        "spilaioorigins:no_elytra",
        "spilaioorigins:redstone_enhanced",
        "spilaioorigins:human_corrosion",
        "spilaioorigins:tank",
        "spilaioorigins:powered",
        "spilaioorigins:rain_deterrent"
    ],
    "upgrades": [
        {
            "condition": "minecraft:end/respawn_dragon",
            "origin": "spilaioorigins:nesiji"
        }
    ],
    "icon": "piston",
    "order": 1,
    "impact": 2,
    "loading_priority": 2147483647,
    "unchoosable": true
}