{
    "powers": [
        "spilaioorigins:spores",
        "spilaioorigins:drowning",
        "spilaioorigins:lightweight",
        "spilaioorigins:shroom_limbs",
        "spilaioorigins:modified_spawn",
        "spilaioorigins:mushroom_vision",
        "spilaioorigins:invasive_species",
        "spilaioorigins:underground_life",
        "origins:more_exhaustion",
        "origins:burning_wrath",
        "origins:nether_spawn"
    ],
    "icon": "warped_fungus",
    "order": 1,
    "impact": 2,
    "loading_priority": 2147483647,
    "unchoosable": true
}