{
    "powers": [
        "warper:ghost/possession",
        "warper:ghost/spellbook",
		"warper:ghost/bar1",
		"warper:ghost/form",
		"warper:ghost/hide",
		"origins:climbing",
		"warper:ghost/fly",
		"warper:ghost/fly1",
		"warper:ghost/set_up_scoreboards",
		"warper:ghost/souls",
		"warper:ghost/hit",
		"warper:ghost/fear",
		"warper:ghost/velocity",
		"warper:ghost/iron_sword",
		"warper:ghost/see_through",
		"warper:ghost/shadow_merge"
		
    ],
	"icon": {
		"item": "minecraft:black_dye"
	},
	"order": 20,
	"impact": 3,
    "name": "shadow manipulator",
    "description": "you are a sly, deceitful schemer, who prefers to catch people off guard. you appear to enjoy dark concepts. this origin was created by uvthemaster(UvXd) inspired by fin() ideas"
}