{
    "name": "§e§nCarnivore",
    "description": "Your diet is restricted to meat.",
    "type": "origins:prevent_item_use",
    "item_condition": {
        "type": "origins:and",
        "conditions": [
            {
                "inverted": true,
                "type": "origins:or",
                "conditions": [
                    {
                        "type": "origins:ingredient",
                        "ingredient": {
                            "tag": "origins:meat"
                        }
                    },
                    {
                        "type": "origins:meat"
                    }
                ]
            },
            {
                "type": "origins:food"
            },
            {
                "inverted": true,
                "type": "origins:ingredient",
                "ingredient": {
                    "tag": "origins:ignore_diet"
                }
            }
        ]
    }
}