{
    "name": "§2§nStrong Grip",
    "description": "You can pickup any mob while Hotbar9 is selected by Rightclicking them.",
    "type": "origins:multiple",
    "grab": {
        "condition": {
            "type": "origins:and",
            "conditions": [
                {
                    "type": "origins:command",
                    "command": "data get entity @s SelectedItemSlot",
                    "comparison": "==",
                    "compare_to": 8
                },
                {
                    "type": "origins:resource",
                    "resource": "*:apex/pickup_cd",
                    "comparison": "==",
                    "compare_to": 0
                }
            ]
        },
        "type": "origins:action_on_entity_use",
        "bientity_action": {
            "type": "origins:if_else",
            "condition": {
                "type": "origins:target_condition",
                "condition": {
                    "inverted": true,
                    "type": "origins:nbt",
                    "nbt": "{Tags:[\"grabbed\"]}"
                }
            },
            "if_action": {
                "type": "origins:and",
                "actions": [
                    {
                        "type": "origins:actor_action",
                        "action": {
                            "type": "origins:and",
                            "actions": [
                                {
                                    "type": "origins:trigger_cooldown",
                                    "power": "*:apex/pickup_cd"
                                }
                            ]
                        }
                    },
                    {
                        "type": "origins:target_action",
                        "action": {
                            "type": "origins:and",
                            "actions": [
                                {
                                    "type": "origins:execute_command",
                                    "command": "tag @e remove grabbed"
                                },
                                {
                                    "type": "origins:delay",
                                    "action": {
                                        "type": "origins:execute_command",
                                        "command": "tag @s add grabbed"
                                    },
                                    "ticks": 2
                                }
                            ]
                        }
                    }
                ]
            },
            "else_action": {
                "type": "origins:and",
                "actions": [
                    {
                        "type": "origins:actor_action",
                        "action": {
                            "type": "origins:and",
                            "actions": [
                                {
                                    "type": "origins:trigger_cooldown",
                                    "power": "*:apex/pickup_cd"
                                }
                            ]
                        }
                    },
                    {
                        "type": "origins:target_action",
                        "action": {
                            "type": "origins:and",
                            "actions": [
                                {
                                    "type": "origins:execute_command",
                                    "command": "tag @e remove grabbed"
                                }
                            ]
                        }
                    }
                ]
            }
        },
        "bientity_condition": {
            "type": "origins:target_condition",
            "condition": {
                "type": "origins:command",
                "command": "execute if entity @s[tag=!me]",
                "comparison": ">=",
                "compare_to": 1
            }
        },
        "item_condition": {
            "type": "origins:empty"
        },
        "hands": [
            "main_hand",
            "off_hand"
        ],
        "action_result": "success"
    },
    "cd": {
        "type": "origins:cooldown",
        "cooldown": 20,
        "hud_render": {
            "should_render": true,
            "sprite_location": "origins:textures/gui/community/huang/resource_bar_01.png",
            "bar_index": 5
        }
    },
    "tp": {
        "condition": {
            "type": "origins:and",
            "conditions": [
                {
                    "type": "origins:command",
                    "command": "data get entity @s SelectedItemSlot",
                    "comparison": "==",
                    "compare_to": 8
                }
            ]
        },
        "type": "origins:action_over_time",
        "interval": 1,
        "entity_action": {
            "type": "origins:and",
            "actions": [
                {
                    "type": "origins:execute_command",
                    "command": "tp @e[tag=grabbed,distance=..3.5,limit=1] ^ ^1.35 ^2.5"
                },
                {
                    "type": "origins:execute_command",
                    "command": "effect give @e[tag=grabbed,distance=..3.5,limit=1] slow_falling 1 0 true"
                }
            ]
        }
    },
    "act": {
        "condition": {
            "type": "origins:command",
            "command": "data get entity @s SelectedItemSlot",
            "comparison": "==",
            "compare_to": 8
        },
        "type": "origins:action_over_time",
        "interval": 1,
        "rising_action": {
            "type": "origins:execute_command",
            "command": "title @s actionbar \"§e§lReady to Pick-up§r\""
        },
        "falling_action": {
            "type": "origins:execute_command",
            "command": "tag @e remove grabbed"
        }
    }
}