{
    "name": "§5§nRoar§r",
    "description": "Let out a loud roar that stuns nearby enemies!",
    "type": "origins:active_self",
    "entity_action": {
        "type": "origins:and",
        "actions": [
            {
                "type": "origins:area_of_effect",
                "radius": 16,
                "bientity_action": {
                    "type": "origins:target_action",
                    "action": {
                        "type": "origins:and",
                        "actions": [
                            {
                                "type": "origins:add_velocity",
                                "y": 0.35,
                                "space": "world",
                                "client": true,
                                "server": true,
                                "set": true
                            },
                            {
                                "type": "origins:apply_effect",
                                "effects": [
                                    {
                                        "effect": "slowness",
                                        "duration": 60,
                                        "amplifier": 99,
                                        "show_particles": false,
                                        "show_icon": true
                                    },
                                    {
                                        "effect": "nausea",
                                        "duration": 100,
                                        "amplifier": 0,
                                        "show_particles": false,
                                        "show_icon": true
                                    }
                                ]
                            }
                        ]
                    }
                }
            },
            {
                "type": "origins:execute_command",
                "command": "particle minecraft:sonic_boom ~ ~2.25 ~ 0 0 0 0 1"
            },
            {
                "type": "origins:execute_command",
                "command": "particle crit ~ ~0.5 ~ 3 0.5 3 0 300"
            },
            {
                "type": "origins:execute_command",
                "command": "playsound minecraft:entity.horse.death ambient @p[distance=..16] ~ ~ ~ 5 0.5"
            },
            {
                "type": "apoli:delay",
                "action":  {
                    "type": "origins:execute_command",
                    "command": "playsound minecraft:entity.wolf.growl ambient @p[distance=..16] ~ ~ ~ 5 0.45"
                },
                "ticks": 5
            }
        ]
    },
    "cooldown": 400,
    "hud_render": {
        "should_render": true,
        "sprite_location": "origins:textures/gui/community/huang/resource_bar_02.png",
        "bar_index": 7
    },
    "key": {
        "key": "primary"
    }
}