{
    "name": "Fire Immunity",
    "description": "You do not take damage from any fire.",
    "type": "origins:multiple",
    "imm": {
        "type": "origins:fire_immunity"
    },
    "speed": {
        "type": "origins:modify_lava_speed",
        "modifier": {
            "operation": "multiply_base",
            "value": 0.5
        }
    },
    "see": {
        "type": "origins:lava_vision",
        "s": 3,
        "v": 10
    },
	"stats": {
        "type": "origins:attribute",
        "modifiers": [
            {
                "attribute": "additionalentityattributes:lava_visibility",
                "operation": "addition",
                "value": 5
            },
            {
                "attribute": "additionalentityattributes:lava_speed",
                "operation": "addition",
                "value": 5
            }
        ],
        "update_health": false
    }
}