{
  "type": "origins:active_self",
	"entity_action": {
		"type": "origins:if_else",
		"condition": {
			"type": "origins:resource",
			"resource": "warper:ghost/souls",
			"comparison": "<",
			"compare_to": 5
		},
		"if_action": {
			"type": "origins:extinguish"
		},
		"else_action": {
			"type": "origins:and",
			"actions": [{
					"type": "origins:execute_command",
					"command": "effect give @e[distance=..7] blindness 8 1 false",
					"permission_level": 4
				},
				{
					"type": "origins:execute_command",
					"command": "effect give @e[distance=..7] slowness 8 2 false",
					"permission_level": 4
				},
				{
					"type": "origins:execute_command",
					"command": "playsound minecraft:entity.ravager.roar master @a[distance=..7]",
					"permission_level": 4
				},
				{
					"type": "origins:change_resource",
					"resource": "warper:ghost/souls",
					"change": -10
				},
				{
					"type": "origins:delay",
					"ticks": 1,
					"action": {
						"type": "origins:execute_command",
						"command": "effect clear @s",
						"permission_level": 4
					}
				},
				{
					"type": "origins:delay",
					"ticks": 2,
					"action": {
						"type": "origins:execute_command",
						"command": "particle minecraft:dust 0 0 0 1 ~ ~ ~ 10 10 10 0.1 1000 normal",
						"permission_level": 4
					}
				},
				{
					"type": "origins:delay",
					"ticks": 3,
					"action": {
						"type": "origins:execute_command",
						"command": "effect give @s strength 7 0 false",
						"permission_level": 4
					}
				}
			]
		}
	},
  "cooldown": 20,
  "hud_render": {
    "should_render": true,
    "sprite_location": "origins:textures/gui/community/spiderkolo/resource_bar_02.png",
    "bar_index": 17
  },
  "key": {
    "key": "key.origins.secondary_active",
    "continuous": true
  },
  "condition": {
    "type": "origins:and",
    "conditions": [
      {
        "type": "origins:sneaking",
        "inverted": false
      }
    ]
  },
     "name": "shadow domane",
    "description": "(sneak + Secondary) can make enemies go blind and get slowness for 10 seconds, when you get strength."
}
