{
	"hidden": true,
	"type": "origins:multiple",
	"size": {
		"type": "extraorigins:modify_size",
		"scale": 0.25,
		"condition": {
			"type": "origins:power_active",
			"power": "warper:ghost/bar1"
		}
	},
	"speed": {
		"condition": {
			"type": "origins:power_active",
			"power": "warper:ghost/bar1"
		},
		"type": "origins:conditioned_attribute",
		"modifier": {
			"attribute": "generic.movement_speed",
			"operation": "multiply_base",
			"value": 0.5
		},
		"tick_rate": 1,
		"update_health": false
	},
	"fx": {
		"type": "origins:active_self",
		"entity_action": {
			"type": "origins:and",
			"actions": [
				{
					"type": "origins:execute_command",
					"command": "particle smoke ~ ~1.5 ~ 0.25 0.25 0.25 0 25"
				},
				{
					"type": "origins:execute_command",
					"command": "particle smoke ~ ~0.75 ~ 0.25 0.25 0.25 0 25"
				},
				{
					"type": "origins:execute_command",
					"command": "particle smoke ~ ~0.25 ~ 0.25 0.25 0.25 0 25"
				}
			]
		},
		"cooldown": 1,
		"hud_render": {
			"should_render": false
		},
		"key": {
			"key": "key.saveToolbarActivator",
			"continuous": true
		}
	}
}