{
	"name": "shadow sneak",
	"description": "while pressing savetoolbar you can turn yourself smaller, climb block and ennoy people",
	"type": "origins:multiple",
	"invis": {
		"type": "origins:invisibility",
		"render_armor": false,
		"condition": {
			"type": "origins:or",
			"conditions": [
				{
					"type": "origins:power_active",
					"power": "warper:ghost/bar1"
				},
				{
					"type": "origins:power_active",
					"power": "*:on"
				}
			]
		}
	},
	"nodmg": {
        "condition": {
            "type": "origins:or",
            "conditions": [
                {
                    "type": "origins:power_active",
                    "power": "warper:ghost/bar1"
                },
                {
                    "type": "origins:power_active",
                    "power": "*:on"
                }
            ]
        },
        "type": "origins:modify_damage_dealt",
        "modifier": {
            "operation": "multiply_total",
            "value": -1
        }
    }
	"particle": {
		"type": "origins:action_over_time",
		"entity_action": {
			"type": "origins:execute_command",
			"command": "particle minecraft:dust 0 0 0 1 ~ ~ ~ .25 .25 .25 0.18 9"
		},
		"interval": 1,
		"condition": {
			"type": "origins:and",
			"conditions": [
				{
					"type": "origins:power_active",
					"power": "warper:ghost/bar1"
				},
				{
					"type": "origins:brightness",
					"comparison": ">=",
					"compare_to": 0.25
				}
			]
		}
	},
	"particle1": {
		"type": "origins:action_over_time",
		"entity_action": {
			"type": "origins:execute_command",
			"command": "particle minecraft:dust 0 0 0 1 ~ ~ ~ .25 .25 .25 0.18 9"
		},
		"interval": 2,
		"condition": {
			"type": "origins:and",
			"conditions": [
				{
					"type": "origins:power_active",
					"power": "*:on"
				},
				{
					"type": "origins:brightness",
					"comparison": ">=",
					"compare_to": 0.25
				}
			]
		}
	},
	"fall_dmg": {
		"type": "origins:invulnerability",
		"damage_condition": {
			"type": "origins:name",
			"name": "fall"
		},
		"condition": {
			"type": "origins:or",
			"conditions": [
				{
					"type": "origins:power_active",
					"power": "warper:ghost/bar1"
				},
				{
					"type": "origins:power_active",
					"power": "*:on"
				}
			]
		}
	},
	"weak": {
		"type": "origins:stacking_status_effect",
		"min_stacks": 0,
		"max_stacks": 1,
		"duration_per_stack": 15,
		"effect": {
			"effect": "minecraft:speed",
			"is_ambient": true,
			"show_particles": false,
			"show_icon": false,
			"amplifier": 255
		},
		"condition": {
			"type": "origins:power_active",
			"power": "*:on"
		}
	}
}