{
	"name": "Hide and Seek",
	"description": "Phase inside a block that is adjecent to at least one empty space.",
	"type": "origins:multiple",
	"tap": {
		"type": "origins:toggle",
		"active_by_default": false,
		"key": {
			"key": "key.loadToolbarActivator"
		},
		"retain_state": true
	},
	"phase": {
		"condition": {
			"type": "origins:and",
			"conditions": [
				{
					"type": "origins:power_active",
					"power": "*:ghost/hide_tap"
				},
				{
					"type": "origins:brightness",
					"comparison": "<=",
					"compare_to": 0.3
				}
			]
		},
		"type": "origins:phasing",
		"block_condition": {
			"type": "origins:or",
			"conditions": [
				{
					"type": "origins:in_tag",
					"tag": "origins:unphasable"
				},
				{
					"type": "origins:adjacent",
					"adjacent_condition": {
						"type": "origins:block",
						"block": "air"
					},
					"comparison": "==",
					"compare_to": 0
				}
			]
		},
		"blacklist": true,
		"render_type": "none",
		"view_distance": 100,
		"phase_down_condition": {
			"type": "origins:and",
			"conditions": [
				{
					"type": "origins:sneaking"
				},
				{
					"type": "origins:on_block",
					"block_condition": {
						"type": "origins:adjacent",
						"adjacent_condition": {
							"type": "origins:block",
							"block": "air"
						},
						"comparison": ">=",
						"compare_to": 1
					}
				}
			]
		}
	},
	"ol": {
		"condition": {
			"type": "origins:power_active",
			"power": "*:ghost/hide_tap"
		},
		"type": "origins:overlay",
		"texture": "minecraft:textures/misc/nausea.png",
		"strength": 0.65,
		"red": 0.75,
		"green": 0.05,
		"blue": 0.95,
		"draw_mode": "nausea",
		"draw_phase": "below_hud",
		"hide_with_hud": true,
		"visible_in_third_person": false
	}
}