{
  "type": "origins:multiple",
  "slow_dark": {
    "type": "origins:conditioned_attribute",
    "modifier": {
        "attribute": "minecraft:generic.attack_damage",
        "operation": "addition",
        "value": 3,
        "name": "In Brightness Speed"
    },
    "tick_rate": 10,
    "condition": {
        "type": "origins:brightness",
        "comparison": "<=",
        "compare_to": "0.5"
    }
},
    "fast_bright": {
    "type": "origins:conditioned_attribute",
    "modifier": {
        "attribute": "minecraft:generic.movement_speed",
        "operation": "addition",
        "value": 0,
        "name": "In Brightness fast"
    },
    "tick_rate": 10,
    "condition": {
        "type": "origins:brightness",
        "comparison": ">=",
        "compare_to": "0.7"
    }
        
},
    "name": "Friend of the dark",
    "description": "Your attack damage is larger while you are in the dark."
}