{
    "type": "origins:multiple",
    "resource": {
        "type": "origins:resource",
        "min": 0,
        "max": 20,
        "hud_render": {
            "should_render": false
        }
    },
    "spellbook_active_7": {
        "type": "origins:active_self",
        "hud_render": {
            "should_render": false
        },
        "key": {
            "key": "key.origins.primary_active"
        },
        "cooldown": 20,
		"hud_render": {
		"should_render": true,
		"sprite_location": "origins:textures/gui/community/spiderkolo/resource_bar_01.png",
		"bar_index": 4
		},
        "entity_action": {
            "type": "origins:and",
            "actions": [
                {
                    "type": "origins:change_resource",
                    "resource": "*:ghost/spellbook_resource",
                    "change": 0
                },
                {
                    "type": "origins:execute_command",
                    "command": "execute at @s run tag @e[limit=1,type=!player,distance=..4.5] add possessTarget",
                    "permission_level": 4
                },
                {
                    "type": "origins:execute_command",
                    "command": "execute at @s run data merge entity @e[tag=possessTarget,limit=1,distance=..6.5] {NoAI:1,Silent:1,Invulnerable:1}",
                    "permission_level": 4
                },
                {
                    "type": "origins:change_resource",
                    "resource": "*:ghost/possession_resource",
                    "change": 1
                },
                {
                    "type": "origins:execute_command",
                    "command": "execute as @s run team join ghost",
                    "permission_level": 4
                },
                {
                    "type": "origins:execute_command",
                    "command": "execute as @e[tag=possessTarget,limit=1,distance=..8] run team join ghost",
                    "permission_level": 4
                }
            ]
        },
        "condition": {
            "type": "origins:and",
            "conditions": [{
                    "type": "origins:resource",
                    "resource": "*:ghost/spellbook_resource",
                    "comparison": ">=",
                    "compare_to": 100
                },
                {
                    "type": "origins:resource",
                    "resource": "*:ghost/possession_resource",
                    "comparison": "<=",
                    "compare_to": 0
                }
            ]
        }
    },
	"possession_active_timer": {
        "type": "origins:action_over_time",
        "interval": 10,
        "entity_action": {
            "type": "origins:change_resource",
            "resource": "*:ghost/possession_resource",
            "change": -1
        },
        "condition": {
            "type": "origins:resource",
            "resource": "*:ghost/possession_resource",
            "comparison": ">",
            "compare_to": 0
        }
    },
	"possession_hold_timer": {
        "type": "origins:action_over_time",
        "interval": 10,
        "entity_action": {
            "type": "origins:change_resource",
            "resource": "*:ghost/possession_resource",
            "change": 1
        },
        "condition": {
            "type":"origins:power_active",
			"power":"*:*_toggle"
        }
    },
	"possession_status_effects": {
        "type": "origins:stacking_status_effect",
		"min_stacks": 2,
		"max_stacks": 2,
		"duration_per_stack": 10,
		"effects": [
        {
            "effect": "minecraft:strength",
            "is_ambient": true,
            "show_particles": false,
            "show_icon": true
        },
        {
            "effect": "minecraft:hunger",
			"amplifier": 1,
            "is_ambient": true,
            "show_particles": false,
            "show_icon": true
        }
    ],
        "condition": {
            "type": "origins:resource",
            "resource": "*:ghost/possession_resource",
            "comparison": ">",
            "compare_to": 0
        }
		
    },
	"toggle":{
      "type":"origins:toggle",
	  "active_by_default": false,
      "key":{
         "key":"key.origins.primary_active",
         "continuous":false
      }
	},
	"possession_friends": {
	"type": "origins:action_over_time",
	"entity_action": {
	"type": "origins:execute_command",
	"command": "execute as @e[distance=..8] run team join ghost",
	"permission_level": 4
	},
	"interval": 5,
	"condition": {
            "type": "origins:resource",
            "resource": "*:ghost/possession_resource",
            "comparison": ">",
            "compare_to": 0
        }
	},
    "possession_end": {
        "type": "origins:action_over_time",
        "interval": 5,
        "rising_action": {
            "type": "origins:and",
            "actions": [{
                    "type": "origins:execute_command",
                    "command": "execute at @s run data merge entity @e[tag=possessTarget,limit=1,distance=..8] {NoAI:0,Silent:0,Invulnerable:0}",
                    "permission_level": 4
                },
                {
                    "type": "origins:execute_command",
                    "command": "execute as @s run team leave @s",
                    "permission_level": 4
                },
                {
                    "type": "origins:execute_command",
                    "command": "execute as @e[tag=possessTarget,limit=1,distance=..8] run team leave @s",
                    "permission_level": 4
                },
                {
                    "type": "origins:execute_command",
                    "command": "execute at @s run tag @e[limit=1,distance=..8,tag=possessTarget] remove possessTarget",
                    "permission_level": 4
                }
            ]
        },
        "condition": {
            "type": "origins:resource",
            "resource": "*:ghost/possession_resource",
            "comparison": "<=",
            "compare_to": 0
        }
    },
	"possession_failed": {
        "type": "origins:active_self",
        "hud_render": {
            "should_render": false
        },
        "key": {
            "key": "key.origins.primary_active"
        },
        "cooldown": 0,
        "entity_action": {
            "type": "origins:and",
            "actions": [{
					"type": "origins:delay",
					"ticks": 7,
					"action": {
                    "type": "origins:execute_command",
                    "command": "execute at @s run playsound minecraft:entity.illusioner.mirror_move master @a[distance=..4] ~ ~ ~ 1 1.4",
                    "permission_level": 4
					}
                },
				{
					"type": "origins:delay",
					"ticks": 7,
					"action": {
                    "type": "origins:execute_command",
                    "command": "execute at @s run playsound minecraft:entity.vex.charge master @a[distance=..4] ~ ~ ~ 1 1.4",
                    "permission_level": 4
					}
                },
                {
					"type": "origins:delay",
					"ticks": 7,
					"action": {
                    "type": "origins:execute_command",
                    "command": "execute at @s run particle dust 0 0 0 1 ~ ~-1 ~ 0.5 1.4 0.5 0 500",
                    "permission_level": 4
					}
                }
            ]
        },
        "condition": {
            "type": "origins:and",
            "conditions": [{
                    "type": "origins:resource",
                    "resource": "*:ghost/spellbook_resource",
                    "comparison": ">=",
                    "compare_to": 100
                },
                {
                    "type": "origins:resource",
                    "resource": "*:ghost/possession_resource",
                    "comparison": ">=",
                    "compare_to": 0
                }
            ]
        }
    },
	"possession_avoid_burn": {
		"type": "origins:burn",
		"interval": 20,
		"burn_duration": 0,
		"condition": {
			"type": "origins:and",
			"conditions": [
			{
				"type": "origins:exposed_to_sun"
			},
			{
            "type": "origins:resource",
            "resource": "*:ghost/possession_resource",
            "comparison": ">",
            "compare_to": 0,
			"inverted": true
			}
		]
	}
	},
    "possessiontp_active_timer": {
        "type": "origins:action_over_time",
        "interval": 1,
        "entity_action": {
            "type": "origins:execute_command",
            "command": "execute as @s run tp @e[tag=possessTarget,limit=1,distance=..6.5] ~ ~ ~ ~ ~",
            "permission_level": 4
        },
        "condition": {
            "type": "origins:resource",
            "resource": "*:ghost/possession_resource",
            "comparison": ">",
            "compare_to": 0
        }
    },
    "possession_model": {
        "type": "origins:invisibility",
        "render_armor": false,
        "condition": {
            "type": "origins:resource",
            "resource": "*:ghost/possession_resource",
            "comparison": ">",
            "compare_to": 0
        }
    },
         "name": "shadow steal",
    "description": "(primary)you can take control over entities while pressing you primary near them, if you are far from entities you will become invisiable"
}