{
  "type": "origins:action_on_callback",
  "entity_action_chosen": {
    "type": "origins:and",
    "actions": [
      {
        "type": "origins:execute_command",
        "command": "function warper:set_up_scoreboards",
        "permission_level": 4
      }
    ]
  },
  "execute_chosen_when_orb": true,
  "entity_action_added": {
    "type": "origins:delay",
    "ticks": 1,
    "action": {
      "type": "origins:and",
      "actions": [
        {
          "type": "origins:execute_command",
          "command": "function warper:set_up_scoreboards",
          "permission_level": 4
        }
      ]
    }
  },
  "hidden": true
}