{
    "type": "origins:multiple",
    "resource": {
        "type": "origins:resource",
        "min": 0,
        "max": 200,
        "hud_render": {
            "should_render": false,
            "bar_index": 3,
            "condition": {
                "type": "origins:sneaking"
            }
        },
        "start_value": 200
    },
    "respawn_mana": {
        "type": "origins:action_on_callback",
        "entity_action_respawned": {
            "type": "origins:and",
            "actions": [{
                    "type": "origins:change_resource",
                    "resource": ":ghost/spellbook_resource",
                    "change": 200
                },
                {
                    "type": "origins:change_resource",
                    "resource": ":ghost/possession_resource",
                    "change": 0
                }
            ]
        },
        "condition": {
            "type": "origins:sneaking"
        }
    },
   "hidden": true
}