{
    "powers": [
        "moborigins:elder_spikes",
        "moborigins:elder_magic",
        "moborigins:mining_fatigue_immune",
        "moborigins:guardian_ally",
        "moborigins:prismarine_skin",
        "moborigins:surface_weakness",
        "moborigins:slippery",
        "origins:water_breathing",
        "origins:water_vision",
        "origins:aqua_affinity",
        "origins:swim_speed",
        "origins:like_water",
        "origins:aquatic",
        "origins:conduit_power_on_land",
        "origins:air_from_potions"
    ],
    "unchoosable": true,
    "icon": "minecraft:prismarine_crystals",
    "order": 6,
    "impact": 3,
    "loading_priority": 100
}