{
    "powers": [
        "moborigins:guardian_spikes",
        "moborigins:guardian_ally",
        "moborigins:prismarine_skin",
        "moborigins:surface_weakness",
        "moborigins:slippery",
        "origins:water_breathing",
        "origins:water_vision",
        "origins:aqua_affinity",
        "origins:swim_speed",
        "origins:like_water",
        "origins:aquatic",
        "origins:conduit_power_on_land",
        "origins:air_from_potions"
    ],
    "upgrades": [
        {
            "condition": "moborigins:killed_elder",
            "origin": "moborigins:elder_guardian",
            "announcement": "text.moborigins.become_elder"
        }
    ],
    "icon": "minecraft:prismarine_shard",
    "order": 6,
    "impact": 3,
    "loading_priority": 100,
    "unchoosable": true
}