{
	"name": "§b§nShifting§r",
	"description": "You can shift between different forms and different faces. Tap Primary to choose a form, then tap Secondary to select it.",
	"badges": [
        {
            "sprite": "origins:textures/gui/badge/star.png",
            "text": "Primary+Sneaking reverses the choosing order, Secondary+Sneaking returns you to your Basic form."
        }
    ],
	"type": "origins:multiple",
	"pick": {
		"condition": {
			"inverted": true,
			"type": "origins:sneaking"
		},
		"type": "origins:active_self",
		"entity_action": {
			"type": "origins:if_else_list",
			"actions": [
				{
					"condition": {
						"type": "origins:resource",
						"resource": "*:swapper_bit",
						"comparison": "==",
						"compare_to": 7
					},
					"action": {
						"type": "origins:and",
						"actions": [
							{
								"type": "origins:change_resource",
								"resource": "*:swapper_bit",
								"change": 1,
								"operation": "set"
							},
							{
								"type": "origins:execute_command",
								"command": "title @s actionbar {\"text\":\" - Mimic Form -\",\"bold\":true,\"color\":\"dark_green\"}",
								"permission_level": 4
							}
						]
					}
				},
				{
					"condition": {
						"type": "origins:resource",
						"resource": "*:swapper_bit",
						"comparison": "==",
						"compare_to": 1
					},
					"action": {
						"type": "origins:and",
						"actions": [
							{
								"type": "origins:change_resource",
								"resource": "*:swapper_bit",
								"change": 2,
								"operation": "set"
							},
							{
								"type": "origins:execute_command",
								"command": "title @s actionbar {\"text\":\" - Water Form -\",\"bold\":true,\"color\":\"dark_green\"}",
								"permission_level": 4
							}
						]
					}
				},
				{
					"condition": {
						"type": "origins:resource",
						"resource": "*:swapper_bit",
						"comparison": "==",
						"compare_to": 2
					},
					"action": {
						"type": "origins:and",
						"actions": [
							{
								"type": "origins:change_resource",
								"resource": "*:swapper_bit",
								"change": 3,
								"operation": "set"
							},
							{
								"type": "origins:execute_command",
								"command": "title @s actionbar {\"text\":\" - Landform: Carnivore -\",\"bold\":true,\"color\":\"dark_green\"}",
								"permission_level": 4
							}
						]
					}
				},
				{
					"condition": {
						"type": "origins:resource",
						"resource": "*:swapper_bit",
						"comparison": "==",
						"compare_to": 3
					},
					"action": {
						"type": "origins:and",
						"actions": [
							{
								"type": "origins:change_resource",
								"resource": "*:swapper_bit",
								"change": 4,
								"operation": "set"
							},
							{
								"type": "origins:execute_command",
								"command": "title @s actionbar {\"text\":\" - Landform: Herbivore -\",\"bold\":true,\"color\":\"dark_green\"}",
								"permission_level": 4
							}
						]
					}
				},
				{
					"condition": {
						"type": "origins:resource",
						"resource": "*:swapper_bit",
						"comparison": "==",
						"compare_to": 4
					},
					"action": {
						"type": "origins:and",
						"actions": [
							{
								"type": "origins:change_resource",
								"resource": "*:swapper_bit",
								"change": 5,
								"operation": "set"
							},
							{
								"type": "origins:execute_command",
								"command": "title @s actionbar {\"text\":\" - Satyr Form -\",\"bold\":true,\"color\":\"dark_green\"}",
								"permission_level": 4
							}
						]
					}
				},
				{
					"condition": {
						"type": "origins:resource",
						"resource": "*:swapper_bit",
						"comparison": "==",
						"compare_to": 5
					},
					"action": {
						"type": "origins:and",
						"actions": [
							{
								"type": "origins:change_resource",
								"resource": "*:swapper_bit",
								"change": 6,
								"operation": "set"
							},
							{
								"type": "origins:execute_command",
								"command": "title @s actionbar {\"text\":\" - Arachnid Form -\",\"bold\":true,\"color\":\"dark_green\"}",
								"permission_level": 4
							}
						]
					}
				},
				{
					"condition": {
						"type": "origins:resource",
						"resource": "*:swapper_bit",
						"comparison": "==",
						"compare_to": 6
					},
					"action": {
						"type": "origins:and",
						"actions": [
							{
								"type": "origins:change_resource",
								"resource": "*:swapper_bit",
								"change": 7,
								"operation": "set"
							},
							{
								"type": "origins:execute_command",
								"command": "title @s actionbar {\"text\":\" - Bird Form -\",\"bold\":true,\"color\":\"dark_green\"}",
								"permission_level": 4
							}
						]
					}
				}
			]
		},
		"cooldown": 3,
		"hud_render": {
			"should_render": false
		},
		"key": {
			"key": "primary"
		}
	},
	"reverse": {
		"condition": {
			"type": "origins:sneaking"
		},
		"type": "origins:active_self",
		"entity_action": {
			"type": "origins:if_else_list",
			"actions": [
				{
					"condition": {
						"type": "origins:resource",
						"resource": "*:swapper_bit",
						"comparison": "==",
						"compare_to": 2
					},
					"action": {
						"type": "origins:and",
						"actions": [
							{
								"type": "origins:change_resource",
								"resource": "*:swapper_bit",
								"change": 1,
								"operation": "set"
							},
							{
								"type": "origins:execute_command",
								"command": "title @s actionbar {\"text\":\" - Mimic Form -\",\"bold\":true,\"color\":\"dark_green\"}",
								"permission_level": 4
							}
						]
					}
				},
				{
					"condition": {
						"type": "origins:resource",
						"resource": "*:swapper_bit",
						"comparison": "==",
						"compare_to": 3
					},
					"action": {
						"type": "origins:and",
						"actions": [
							{
								"type": "origins:change_resource",
								"resource": "*:swapper_bit",
								"change": 2,
								"operation": "set"
							},
							{
								"type": "origins:execute_command",
								"command": "title @s actionbar {\"text\":\" - Water Form -\",\"bold\":true,\"color\":\"dark_green\"}",
								"permission_level": 4
							}
						]
					}
				},
				{
					"condition": {
						"type": "origins:resource",
						"resource": "*:swapper_bit",
						"comparison": "==",
						"compare_to": 4
					},
					"action": {
						"type": "origins:and",
						"actions": [
							{
								"type": "origins:change_resource",
								"resource": "*:swapper_bit",
								"change": 3,
								"operation": "set"
							},
							{
								"type": "origins:execute_command",
								"command": "title @s actionbar {\"text\":\" - Landform: Carnivore -\",\"bold\":true,\"color\":\"dark_green\"}",
								"permission_level": 4
							}
						]
					}
				},
				{
					"condition": {
						"type": "origins:resource",
						"resource": "*:swapper_bit",
						"comparison": "==",
						"compare_to": 5
					},
					"action": {
						"type": "origins:and",
						"actions": [
							{
								"type": "origins:change_resource",
								"resource": "*:swapper_bit",
								"change": 4,
								"operation": "set"
							},
							{
								"type": "origins:execute_command",
								"command": "title @s actionbar {\"text\":\" - Landform: Herbivore -\",\"bold\":true,\"color\":\"dark_green\"}",
								"permission_level": 4
							}
						]
					}
				},
				{
					"condition": {
						"type": "origins:resource",
						"resource": "*:swapper_bit",
						"comparison": "==",
						"compare_to": 6
					},
					"action": {
						"type": "origins:and",
						"actions": [
							{
								"type": "origins:change_resource",
								"resource": "*:swapper_bit",
								"change": 5,
								"operation": "set"
							},
							{
								"type": "origins:execute_command",
								"command": "title @s actionbar {\"text\":\" - Satyr Form -\",\"bold\":true,\"color\":\"dark_green\"}",
								"permission_level": 4
							}
						]
					}
				},
				{
					"condition": {
						"type": "origins:resource",
						"resource": "*:swapper_bit",
						"comparison": "==",
						"compare_to": 7
					},
					"action": {
						"type": "origins:and",
						"actions": [
							{
								"type": "origins:change_resource",
								"resource": "*:swapper_bit",
								"change": 6,
								"operation": "set"
							},
							{
								"type": "origins:execute_command",
								"command": "title @s actionbar {\"text\":\" - Arachnid Form -\",\"bold\":true,\"color\":\"dark_green\"}",
								"permission_level": 4
							}
						]
					}
				},
				{
					"condition": {
						"type": "origins:resource",
						"resource": "*:swapper_bit",
						"comparison": "==",
						"compare_to": 1
					},
					"action": {
						"type": "origins:and",
						"actions": [
							{
								"type": "origins:change_resource",
								"resource": "*:swapper_bit",
								"change": 7,
								"operation": "set"
							},
							{
								"type": "origins:execute_command",
								"command": "title @s actionbar {\"text\":\" - Bird Form -\",\"bold\":true,\"color\":\"dark_green\"}",
								"permission_level": 4
							}
						]
					}
				}
			]
		},
		"cooldown": 3,
		"hud_render": {
			"should_render": false
		},
		"key": {
			"key": "primary"
		}
	},
	"bit": {
		"type": "origins:resource",
		"min": 0,
		"max": 7,
		"start_value": 1,
		"hud_render": {
			"should_render": true,
			"sprite_location": "origins:textures/gui/community/spiderkolo/resource_bar_points_01.png",
			"bar_index": 5
		}
	}
}