{
    "hidden": true,
    "type": "origins:action_on_callback",
    "entity_action_chosen": {
        "type": "origins:execute_command",
        "command": "tag @s add shape",
        "permission_level": 4
    },
    "execute_chosen_when_orb": true,
    "entity_action_lost": {
        "type": "origins:and",
        "actions": [
            {
                "type": "origins:execute_command",
                "command": "tag @s remove shape",
                "permission_level": 4
            },
			{
                "type": "origins:execute_command",
                "command": "kill @e[tag=vex]",
                "permission_level": 4
            }
        ]
    }
}