{
    "name": "§4§nBad Luck",
    "description": "Due to the shifters' history, villagers will run away and will not interact with you. You are seen as a menace.",
    "type": "origins:multiple",
    "vex": {
        "type": "origins:action_over_time",
        "interval": 3,
        "entity_action": {
            "type": "origins:execute_command",
            "command": "tp @e[tag=vex,tag=!shape] ^ ^3 ^-1",
            "permission_level": 4
        }
    },
    "trade": {
        "type": "origins:prevent_entity_use",
	        "bientity_condition": {
		        "type": "origins:target_condition",
		        "condition": {
			        "type": "origins:entity_type",
			        "entity_type": "minecraft:villager"
		        }
	        }
    }
}