{
    "name": "Piscivore",
    "description": "Your diet is restricted to fish.",
    "type": "origins:prevent_item_use",
    "item_condition": {
        "type": "origins:and",
        "conditions": [
            {
                "inverted": true,
                "type": "origins:ingredient",
                "ingredient": {
                    "tag": "ace:fish"
                }
            },
            {
                "type": "origins:food"
            },
            {
                "inverted": true,
                "type": "origins:ingredient",
                "ingredient": {
                    "tag": "origins:ignore_diet"
                }
            }
        ]
    }
}