{
    "name": "§9§o§lBlooming Blue§r",
    "description": "The light of the sky mists into blue, and so does your skin.",
    "badges": [
        {
            "sprite": "origins:textures/gui/badge/star.png",
            "text": "This mode is unlocked by infusing a Crying Obsidian block with a Nether Star."
        }
    ],
    "type": "origins:multiple",
    "unlock": {
        "condition": {
            "type": "origins:and",
            "conditions": [
                {
                    "type": "origins:resource",
                    "resource": "*:blue_lock",
                    "comparison": "==",
                    "compare_to": 0
                }
            ]
        },
        "type": "origins:action_on_block_use",
        "block_condition": {
            "type": "origins:block",
            "block": "crying_obsidian"
        },
        "item_condition": {
            "type": "origins:ingredient",
            "ingredient": {
                "item": "nether_star"
            }
        },
        "hands": [
            "main_hand"
        ],
        "entity_action": {
            "type": "origins:and",
            "actions": [
                {
                    "type": "origins:change_resource",
                    "resource": "*:blue_lock",
                    "change": 1,
                    "operation": "set"
                },
                {
                    "type": "origins:execute_command",
                    "command": "title @s actionbar {\"text\":\"§9§lBlooming Blue unlocked!§r\"}",
                    "permission_level": 4
                },
                {
                    "type": "origins:play_sound",
                    "sound": "entity.glow_squid.squirt",
                    "volume": 1,
                    "pitch": 2
                }
            ]
        },
        "block_action": {
            "type": "origins:and",
            "actions": [
                {
                    "type": "origins:execute_command",
                    "command": "particle dust 0 0.45 1 2 ~ ~ ~ 0.2 0.2 0.2 0 100"
                },
                {
                    "type": "origins:execute_command",
                    "command": "particle nautilus ~ ~ ~ 0.25 0.25 0.25 1 100"
                },
                {
                    "type": "origins:set_block",
                    "block": "air"
                }
            ]
        },
        "held_item_action": {
            "type": "origins:consume",
            "amount": 1
        },
        "action_result": "success"
    },
    "lock": {
        "type": "origins:resource",
        "min": 0,
        "max": 1,
        "start_value": 0,
        "hud_render": {
            "should_render": false
        }
    },
    "overlay": {
        "condition": {
            "type": "origins:and",
            "conditions": [
                {
                    "type": "origins:resource",
                    "resource": "*:select_mode",
                    "comparison": "==",
                    "compare_to": 4
                }
            ]
        },
        "type": "origins:overlay",
        "texture": "minecraft:textures/misc/powder_snow_outline.png",
        "strength": 0.25,
        "red": 0,
        "green": 0.25,
        "blue": 1,
        "draw_mode": "texture",
        "draw_phase": "below_hud",
        "hide_with_hud": true,
        "visible_in_third_person": true
    },
    "end": {
        "condition": {
            "type": "origins:and",
            "conditions": [
                {
                    "type": "origins:resource",
                    "resource": "*:select_mode",
                    "comparison": "==",
                    "compare_to": 4
                },
                {
                    "type": "origins:or",
                    "conditions": [
                        {
                            "type": "apoli:fluid_height",
                            "fluid": "lava",
                            "comparison": ">",
                            "compare_to": 0
                        },
                        {
                            "type": "origins:in_block_anywhere",
                            "block_condition": {
                                "type": "origins:or",
                                "conditions": [
                                    {
                                        "type": "origins:block",
                                        "block": "fire"
                                    },
                                    {
                                        "type": "origins:block",
                                        "block": "soul_fire"
                                    }
                                ]
                            },
                            "comparison": ">=",
                            "compare_to": 1
                        }
                    ]
                }
            ]
        },
        "type": "origins:action_over_time",
        "interval": 60,
        "rising_action": {
            "type": "origins:and",
            "actions": [
                {
                    "type": "origins:change_resource",
                    "resource": "*:select_mode",
                    "change": 0,
                    "operation": "set"
                },
                {
                    "type": "origins:trigger_cooldown",
                    "power": "*:select_bcd"
                },
                {
                    "type": "origins:execute_command",
                    "command": "particle dust 0 0.45 1 3 ~ ~1.5 ~ 0.5 0.5 0.5 0 50"
                },
                {
                    "type": "origins:execute_command",
                    "command": "particle nautilus ~ ~ ~ 0.25 0.25 0.25 1 100"
                },
                {
                    "type": "origins:play_sound",
                    "sound": "block.bell.resonate",
                    "volume": 10,
                    "pitch": 2
                }
            ]
        }
    }
}