{
    "name": "§3§nEclipsed§r",
    "description": "While in Lunar mode, you can focus Moonlight into a beam, covering any creature you hit in darkness and pale light. Missing resets the cooldown.",
    "type": "origins:multiple",
    "badges": [
        {
            "sprite": "origins:textures/gui/badge/star.png",
            "text": "This ability is unlocked by infusing a Dragon Egg with a Nether Star."
        }
    ],
    "shoot": {
        "type": "origins:resource",
        "min": 0,
        "max": 50,
        "start_value": 0,
        "hud_render": {
            "should_render": true,
            "sprite_location": "origins:textures/gui/community/huang/resource_bar_01.png",
            "bar_index": 0,
            "condition": {
                "type": "origins:resource",
                "resource": "*:eclipse_shoot",
                "comparison": "!=",
                "compare_to": 0
            }
        },
        "max_action": {
            "type": "origins:and",
            "actions": [
                {
                    "type": "origins:raycast",
                    "distance": 60,
                    "block": false,
                    "entity": true,
                    "shape_type": "outline",
                    "fluid_handling": "any",
                    "bientity_action": {
                        "type": "origins:target_action",
                        "action": {
                            "type": "origins:and",
                            "actions": [
                                {
                                    "type": "origins:damage",
                                    "amount": 6,
                                    "source": {
                                        "name": "player",
                                        "unblockable": true
                                    }
                                },
                                {
                                    "type": "origins:execute_command",
                                    "command": "tp @s ~ ~ ~ facing entity @e[tag=cosm,limit=1]"
                                },
                                {
                                    "type": "origins:delay",
                                    "action": {
                                        "type": "origins:add_velocity",
                                        "y": 0.5,
                                        "z": -1.5,
                                        "space": "local",
                                        "client": true,
                                        "server": true,
                                        "set": true
                                    },
                                    "ticks": 3
                                }
                            ]
                        }
                    },
                    "miss_action": {
                        "type": "origins:delay",
                        "action": {
                            "type": "origins:change_resource",
                            "resource": "*:eclipse_cd",
                            "change": 240,
                            "operation": "set"
                        },
                        "ticks": 6
                    },
                    "command_at_hit": "particle sonic_boom ~ ~ ~ 0 0 0 0 1",
                    "command_along_ray": "function max:beam"
                },
                {
                    "type": "origins:change_resource",
                    "resource": "*:eclipse_shoot",
                    "change": -100,
                    "operation": "add"
                },
                {
                    "type": "origins:play_sound",
                    "sound": "entity.illusioner.cast_spell",
                    "volume": 1,
                    "pitch": 0.5
                },
                {
                    "type": "origins:trigger_cooldown",
                    "power": "*:eclipse_cd"
                },
                {
                    "type": "origins:swing_hand",
                    "hand": "MAIN_HAND"
                }
            ]
        }
    },
    "act": {
        "condition": {
            "type": "origins:and",
            "conditions": [
                {
                    "inverted": true,
                    "type": "apoli:daytime"
                },
                {
                    "type": "origins:exposed_to_sky"
                },
                {
                    "type": "origins:resource",
                    "resource": "*:eclipse_cd",
                    "comparison": "==",
                    "compare_to": 0
                },
                {
                    "type": "origins:resource",
                    "resource": "*:blind_lock",
                    "comparison": "==",
                    "compare_to": 1
                }
            ]
        },
        "type": "origins:active_self",
        "entity_action": {
            "type": "origins:and",
            "actions": [
                {
                    "type": "origins:play_sound",
                    "sound": "block.amethyst_block.chime",
                    "volume": 1,
                    "pitch": 0.8
                },
                {
                    "type": "origins:change_resource",
                    "resource": "*:eclipse_shoot",
                    "change": 1,
                    "operation": "add"
                },
                {
                    "type": "origins:trigger_cooldown",
                    "power": "*:eclipse_hold"
                },
                {
                    "type": "origins:execute_command",
                    "command": "particle sculk_charge_pop ^ ^1.1 ^1 0.1 0.1 0.1 0 1"
                }
            ]
        },
        "cooldown": 0,
        "hud_render": {
            "should_render": false
        },
        "key": {
            "key": "primary",
            "continuous": true
        }
    },
    "hold": {
        "type": "origins:cooldown",
        "cooldown": 3,
        "hud_render": {
            "should_render": false
        }
    },
    "reset": {
        "condition": {
            "type": "origins:and",
            "conditions": [
                {
                    "type": "origins:resource",
                    "resource": "*:eclipse_hold",
                    "comparison": "==",
                    "compare_to": 0
                }
            ]
        },
        "type": "origins:action_over_time",
        "interval": 1,
        "entity_action": {
            "type": "origins:change_resource",
            "resource": "*:eclipse_shoot",
            "change": -3,
            "operation": "add"
        }
    },
    "cd": {
        "type": "origins:cooldown",
        "cooldown": 300,
        "hud_render": {
            "should_render": true,
            "sprite_location": "origins:textures/gui/community/huang/resource_bar_02.png",
            "bar_index": 1
        }
    }
}