{
    "name": "§5§nStarbeam§r",
    "description": "Drawing light from a Beacon allows you to zap enemies with lightning on hit, regardless of time of day.",
    "badges": [
        {
            "sprite": "origins:textures/gui/badge/star.png",
            "text": "This ability is unlocked by getting the Beaconator advancement."
        }
    ],
    "type": "origins:multiple",
    "hit": {
        "condition": {
            "type": "origins:and",
            "conditions": [
                {
                    "type": "origins:resource",
                    "resource": "*:lightning_tap",
                    "comparison": "==",
                    "compare_to": 1
                },
                {
                    "type": "origins:advancement",
                    "advancement": "nether/create_full_beacon"
                }
            ]
        },
        "type": "origins:action_on_hit",
        "bientity_action": {
            "type": "origins:target_action",
            "action": {
                "type": "origins:and",
                "actions": [
                    {
                        "type": "origins:execute_command",
                        "command": "particle electric_spark ~ ~1 ~ 0.5 0.5 0.5 2 200"
                    },
                    {
                        "type": "origins:execute_command",
                        "command": "particle glow ~ ~1 ~ 0.5 0.5 0.5 2 100"
                    },
                    {
                        "type": "origins:execute_command",
                        "command": "summon lightning_bolt"
                    },
                    {
                        "type": "origins:play_sound",
                        "sound": "item.trident.thunder",
                        "volume": 1,
                        "pitch": 1.5
                    }
                ]
            }
        },
        "cooldown": 300,
        "hud_render": {
            "should_render": true,
            "bar_index": 2
        }
    },
    "act": {
        "condition": {
            "type": "origins:and",
            "conditions": [
                {
                    "type": "origins:advancement",
                    "advancement": "nether/create_full_beacon"
                }
            ]
        },
        "type": "origins:active_self",
        "entity_action": {
            "type": "origins:if_else",
            "condition": {
                "type": "origins:resource",
                "resource": "*:*_tap",
                "comparison": "==",
                "compare_to": 0
            },
            "if_action": {
                "type": "origins:and",
                "actions": [
                    {
                        "type": "origins:execute_command",
                        "command": "title @s actionbar {\"text\":\"§d§lLightning Enabled\"}"
                    },
                    {
                        "type": "origins:play_sound",
                        "sound": "minecraft:block.note_block.chime",
                        "volume": 0.25,
                        "pitch": 1
                    },
                    {
                        "type": "origins:delay",
                        "action": {
                            "type": "origins:change_resource",
                            "resource": "*:*_tap",
                            "change": 1,
                            "operation": "add"
                        },
                        "ticks": 2
                    }
                ]
            },
            "else_action": {
                "type": "origins:and",
                "actions": [
                    {
                        "type": "origins:execute_command",
                        "command": "title @s actionbar {\"text\":\"§5§lLightning Disabled\"}"
                    },
                    {
                        "type": "origins:play_sound",
                        "sound": "minecraft:block.note_block.chime",
                        "volume": 0.25,
                        "pitch": 0.5
                    },
                    {
                        "type": "origins:delay",
                        "action": {
                            "type": "origins:change_resource",
                            "resource": "*:*_tap",
                            "change": -1,
                            "operation": "add"
                        },
                        "ticks": 2
                    }
                ]
            }
        },
        "cooldown": 0,
        "hud_render": {
            "should_render": false
        },
        "key": {
            "key": "key.saveToolbarActivator"
        }
    },
    "tap": {
        "type": "origins:resource",
        "min": 0,
        "max": 1,
        "start_value": 0,
        "hud_render": {
            "should_render": false
        }
    },
    "unlock": {
        "condition": {
            "type": "origins:advancement",
            "advancement": "nether/create_full_beacon"
        },
        "type": "origins:action_over_time",
        "interval": 1,
        "rising_action": {
            "type": "origins:and",
            "actions": [
                {
                    "type": "origins:execute_command",
                    "command": "particle electric_spark ~ ~1 ~ 1 0.25 1 0 200"
                },
                {
                    "type": "origins:delay",
                    "action": {
                        "type": "origins:execute_command",
                        "command": "particle electric_spark ~ ~1 ~ 2 0.25 2 0 400"
                    },
                    "ticks": 6
                },
                {
                    "type": "origins:delay",
                    "action": {
                        "type": "origins:execute_command",
                        "command": "particle glow ~ ~1 ~ 3 0.25 3 0 600"
                    },
                    "ticks": 12
                },
                {
                    "type": "origins:play_sound",
                    "sound": "item.trident.thunder",
                    "volume": 0.1,
                    "pitch": 0.1
                }
            ]
        }
    }
}