{
	"hidden": true,
	"type": "origins:multiple",
	"mode": {
		"type": "origins:resource",
		"min": 0,
		"max": 7,
		"start_value": 0,
		"hud_render": {
			"should_render": false
		}
	},
	"fakered": {
		"type": "origins:resource",
		"min": 0,
		"max": 1,
		"start_value": 1,
		"hud_render": {
			"should_render": true,
			"sprite_location": "origins:textures/gui/community/spiderkolo/resource_bar_01.png",
			"bar_index": 23,
			"condition": {
				"type": "origins:and",
				"conditions": [
					{
						"type": "apoli:resource",
						"resource": "*:swapper_bit",
						"comparison": "==",
						"compare_to": 1
					},
					{
						"type": "apoli:resource",
						"resource": "*:select_rcd",
						"comparison": "==",
						"compare_to": 0
					}
				]
			}
		}
	},
	"fakeyellow": {
		"type": "origins:resource",
		"min": 0,
		"max": 1,
		"start_value": 1,
		"hud_render": {
			"should_render": true,
			"sprite_location": "origins:textures/gui/community/spiderkolo/resource_bar_01.png",
			"bar_index": 13,
			"condition": {
				"type": "origins:and",
				"conditions": [
					{
						"type": "apoli:resource",
						"resource": "*:swapper_bit",
						"comparison": "==",
						"compare_to": 2
					},
					{
						"type": "apoli:resource",
						"resource": "*:select_ycd",
						"comparison": "==",
						"compare_to": 0
					}
				]
			}
		}
	},
	"fakegreen": {
		"type": "origins:resource",
		"min": 0,
		"max": 1,
		"start_value": 1,
		"hud_render": {
			"should_render": true,
			"sprite_location": "origins:textures/gui/community/spiderkolo/resource_bar_01.png",
			"bar_index": 14,
			"condition": {
				"type": "origins:and",
				"conditions": [
					{
						"type": "apoli:resource",
						"resource": "*:swapper_bit",
						"comparison": "==",
						"compare_to": 3
					},
					{
						"type": "apoli:resource",
						"resource": "*:select_gcd",
						"comparison": "==",
						"compare_to": 0
					}
				]
			}
		}
	},
	"fakeblue": {
		"type": "origins:resource",
		"min": 0,
		"max": 1,
		"start_value": 1,
		"hud_render": {
			"should_render": true,
			"sprite_location": "origins:textures/gui/community/spiderkolo/resource_bar_01.png",
			"bar_index": 20,
			"condition": {
				"type": "origins:and",
				"conditions": [
					{
						"type": "apoli:resource",
						"resource": "*:swapper_bit",
						"comparison": "==",
						"compare_to": 4
					},
					{
						"type": "apoli:resource",
						"resource": "*:select_bcd",
						"comparison": "==",
						"compare_to": 0
					}
				]
			}
		}
	},
	"fakepurple": {
		"type": "origins:resource",
		"min": 0,
		"max": 1,
		"start_value": 1,
		"hud_render": {
			"should_render": true,
			"sprite_location": "origins:textures/gui/community/spiderkolo/resource_bar_01.png",
			"bar_index": 19,
			"condition": {
				"type": "origins:and",
				"conditions": [
					{
						"type": "apoli:resource",
						"resource": "*:swapper_bit",
						"comparison": "==",
						"compare_to": 5
					},
					{
						"type": "apoli:resource",
						"resource": "*:select_pcd",
						"comparison": "==",
						"compare_to": 0
					}
				]
			}
		}
	},
	"fakepink": {
		"type": "origins:resource",
		"min": 0,
		"max": 1,
		"start_value": 1,
		"hud_render": {
			"should_render": true,
			"sprite_location": "origins:textures/gui/community/spiderkolo/resource_bar_01.png",
			"bar_index": 15,
			"condition": {
				"type": "origins:and",
				"conditions": [
					{
						"type": "apoli:resource",
						"resource": "*:swapper_bit",
						"comparison": "==",
						"compare_to": 6
					},
					{
						"type": "apoli:resource",
						"resource": "*:select_kcd",
						"comparison": "==",
						"compare_to": 0
					}
				]
			}
		}
	},
	"rcd": {
		"type": "origins:cooldown",
		"cooldown": 3600,
		"hud_render": {
			"should_render": true,
			"sprite_location": "origins:textures/gui/community/spiderkolo/resource_bar_01.png",
			"bar_index": 23,
			"condition": {
				"type": "origins:and",
				"conditions": [
					{
						"type": "apoli:resource",
						"resource": "*:swapper_bit",
						"comparison": "==",
						"compare_to": 1
					}
				]
			}
		}
	},
	"ycd": {
		"type": "origins:cooldown",
		"cooldown": 3600,
		"hud_render": {
			"should_render": true,
			"sprite_location": "origins:textures/gui/community/spiderkolo/resource_bar_01.png",
			"bar_index": 13,
			"condition": {
				"type": "origins:and",
				"conditions": [
					{
						"type": "apoli:resource",
						"resource": "*:swapper_bit",
						"comparison": "==",
						"compare_to": 2
					}
				]
			}
		}
	},
	"gcd": {
		"type": "origins:cooldown",
		"cooldown": 3600,
		"hud_render": {
			"should_render": true,
			"sprite_location": "origins:textures/gui/community/spiderkolo/resource_bar_01.png",
			"bar_index": 14,
			"condition": {
				"type": "origins:and",
				"conditions": [
					{
						"type": "apoli:resource",
						"resource": "*:swapper_bit",
						"comparison": "==",
						"compare_to": 3
					}
				]
			}
		}
	},
	"bcd": {
		"type": "origins:cooldown",
		"cooldown": 3600,
		"hud_render": {
			"should_render": true,
			"sprite_location": "origins:textures/gui/community/spiderkolo/resource_bar_01.png",
			"bar_index": 20,
			"condition": {
				"type": "origins:and",
				"conditions": [
					{
						"type": "apoli:resource",
						"resource": "*:swapper_bit",
						"comparison": "==",
						"compare_to": 4
					}
				]
			}
		}
	},
	"pcd": {
		"type": "origins:cooldown",
		"cooldown": 3600,
		"hud_render": {
			"should_render": true,
			"sprite_location": "origins:textures/gui/community/spiderkolo/resource_bar_01.png",
			"bar_index": 19,
			"condition": {
				"type": "origins:and",
				"conditions": [
					{
						"type": "apoli:resource",
						"resource": "*:swapper_bit",
						"comparison": "==",
						"compare_to": 5
					}
				]
			}
		}
	},
	"kcd": {
		"type": "origins:cooldown",
		"cooldown": 3600,
		"hud_render": {
			"should_render": true,
			"sprite_location": "origins:textures/gui/community/spiderkolo/resource_bar_01.png",
			"bar_index": 15,
			"condition": {
				"type": "origins:and",
				"conditions": [
					{
						"type": "apoli:resource",
						"resource": "*:swapper_bit",
						"comparison": "==",
						"compare_to": 6
					}
				]
			}
		}
	},
	"red": {
		"condition": {
			"type": "origins:and",
			"conditions": [
				{
					"type": "origins:resource",
					"resource": "*:select_rcd",
					"comparison": "==",
					"compare_to": 0
				},
				{
					"type": "origins:resource",
					"resource": "*:swapper_bit",
					"comparison": "==",
					"compare_to": 1
				}
			]
		},
		"type": "origins:active_self",
		"entity_action": {
			"type": "origins:if_else",
			"condition": {
				"type": "origins:resource",
				"resource": "*:red_lock",
				"comparison": "==",
				"compare_to": 1
			},
			"if_action": {
				"type": "origins:and",
				"actions": [
					{
						"type": "origins:change_resource",
						"resource": "*:select_mode",
						"change": 1,
						"operation": "set"
					},
					{
						"type": "origins:execute_command",
						"command": "particle dust 1 0 0 3 ~ ~1.5 ~ 0.5 0.5 0.5 0 10"
					},
					{
						"type": "origins:execute_command",
						"command": "particle crimson_spore ~ ~1 ~ 0.25 0.25 0.25 0 100"
					},
					{
						"type": "origins:play_sound",
						"sound": "block.amethyst_block.chime",
						"volume": 4,
						"pitch": 0.7
					}
				]
			},
			"else_action": {
				"type": "origins:and",
				"actions": [
					{
						"type": "origins:execute_command",
						"command": "title @s actionbar {\"text\":\"§7This mode is not unlocked yet!§r\"}",
						"permission_level": 4
					},
					{
						"type": "origins:play_sound",
						"sound": "block.note_block.snare",
						"volume": 1,
						"pitch": 0.5
					}
				]
			}
		},
		"cooldown": 60,
		"hud_render": {
			"should_render": false
		},
		"key": {
			"key": "key.loadToolbarActivator"
		}
	},
	"yellow": {
		"condition": {
			"type": "origins:and",
			"conditions": [
				{
					"type": "origins:resource",
					"resource": "*:select_ycd",
					"comparison": "==",
					"compare_to": 0
				},
				{
					"type": "origins:resource",
					"resource": "*:swapper_bit",
					"comparison": "==",
					"compare_to": 2
				}
			]
		},
		"type": "origins:active_self",
		"entity_action": {
			"type": "origins:if_else",
			"condition": {
				"type": "origins:resource",
				"resource": "*:yellow_lock",
				"comparison": "==",
				"compare_to": 1
			},
			"if_action": {
				"type": "origins:and",
				"actions": [
					{
						"type": "origins:change_resource",
						"resource": "*:select_mode",
						"change": 2,
						"operation": "set"
					},
					{
						"type": "origins:execute_command",
						"command": "particle dust 1 0.749 0 3 ~ ~1.5 ~ 0.5 0.5 0.5 0 10"
					},
					{
						"type": "origins:execute_command",
						"command": "particle wax_on ~ ~1 ~ 0.25 0.25 0.25 10 100"
					},
					{
						"type": "origins:play_sound",
						"sound": "block.amethyst_block.chime",
						"volume": 4,
						"pitch": 0.7
					}
				]
			},
			"else_action": {
				"type": "origins:and",
				"actions": [
					{
						"type": "origins:execute_command",
						"command": "title @s actionbar {\"text\":\"§7This mode is not unlocked yet!§r\"}",
						"permission_level": 4
					},
					{
						"type": "origins:play_sound",
						"sound": "block.note_block.snare",
						"volume": 1,
						"pitch": 0.5
					}
				]
			}
		},
		"cooldown": 60,
		"hud_render": {
			"should_render": false
		},
		"key": {
			"key": "key.loadToolbarActivator"
		}
	},
	"green": {
		"condition": {
			"type": "origins:and",
			"conditions": [
				{
					"type": "origins:resource",
					"resource": "*:select_gcd",
					"comparison": "==",
					"compare_to": 0
				},
				{
					"type": "origins:resource",
					"resource": "*:swapper_bit",
					"comparison": "==",
					"compare_to": 3
				}
			]
		},
		"type": "origins:active_self",
		"entity_action": {
			"type": "origins:if_else",
			"condition": {
				"type": "origins:resource",
				"resource": "*:green_lock",
				"comparison": "==",
				"compare_to": 1
			},
			"if_action": {
				"type": "origins:and",
				"actions": [
					{
						"type": "origins:change_resource",
						"resource": "*:select_mode",
						"change": 3,
						"operation": "set"
					},
					{
						"type": "origins:execute_command",
						"command": "particle dust 0.18 0.678 0 3 ~ ~1.5 ~ 0.5 0.5 0.5 0 10"
					},
					{
						"type": "origins:execute_command",
						"command": "particle spore_blossom_air ~ ~1 ~ 0.25 0.25 0.25 10 100"
					},
					{
						"type": "origins:play_sound",
						"sound": "block.amethyst_block.chime",
						"volume": 4,
						"pitch": 0.7
					}
				]
			},
			"else_action": {
				"type": "origins:and",
				"actions": [
					{
						"type": "origins:execute_command",
						"command": "title @s actionbar {\"text\":\"§7This mode is not unlocked yet!§r\"}",
						"permission_level": 4
					},
					{
						"type": "origins:play_sound",
						"sound": "block.note_block.snare",
						"volume": 1,
						"pitch": 0.5
					}
				]
			}
		},
		"cooldown": 60,
		"hud_render": {
			"should_render": false
		},
		"key": {
			"key": "key.loadToolbarActivator"
		}
	},
	"blue": {
		"condition": {
			"type": "origins:and",
			"conditions": [
				{
					"type": "origins:resource",
					"resource": "*:select_bcd",
					"comparison": "==",
					"compare_to": 0
				},
				{
					"type": "origins:resource",
					"resource": "*:swapper_bit",
					"comparison": "==",
					"compare_to": 4
				}
			]
		},
		"type": "origins:active_self",
		"entity_action": {
			"type": "origins:if_else",
			"condition": {
				"type": "origins:resource",
				"resource": "*:blue_lock",
				"comparison": "==",
				"compare_to": 1
			},
			"if_action": {
				"type": "origins:and",
				"actions": [
					{
						"type": "origins:change_resource",
						"resource": "*:select_mode",
						"change": 4,
						"operation": "set"
					},
					{
						"type": "origins:execute_command",
						"command": "particle dust 0 0.45 1 3 ~ ~1.5 ~ 0.5 0.5 0.5 0 10"
					},
					{
						"type": "origins:execute_command",
						"command": "particle nautilus ~ ~1 ~ 0.25 0.25 0.25 1 100"
					},
					{
						"type": "origins:play_sound",
						"sound": "block.amethyst_block.chime",
						"volume": 4,
						"pitch": 0.7
					}
				]
			},
			"else_action": {
				"type": "origins:and",
				"actions": [
					{
						"type": "origins:execute_command",
						"command": "title @s actionbar {\"text\":\"§7This mode is not unlocked yet!§r\"}",
						"permission_level": 4
					},
					{
						"type": "origins:play_sound",
						"sound": "block.note_block.snare",
						"volume": 1,
						"pitch": 0.5
					}
				]
			}
		},
		"cooldown": 60,
		"hud_render": {
			"should_render": false
		},
		"key": {
			"key": "key.loadToolbarActivator"
		}
	},
	"purple": {
		"condition": {
			"type": "origins:and",
			"conditions": [
				{
					"type": "origins:resource",
					"resource": "*:select_pcd",
					"comparison": "==",
					"compare_to": 0
				},
				{
					"type": "origins:resource",
					"resource": "*:swapper_bit",
					"comparison": "==",
					"compare_to": 5
				}
			]
		},
		"type": "origins:active_self",
		"entity_action": {
			"type": "origins:if_else",
			"condition": {
				"type": "origins:resource",
				"resource": "*:purple_lock",
				"comparison": "==",
				"compare_to": 1
			},
			"if_action": {
				"type": "origins:and",
				"actions": [
					{
						"type": "origins:change_resource",
						"resource": "*:select_mode",
						"change": 5,
						"operation": "set"
					},
					{
						"type": "origins:execute_command",
						"command": "particle dust 0.42 0 0.839 3 ~ ~1 ~ 0.5 0.5 0.5 0 50"
					},
					{
						"type": "origins:execute_command",
						"command": "particle witch ~ ~1 ~ 0.25 0.25 0.25 10 100"
					},
					{
						"type": "origins:play_sound",
						"sound": "block.amethyst_block.chime",
						"volume": 4,
						"pitch": 0.7
					}
				]
			},
			"else_action": {
				"type": "origins:and",
				"actions": [
					{
						"type": "origins:execute_command",
						"command": "title @s actionbar {\"text\":\"§7This mode is not unlocked yet!§r\"}",
						"permission_level": 4
					},
					{
						"type": "origins:play_sound",
						"sound": "block.note_block.snare",
						"volume": 1,
						"pitch": 0.5
					}
				]
			}
		},
		"cooldown": 60,
		"hud_render": {
			"should_render": false
		},
		"key": {
			"key": "key.loadToolbarActivator"
		}
	},
	"pink": {
		"condition": {
			"type": "origins:and",
			"conditions": [
				{
					"type": "origins:resource",
					"resource": "*:select_kcd",
					"comparison": "==",
					"compare_to": 0
				},
				{
					"type": "origins:resource",
					"resource": "*:swapper_bit",
					"comparison": "==",
					"compare_to": 6
				}
			]
		},
		"type": "origins:active_self",
		"entity_action": {
			"type": "origins:if_else",
			"condition": {
				"type": "origins:resource",
				"resource": "*:pink_lock",
				"comparison": "==",
				"compare_to": 1
			},
			"if_action": {
				"type": "origins:and",
				"actions": [
					{
						"type": "origins:change_resource",
						"resource": "*:select_mode",
						"change": 6,
						"operation": "set"
					},
					{
						"type": "origins:execute_command",
						"command": "particle dust 1 0.506 0.827 2 ~ ~1 ~ 0.2 0.2 0.2 0 100"
					},
					{
						"type": "origins:execute_command",
						"command": "particle item pink_wool ~ ~1 ~ 0.25 0.25 0.25 0.2 100"
					},
					{
						"type": "origins:play_sound",
						"sound": "block.amethyst_block.chime",
						"volume": 4,
						"pitch": 0.7
					}
				]
			},
			"else_action": {
				"type": "origins:and",
				"actions": [
					{
						"type": "origins:execute_command",
						"command": "title @s actionbar {\"text\":\"§7This mode is not unlocked yet!§r\"}",
						"permission_level": 4
					},
					{
						"type": "origins:play_sound",
						"sound": "block.note_block.snare",
						"volume": 1,
						"pitch": 0.5
					}
				]
			}
		},
		"cooldown": 60,
		"hud_render": {
			"should_render": false
		},
		"key": {
			"key": "key.loadToolbarActivator"
		}
	}
}