{
    "name": "§6§nSolar",
    "description": "With the Sun above your head, you are able to burn enemies on hit and enhance the speed of every player around you. Your diet is also limited to meat.",
    "type": "origins:multiple",
    "meat": {
        "condition": {
            "type": "origins:daytime"
        },
        "type": "origins:prevent_item_use",
        "item_condition": {
            "type": "origins:and",
            "conditions": [
                {
                    "inverted": true,
                    "type": "origins:or",
                    "conditions": [
                        {
                            "type": "origins:ingredient",
                            "ingredient": {
                                "tag": "origins:meat"
                            }
                        },
                        {
                            "type": "origins:meat"
                        }
                    ]
                },
                {
                    "type": "origins:food"
                },
                {
                    "inverted": true,
                    "type": "origins:ingredient",
                    "ingredient": {
                        "tag": "origins:ignore_diet"
                    }
                }
            ]
        }
    },
    "speed": {
        "condition": {
            "type": "origins:and",
            "conditions": [
                {
                    "type": "apoli:daytime"
                },
                {
                    "type": "origins:exposed_to_sky"
                }
            ]
        },
        "type": "origins:action_over_time",
        "interval": 1,
        "entity_action": {
            "type": "origins:and",
            "actions": [
                {
                    "type": "origins:execute_command",
                    "command": "effect give @e[type=player,distance=..6] speed 1 2 true"
                }
            ]
        }
    },
    "speed_weak": {
        "condition": {
            "type": "origins:and",
            "conditions": [
                {
                    "type": "apoli:daytime"
                },
                {
                    "inverted": true,
                    "type": "origins:exposed_to_sky"
                }
            ]
        },
        "type": "origins:action_over_time",
        "interval": 1,
        "entity_action": {
            "type": "origins:and",
            "actions": [
                {
                    "type": "origins:execute_command",
                    "command": "effect give @e[type=player,distance=..6] speed 1 0 true"
                }
            ]
        }
    }
}