{
	"name": "§b§nConstellatory Fractals§r",
	"description": "Cycle through 6 different color modes, hold Shift to reverse the order. Tap LoadToolbar to select it.",
	"badges": [
        {
            "sprite": "origins:textures/gui/badge/star.png",
            "text": "These abilities can't be activated unless unlocked."
        }
    ],
	"type": "origins:multiple",
	"pick": {
		"condition": {
			"inverted": true,
			"type": "origins:sneaking"
		},
		"type": "origins:active_self",
		"entity_action": {
			"type": "origins:if_else_list",
			"actions": [
				{
					"condition": {
						"type": "origins:resource",
						"resource": "*:swapper_bit",
						"comparison": "==",
						"compare_to": 6
					},
					"action": {
						"type": "origins:and",
						"actions": [
							{
								"type": "origins:change_resource",
								"resource": "*:swapper_bit",
								"change": 1,
								"operation": "set"
							},
							{
								"type": "origins:execute_command",
								"command": "title @s actionbar {\"text\":\"§cRoaring Red§r\"}",
								"permission_level": 4
							}
						]
					}
				},
				{
					"condition": {
						"type": "origins:resource",
						"resource": "*:swapper_bit",
						"comparison": "==",
						"compare_to": 1
					},
					"action": {
						"type": "origins:and",
						"actions": [
							{
								"type": "origins:change_resource",
								"resource": "*:swapper_bit",
								"change": 2,
								"operation": "set"
							},
							{
								"type": "origins:execute_command",
								"command": "title @s actionbar {\"text\":\"§eBellowed Yellow§r\"}",
								"permission_level": 4
							}
						]
					}
				},
				{
					"condition": {
						"type": "origins:resource",
						"resource": "*:swapper_bit",
						"comparison": "==",
						"compare_to": 2
					},
					"action": {
						"type": "origins:and",
						"actions": [
							{
								"type": "origins:change_resource",
								"resource": "*:swapper_bit",
								"change": 3,
								"operation": "set"
							},
							{
								"type": "origins:execute_command",
								"command": "title @s actionbar {\"text\":\"§aGleeful Green§r\"}",
								"permission_level": 4
							}
						]
					}
				},
				{
					"condition": {
						"type": "origins:resource",
						"resource": "*:swapper_bit",
						"comparison": "==",
						"compare_to": 3
					},
					"action": {
						"type": "origins:and",
						"actions": [
							{
								"type": "origins:change_resource",
								"resource": "*:swapper_bit",
								"change": 4,
								"operation": "set"
							},
							{
								"type": "origins:execute_command",
								"command": "title @s actionbar {\"text\":\"§9Blooming Blue§r\"}",
								"permission_level": 4
							}
						]
					}
				},
				{
					"condition": {
						"type": "origins:resource",
						"resource": "*:swapper_bit",
						"comparison": "==",
						"compare_to": 4
					},
					"action": {
						"type": "origins:and",
						"actions": [
							{
								"type": "origins:change_resource",
								"resource": "*:swapper_bit",
								"change": 5,
								"operation": "set"
							},
							{
								"type": "origins:execute_command",
								"command": "title @s actionbar {\"text\":\"§5Purple Perplexity§r\"}",
								"permission_level": 4
							}
						]
					}
				},
				{
					"condition": {
						"type": "origins:resource",
						"resource": "*:swapper_bit",
						"comparison": "==",
						"compare_to": 5
					},
					"action": {
						"type": "origins:and",
						"actions": [
							{
								"type": "origins:change_resource",
								"resource": "*:swapper_bit",
								"change": 6,
								"operation": "set"
							},
							{
								"type": "origins:execute_command",
								"command": "title @s actionbar {\"text\":\"§dPassionate Pink§r\"}",
								"permission_level": 4
							}
						]
					}
				}
			]
		},
		"cooldown": 4,
		"hud_render": {
			"should_render": false
		},
		"key": {
			"key": "key.origins.secondary_active"
		}
	},
	"reverse": {
		"condition": {
			"type": "origins:sneaking"
		},
		"type": "origins:active_self",
		"entity_action": {
			"type": "origins:if_else_list",
			"actions": [
				{
					"condition": {
						"type": "origins:resource",
						"resource": "*:swapper_bit",
						"comparison": "==",
						"compare_to": 1
					},
					"action": {
						"type": "origins:and",
						"actions": [
							{
								"type": "origins:change_resource",
								"resource": "*:swapper_bit",
								"change": 6,
								"operation": "set"
							},
							{
								"type": "origins:execute_command",
								"command": "title @s actionbar {\"text\":\"§dPassionate Pink§r\"}",
								"permission_level": 4
							}
						]
					}
				},
				{
					"condition": {
						"type": "origins:resource",
						"resource": "*:swapper_bit",
						"comparison": "==",
						"compare_to": 2
					},
					"action": {
						"type": "origins:and",
						"actions": [
							{
								"type": "origins:change_resource",
								"resource": "*:swapper_bit",
								"change": 1,
								"operation": "set"
							},
							{
								"type": "origins:execute_command",
								"command": "title @s actionbar {\"text\":\"§cRoaring Red§r\"}",
								"permission_level": 4
							}
						]
					}
				},
				{
					"condition": {
						"type": "origins:resource",
						"resource": "*:swapper_bit",
						"comparison": "==",
						"compare_to": 3
					},
					"action": {
						"type": "origins:and",
						"actions": [
							{
								"type": "origins:change_resource",
								"resource": "*:swapper_bit",
								"change": 2,
								"operation": "set"
							},
							{
								"type": "origins:execute_command",
								"command": "title @s actionbar {\"text\":\"§eBellowed Yellow§r\"}",
								"permission_level": 4
							}
						]
					}
				},
				{
					"condition": {
						"type": "origins:resource",
						"resource": "*:swapper_bit",
						"comparison": "==",
						"compare_to": 4
					},
					"action": {
						"type": "origins:and",
						"actions": [
							{
								"type": "origins:change_resource",
								"resource": "*:swapper_bit",
								"change": 3,
								"operation": "set"
							},
							{
								"type": "origins:execute_command",
								"command": "title @s actionbar {\"text\":\"§aGleeful Green§r\"}",
								"permission_level": 4
							}
						]
					}
				},
				{
					"condition": {
						"type": "origins:resource",
						"resource": "*:swapper_bit",
						"comparison": "==",
						"compare_to": 5
					},
					"action": {
						"type": "origins:and",
						"actions": [
							{
								"type": "origins:change_resource",
								"resource": "*:swapper_bit",
								"change": 4,
								"operation": "set"
							},
							{
								"type": "origins:execute_command",
								"command": "title @s actionbar {\"text\":\"§9Blooming Blue§r\"}",
								"permission_level": 4
							}
						]
					}
				},
				{
					"condition": {
						"type": "origins:resource",
						"resource": "*:swapper_bit",
						"comparison": "==",
						"compare_to": 6
					},
					"action": {
						"type": "origins:and",
						"actions": [
							{
								"type": "origins:change_resource",
								"resource": "*:swapper_bit",
								"change": 5,
								"operation": "set"
							},
							{
								"type": "origins:execute_command",
								"command": "title @s actionbar {\"text\":\"§5Purple Perplexity§r\"}",
								"permission_level": 4
							}
						]
					}
				}
			]
		},
		"cooldown": 4,
		"hud_render": {
			"should_render": false
		},
		"key": {
			"key": "key.origins.secondary_active"
		}
	},
	"bit": {
		"type": "origins:resource",
		"min": 0,
		"max": 7,
		"start_value": 1,
		"hud_render": {
			"should_render": false,
			"sprite_location": "origins:textures/gui/community/spiderkolo/resource_bar_points_01.png",
			"bar_index": 12
		}
	}
}