{
    "hidden": true,
    "type": "origins:action_on_callback",
    "entity_action_chosen": {
        "type": "origins:and",
        "actions": [
            {
                "type": "origins:execute_command",
                "command": "tag @s add cosm",
                "permission_level": 4
            },
            {
                "type": "origins:execute_command",
                "command": "scoreboard objectives add spiral dummy",
                "permission_level": 4
            },
            {
                "type": "origins:execute_command",
                "command": "scoreboard players set go spiral 0",
                "permission_level": 4
            }
        ]
    },
    "execute_chosen_when_orb": true,
    "entity_action_lost": {
        "type": "origins:and",
        "actions": [
            {
                "type": "origins:execute_command",
                "command": "tag @s remove cosm",
                "permission_level": 4
            },
            {
                "type": "origins:execute_command",
                "command": "tag @s remove dreamt",
                "permission_level": 4
            }
        ]
    }
}