{
	"name": "§3§nRiftways§r",
	"description": "You instantly tear through space time to where you look at it, teleporting to that location, and injuring those around you upon arrival.",
	"badges": [
		{
			"sprite": "origins:textures/gui/badge/star.png",
			"text": "This ability is unlocked by infusing a Dragon Egg with a Nether Star, after unlocking ALL color modes."
		}
	],
	"condition": {
		"type": "origins:and",
		"conditions": [
			{
				"inverted": true,
				"type": "apoli:daytime"
			},
			{
				"type": "origins:exposed_to_sky"
			},
			{
				"type": "origins:resource",
				"resource": "*:eclipse_cd",
				"comparison": "==",
				"compare_to": 0
			},
			{
				"type": "origins:resource",
				"resource": "*:blind_lock",
				"comparison": "==",
				"compare_to": 1
			}
		]
	},
	"type": "origins:active_self",
	"entity_action": {
		"type": "origins:and",
		"actions": [
			{
				"type": "origins:delay",
				"action": {
					"type": "origins:execute_command",
					"command": "particle squid_ink ~ ~1 ~ 0.25 1 0.25 0.1 25",
					"permission_level": 4
				},
				"ticks": 2
			},
			{
				"type": "origins:delay",
				"action": {
					"type": "origins:execute_command",
					"command": "execute as @e[tag=riftp] at @s rotated as @p run teleport @s ~ ~ ~ ~ ~",
					"permission_level": 4
				},
				"ticks": 2
			},
			{
				"type": "origins:delay",
				"action": {
					"type": "origins:execute_command",
					"command": "tp @s @e[tag=riftp,limit=1]",
					"permission_level": 4
				},
				"ticks": 4
			},
			{
				"type": "origins:delay",
				"action": {
					"type": "origins:execute_command",
					"command": "kill @e[tag=riftp]",
					"permission_level": 4
				},
				"ticks": 8
			},
			{
				"type": "origins:delay",
				"action": {
					"type": "origins:execute_command",
					"command": "particle ash ~ ~1 ~ 0.25 1 0.25 0.3 200",
					"permission_level": 4
				},
				"ticks": 8
			},
			{
				"type": "origins:delay",
				"action": {
					"type": "origins:execute_command",
					"command": "particle scrape ~ ~ ~ 3 0.25 3 25 200",
					"permission_level": 4
				},
				"ticks": 8
			},
			{
				"type": "origins:play_sound",
				"sound": "minecraft:entity.ender_dragon.flap",
				"volume": 0.7,
				"pitch": 1.2
			},
			{
				"type": "origins:delay",
				"action": {
					"type": "origins:play_sound",
					"sound": "minecraft:ui.toast.out",
					"volume": 5,
					"pitch": 0.7
				},
				"ticks": 8
			},
			{
				"type": "apoli:delay",
				"action": {
					"type": "apoli:area_of_effect",
					"radius": 4,
					"bientity_action": {
						"type": "apoli:damage",
						"amount": 8,
						"source": {
							"name": "player",
							"bypasses_armor": true,
							"unblockable": true,
							"fire": false,
							"magic": false
						}
					}
				},
				"ticks": 8
			},
			{
				"type": "origins:raycast",
				"distance": 35,
				"block": true,
				"entity": true,
				"shape_type": "visual",
				"fluid_handling": "none",
				"miss_action": {
					"type": "origins:and",
					"actions": [
						{
							"type": "origins:execute_command",
							"command": "execute if block ^ ^1.5 ^25 air run tp @s ^ ^1.5 ^30"
						},
						{
							"type": "origins:execute_command",
							"command": "execute if block ^ ^1.5 ^25 water run tp @s ^ ^1.5 ^30"
						}
					]
				},
				"command_at_hit": "summon armor_stand ~ ~ ~ {Tags:[\"riftp\"],NoGravity:1b,Invisible:1b}",
				"command_step": 1,
				"command_along_ray_only_on_hit": false
			}
		]
	},
	"cooldown": 120,
	"hud_render": {
		"should_render": true,
		"sprite_location": "origins:textures/gui/community/huang/resource_bar_01.png",
		"bar_index": 0
	},
	"key": {
		"key": "primary",
		"continuous": true
	}
}