{
    "powers": [
        "daemonic:fae",
        "daemonic:fragile",
        "daemonic:burned_tears",
        "daemonic:lashing_out",
        "daemonic:crying_leech",
        "daemonic:speed_daemon",
        "daemonic:fast",
        "daemonic:drying_of_tears",
        "daemonic:spreading_anguish",
        "daemonic:spreading_anguish_dummy",
        "daemonic:numb",
        "daemonic:dripping_tears",
        "origins:extra_reach",
        "origins:more_kinetic_damage",
        "origins:water_vulnerability"
    ],
    "icon": "daemonic:weeping_crystal",
    "order": 4,
    "impact": 2,
    "loading_priority": 100,
    "unchoosable": true
}