{
    "name": "Flap",
    "description": "If you're in the air with an elytra, you can thrust forward like with a rocket boost.",
    "condition": {
        "type": "origins:fall_flying"
    },
    "type": "origins:active_self",
    "entity_action": {
        "type": "apoli:and",
        "actions": [
            {
                "type": "origins:add_velocity",
                "y": 0.75,
                "z": 2.5,
                "space": "velocity",
                "client": true,
                "server": true
            },
            {
                "type": "apoli:play_sound",
                "sound": "entity.ender_dragon.flap",
                "volume": 10,
                "pitch": 1.5
            }
        ]
    },
    "cooldown": 100,
    "hud_render": {
        "should_render": true,
        "bar_index": 4
    },
    "key": {
        "key": "secondary",
        "continuous": true
    }
}