{
    "name": "Short Breath",
    "description": "Your underwater breath time is halved.",
    "condition": {
        "type": "origins:submerged_in",
        "fluid": "water"
    },
    "type": "origins:action_over_time",
    "interval": 1,
    "rising_action": {
        "type": "origins:if_else_list",
        "actions": [
            {
                "condition": {
                    "type": "origins:air",
                    "comparison": ">",
                    "compare_to": 250
                },
                "action": {
                    "type": "origins:gain_air",
                    "value": -150
                }
            },
            {
                "condition": {
                    "type": "origins:and",
                    "conditions": [
                        {
                            "type": "origins:air",
                            "comparison": "<",
                            "compare_to": 250
                        },
                        {
                            "type": "origins:air",
                            "comparison": ">",
                            "compare_to": 200
                        }
                    ]
                },
                "action": {
                    "type": "origins:gain_air",
                    "value": -100
                }
            },
            {
                "condition": {
                    "type": "origins:and",
                    "conditions": [
                        {
                            "type": "origins:air",
                            "comparison": "<",
                            "compare_to": 200
                        },
                        {
                            "type": "origins:air",
                            "comparison": ">",
                            "compare_to": 150
                        }
                    ]
                },
                "action": {
                    "type": "origins:gain_air",
                    "value": -50
                }
            }
        ]
    }
}