{
	"name": "§e§nWater Anxiety",
	"description": "When you fall in water you teleport randomly every few seconds until you're out of the water.",
	"condition": {
		"type": "origins:fluid_height",
		"fluid": "water",
		"comparison": ">",
		"compare_to": 0
	},
	"type": "origins:action_over_time",
	"interval": 100,
	"entity_action": {
		"type": "origins:and",
		"actions": [
			{
				"type": "origins:execute_command",
				"command": "spreadplayers ~ ~ 1 25 false @s"
			},
			{
				"type": "origins:play_sound",
				"sound": "entity.shulker.teleport",
				"volume": 1,
				"pitch": 1.2
			},
			{
				"type": "origins:delay",
				"action": {
					"type": "origins:execute_command",
					"command": "particle minecraft:reverse_portal ~ ~1 ~ 0.25 0.25 0.25 0.1 25"
				},
				"ticks": 4
			}
		]
	}
}