{
    "name": "Timber",
    "description": "You take double damage from axes.",
    "type": "origins:modify_damage_taken",
    "damage_condition": {
        "type": "origins:attacker",
        "entity_condition": {
            "type": "origins:equipped_item",
            "equipment_slot": "mainhand",
            "item_condition": {
                "type": "origins:ingredient",
                "ingredient": {
                    "tag": "rose:weapons"
                }
            }
        }
    },
    "modifier": {
        "operation": "multiply_total",
        "value": 1
    }
}