{
	"name": "Green Thumb",
	"description": "You can use your Primary on the ground to bonemeal it.",
	"type": "origins:active_self",
	"entity_action": {
		"type": "origins:raycast",
		"distance": 7,
		"block": true,
		"entity": false,
		"shape_type": "visual",
		"fluid_handling": "any",
		"command_at_hit": "particle mycelium ~ ~ ~ 0.5 0.5 0.5 0 50",
		"command_step": 1,
		"command_along_ray_only_on_hit": true,
		"block_action": {
			"type": "origins:offset",
			"action": {
				"type": "origins:bonemeal",
				"effects": true
			},
			"y": 1
		}
	},
	"cooldown": 40,
	"hud_render": {
		"should_render": true,
		"sprite_location": "origins:textures/gui/community/spiderkolo/resource_bar_02.png",
		"bar_index": 22
	},
	"key": {
		"key": "primary",
		"continuous": true
	}
}