{
    "name": "Spores",
    "description": "Launch a spore cloud around you and deal a random potion effect.",
    "type": "origins:multiple",
    "act": {
        "type": "origins:active_self",
        "entity_action": {
            "type": "origins:choice",
            "actions": [
                {
                    "weight": 1,
                    "element": {
                        "type": "origins:and",
                        "actions": [
                            {
                                "type": "origins:execute_command",
                                "command": "effect give @e[tag=!rose,distance=..8] slowness 2 2"
                            },
                            {
                                "type": "origins:execute_command",
                                "command": "particle dust 0.620 0.416 0.341 1 ~ ~0.3 ~ 8 0.2 8 0 500"
                            }
                        ]
                    }
                },
                {
                    "weight": 1,
                    "element": {
                        "type": "origins:and",
                        "actions": [
                            {
                                "type": "origins:execute_command",
                                "command": "effect give @e[tag=!rose,distance=..8] poison 2 1"
                            },
                            {
                                "type": "origins:execute_command",
                                "command": "particle dust 0.118 0.431 0.302 1 ~ ~0.3 ~ 8 0.2 8 0 500"
                            }
                        ]
                    }
                },
                {
                    "weight": 1,
                    "element": {
                        "type": "origins:and",
                        "actions": [
                            {
                                "type": "origins:execute_command",
                                "command": "effect give @e[tag=!rose,distance=..8] blindness 2 0"
                            },
                            {
                                "type": "origins:execute_command",
                                "command": "particle dust 0.149 0.118 0.169 1 ~ ~0.3 ~ 8 0.2 8 0 500"
                            }
                        ]
                    }
                }
            ]
        },
        "cooldown": 100,
        "hud_render": {
            "should_render": true,
            "sprite_location": "origins:textures/gui/community/spiderkolo/resource_bar_02.png",
            "bar_index": 22
        },
        "key": {
            "key": "secondary"
        }
    }
}