{
    "type": "origins:multiple",
    "gain": {
        "condition": {
            "type": "origins:power",
            "power": "max:yellow/feared",
            "source": "max:max"
        },
        "type": "origins:action_over_time",
        "interval": 1,
        "rising_action": {
            "type": "origins:and",
            "actions": [
                {
                    "type": "origins:apply_effect",
                    "effect": {
                        "effect": "blindness",
                        "duration": 400,
                        "amplifier": 0,
                        "show_particles": false,
                        "show_icon": true
                    }
                },
                {
                    "type": "origins:trigger_cooldown",
                    "power": "*:yellow/feared_cd"
                }
            ]
        }
    },
    "remove": {
        "condition": {
            "type": "origins:resource",
            "resource": "*:yellow/feared_cd",
            "comparison": "!=",
            "compare_to": 0
        },
        "type": "origins:action_over_time",
        "interval": 1,
        "entity_action": {
            "type": "origins:and",
            "actions": [
                {
                    "type": "origins:execute_command",
                    "command": "particle wax_on ~ ~1 ~ 0.2 0.2 0.2 1 1"
                },
                {
                    "type": "apoli:chance",
                    "chance": 0.1,
                    "action": {
                        "type": "origins:execute_command",
                        "command": "particle soul ~ ~2.25 ~ 0.2 0.2 0.2 0 1"
                    }
                }
            ]
        },
        "falling_action": {
            "type": "origins:revoke_power",
            "power": "max:yellow/feared",
            "source": "max:max"
        }
    },
    "dmg": {
        "condition": {
            "type": "origins:resource",
            "resource": "*:yellow/feared_cd",
            "comparison": "!=",
            "compare_to": 0
        },
        "type": "origins:modify_damage_taken",
        "modifier": {
            "operation": "multiply_total",
            "value": 1
        }
    },
    "cd": {
        "type": "origins:cooldown",
        "cooldown": 400,
        "hud_render": {
            "should_render": false
        }
    }
}