{
 "parent": "item/generated",
 
 "textures": 
 {
  "layer0": "item/heart_of_the_sea"
 },

 "overrides": 
 [
    { 
         "predicate": 
        {
			 "custom_model_data": 1
		}, 
		     "model": "item/custom/phil"
	},
	{ 
         "predicate": 
        {
			 "custom_model_data": 2
		}, 
		     "model": "item/custom/ice"
	},
	{ 
         "predicate": 
        {
			 "custom_model_data": 3
		}, 
		     "model": "item/custom/fire"
	},
	{ 
         "predicate": 
        {
			 "custom_model_data": 4
		}, 
		     "model": "item/custom/earth"
	}
 ]

 
}