{
    "name": "§d§nConsume§r",
    "description": "You can consume mobs to gain void.",
    "type": "origins:multiple",
    "act": {
        "type": "origins:active_self",
        "entity_action": {
            "type": "origins:and",
            "actions": [
                {
                    "type": "origins:raycast",
                    "distance": 3,
                    "block": false,
                    "entity": true,
                    "shape_type": "outline",
                    "fluid_handling": "any",
                    "bientity_condition": {
                        "type": "origins:target_condition",
                        "condition": {
                            "inverted": true,
                            "type": "origins:in_tag",
                            "tag": "void:nope"
                        }
                    },
                    "bientity_action": {
                        "type": "origins:and",
                        "actions": [
                            {
                                "type": "origins:actor_action",
                                "action": {
                                    "type": "origins:change_resource",
                                    "resource": "*:void",
                                    "change": 20,
                                    "operation": "add"
                                }
                            },
                            {
                                "type": "origins:target_action",
                                "action": {
                                    "type": "origins:execute_command",
                                    "command": "kill @s"
                                }
                            }
                        ]
                    },
                    "miss_action": {
                        "type": "origins:delay",
                        "action": {
                            "type": "origins:change_resource",
                            "resource": "*:*_act",
                            "change": 240,
                            "operation": "set"
                        },
                        "ticks": 3
                    },
                    "command_at_hit": "particle soul ~ ~0.5 ~ 0.25 0.25 0.25 0.1 5"
                },
                {
                    "type": "origins:execute_command",
                    "command": "particle witch ^ ^1 ^2 0.25 0.25 0.25 0.1 20"
                },
                {
                    "type": "origins:play_sound",
                    "sound": "entity.strider.death",
                    "volume": 1,
                    "pitch": 0.5
                }
            ]
        },
        "cooldown": 300,
        "hud_render": {
            "should_render": true,
            "sprite_location": "origins:textures/gui/community/huang/resource_bar_02.png",
            "bar_index": 7
        },
        "key": {
            "key": "primary",
            "continuous": true
        }
    }
}