{
	"credit": "Made with Blockbench",
	"parent": "item",
	"textures": {
		"0": "item/white",
		"1": "item/blue",
		"2": "item/bell",
		"particle": "item/white"
	},
	"elements": [
		{
			"from": [1.5, 7, 6.5],
			"to": [14.5, 9.5, 9.5],
			"rotation": {"angle": 0, "axis": "y", "origin": [-1.5, 8.5, 6.5]},
			"faces": {
				"north": {"uv": [3, 3, 9.5, 4.5], "texture": "#0"},
				"east": {"uv": [9.5, 5, 11, 6.5], "texture": "#0"},
				"south": {"uv": [3, 4.5, 9.5, 6], "texture": "#0"},
				"west": {"uv": [0, 10.5, 1.5, 12], "texture": "#0"},
				"up": {"uv": [9.5, 7.5, 3, 6], "texture": "#0"},
				"down": {"uv": [14, 0, 7.5, 1.5], "texture": "#0"}
			}
		},
		{
			"from": [1.5, 7, 9.5],
			"to": [4.5, 9.5, 21.5],
			"rotation": {"angle": 0, "axis": "y", "origin": [-1.5, 8.5, 6.5]},
			"faces": {
				"north": {"uv": [1.5, 10.5, 3, 12], "texture": "#0"},
				"east": {"uv": [7.5, 1.5, 13.5, 3], "texture": "#0"},
				"south": {"uv": [6, 10.5, 7.5, 12], "texture": "#0"},
				"west": {"uv": [3, 7.5, 9, 9], "texture": "#0"},
				"up": {"uv": [4.5, 15, 3, 9], "texture": "#0"},
				"down": {"uv": [6, 9, 4.5, 15], "texture": "#0"}
			}
		},
		{
			"from": [4.5, 7, 19.5],
			"to": [14.5, 9.5, 21.5],
			"rotation": {"angle": 0, "axis": "y", "origin": [-1.5, 8.5, 6.5]},
			"faces": {
				"north": {"uv": [6, 9, 11, 10.5], "texture": "#0"},
				"east": {"uv": [10.5, 10.5, 11.5, 12], "texture": "#0"},
				"south": {"uv": [9, 7.5, 14, 9], "texture": "#0"},
				"west": {"uv": [11, 5, 12, 6.5], "texture": "#0"},
				"up": {"uv": [14.5, 4, 9.5, 3], "texture": "#0"},
				"down": {"uv": [14.5, 4, 9.5, 5], "texture": "#0"}
			}
		},
		{
			"from": [14.5, 7, 6.5],
			"to": [17.5, 9.5, 21.5],
			"rotation": {"angle": 0, "axis": "y", "origin": [-1.5, 8.5, 6.5]},
			"faces": {
				"north": {"uv": [7.5, 10.5, 9, 12], "texture": "#0"},
				"east": {"uv": [0, 0, 7.5, 1.5], "texture": "#0"},
				"south": {"uv": [9, 10.5, 10.5, 12], "texture": "#0"},
				"west": {"uv": [0, 1.5, 7.5, 3], "texture": "#0"},
				"up": {"uv": [1.5, 10.5, 0, 3], "texture": "#0"},
				"down": {"uv": [3, 3, 1.5, 10.5], "texture": "#0"}
			}
		},
		{
			"from": [8.6, 11.05, 29.65],
			"to": [10.65, 12.95, 31.8],
			"rotation": {"angle": 22.5, "axis": "x", "origin": [0, 0, 0]},
			"faces": {
				"north": {"uv": [0, 0, 1, 1], "texture": "#2"},
				"east": {"uv": [0, 1, 1, 2], "texture": "#2"},
				"south": {"uv": [1, 0, 2, 1], "texture": "#2"},
				"west": {"uv": [1, 1, 2, 2], "texture": "#2"},
				"up": {"uv": [1, 3, 0, 2], "texture": "#2"},
				"down": {"uv": [3, 0, 2, 1], "texture": "#2"}
			}
		},
		{
			"from": [2.5, 9.5, 8.5],
			"to": [3.75, 12.75, 19.25],
			"faces": {
				"north": {"uv": [2, 11, 2.25, 11.75], "texture": "#1"},
				"east": {"uv": [5.5, 5.75, 8.25, 6.5], "texture": "#1"},
				"south": {"uv": [2.25, 11, 2.5, 11.75], "texture": "#1"},
				"west": {"uv": [0, 6, 2.75, 6.75], "texture": "#1"},
				"up": {"uv": [0.25, 13.75, 0, 11], "texture": "#1"},
				"down": {"uv": [0.5, 11, 0.25, 13.75], "texture": "#1"}
			}
		},
		{
			"from": [3, 8.5, 18.75],
			"to": [16, 11.75, 20],
			"faces": {
				"north": {"uv": [4, 3.5, 7.25, 4.25], "texture": "#1"},
				"east": {"uv": [2.75, 12.25, 3, 13], "texture": "#1"},
				"south": {"uv": [4, 4.25, 7.25, 5], "texture": "#1"},
				"west": {"uv": [3, 12.25, 3.25, 13], "texture": "#1"},
				"up": {"uv": [12.75, 9.5, 9.5, 9.25], "texture": "#1"},
				"down": {"uv": [13.75, 7.75, 10.5, 8], "texture": "#1"}
			}
		},
		{
			"from": [15.25, 9.5, 8.5],
			"to": [16.5, 12.75, 19.25],
			"faces": {
				"north": {"uv": [3.25, 12.25, 3.5, 13], "texture": "#1"},
				"east": {"uv": [5.5, 6.5, 8.25, 7.25], "texture": "#1"},
				"south": {"uv": [3.5, 12.5, 3.75, 13.25], "texture": "#1"},
				"west": {"uv": [0, 6.75, 2.75, 7.5], "texture": "#1"},
				"up": {"uv": [0.75, 13.75, 0.5, 11], "texture": "#1"},
				"down": {"uv": [1, 11, 0.75, 13.75], "texture": "#1"}
			}
		},
		{
			"from": [3, 9.5, 7.75],
			"to": [16, 12.75, 9],
			"faces": {
				"north": {"uv": [5, 0, 8.25, 0.75], "texture": "#1"},
				"east": {"uv": [3.75, 12.5, 4, 13.25], "texture": "#1"},
				"south": {"uv": [5, 0.75, 8.25, 1.5], "texture": "#1"},
				"west": {"uv": [4, 12.5, 4.25, 13.25], "texture": "#1"},
				"up": {"uv": [14, 6.5, 10.75, 6.25], "texture": "#1"},
				"down": {"uv": [14, 6.5, 10.75, 6.75], "texture": "#1"}
			}
		},
		{
			"from": [3.5, 15, 4],
			"to": [4.75, 18.25, 13.75],
			"rotation": {"angle": 22.5, "axis": "x", "origin": [0, 0, 0]},
			"faces": {
				"north": {"uv": [8, 12.5, 8.25, 13.25], "texture": "#1"},
				"east": {"uv": [0, 7.5, 2.5, 8.25], "texture": "#1"},
				"south": {"uv": [8.25, 12.5, 8.5, 13.25], "texture": "#1"},
				"west": {"uv": [2.5, 7.5, 5, 8.25], "texture": "#1"},
				"up": {"uv": [1.25, 13.5, 1, 11], "texture": "#1"},
				"down": {"uv": [1.5, 11, 1.25, 13.5], "texture": "#1"}
			}
		},
		{
			"from": [4, 15, 13.25],
			"to": [15, 17.25, 14],
			"rotation": {"angle": 22.5, "axis": "x", "origin": [0, 0, 0]},
			"faces": {
				"north": {"uv": [7.25, 4.5, 10, 5], "texture": "#1"},
				"east": {"uv": [3.75, 5.25, 4, 5.75], "texture": "#1"},
				"south": {"uv": [6.25, 9.5, 9, 10], "texture": "#1"},
				"west": {"uv": [5, 7.5, 5.25, 8], "texture": "#1"},
				"up": {"uv": [13.75, 11.5, 11, 11.25], "texture": "#1"},
				"down": {"uv": [6.25, 11.5, 3.5, 11.75], "texture": "#1"}
			}
		},
		{
			"from": [14.25, 15, 4],
			"to": [15.5, 18.25, 13.75],
			"rotation": {"angle": 22.5, "axis": "x", "origin": [0, 0, 0]},
			"faces": {
				"north": {"uv": [8.5, 12.5, 8.75, 13.25], "texture": "#1"},
				"east": {"uv": [8, 1.5, 10.5, 2.25], "texture": "#1"},
				"south": {"uv": [8.75, 12.5, 9, 13.25], "texture": "#1"},
				"west": {"uv": [8, 2.25, 10.5, 3], "texture": "#1"},
				"up": {"uv": [1.75, 13.5, 1.5, 11], "texture": "#1"},
				"down": {"uv": [2, 11, 1.75, 13.5], "texture": "#1"}
			}
		},
		{
			"from": [3.5, 15, 3.25],
			"to": [15.5, 18.25, 4],
			"rotation": {"angle": 22.5, "axis": "x", "origin": [0, 0, 0]},
			"faces": {
				"north": {"uv": [5, 1.5, 8, 2.25], "texture": "#1"},
				"east": {"uv": [9, 12.5, 9.25, 13.25], "texture": "#1"},
				"south": {"uv": [5, 2.25, 8, 3], "texture": "#1"},
				"west": {"uv": [9.25, 12.5, 9.5, 13.25], "texture": "#1"},
				"up": {"uv": [13.75, 7, 10.75, 6.75], "texture": "#1"},
				"down": {"uv": [13.75, 7, 10.75, 7.25], "texture": "#1"}
			}
		},
		{
			"from": [4.5, 17.5, 4],
			"to": [14.25, 18.25, 7.25],
			"rotation": {"angle": 22.5, "axis": "x", "origin": [0, 0, 0]},
			"faces": {
				"north": {"uv": [11, 11.5, 13.5, 11.75], "texture": "#1"},
				"east": {"uv": [12.5, 1.25, 13.25, 1.5], "texture": "#1"},
				"south": {"uv": [2, 11.75, 4.5, 12], "texture": "#1"},
				"west": {"uv": [12.5, 4.5, 13.25, 4.75], "texture": "#1"},
				"up": {"uv": [7.5, 8.75, 5, 8], "texture": "#1"},
				"down": {"uv": [10, 8, 7.5, 8.75], "texture": "#1"}
			}
		},
		{
			"from": [4.75, 17.25, 13],
			"to": [14.25, 19.5, 16.25],
			"rotation": {"angle": 22.5, "axis": "x", "origin": [0, 0, 0]},
			"faces": {
				"north": {"uv": [10, 4.5, 12.5, 5], "texture": "#1"},
				"east": {"uv": [3, 5.25, 3.75, 5.75], "texture": "#1"},
				"south": {"uv": [0, 10.5, 2.5, 11], "texture": "#1"},
				"west": {"uv": [4.25, 9, 5, 9.5], "texture": "#1"},
				"up": {"uv": [2.5, 9, 0, 8.25], "texture": "#1"},
				"down": {"uv": [10.75, 0, 8.25, 0.75], "texture": "#1"}
			}
		},
		{
			"from": [4.75, 19, 7],
			"to": [14.25, 20.75, 13.5],
			"rotation": {"angle": 22.5, "axis": "x", "origin": [0, 0, 0]},
			"faces": {
				"north": {"uv": [10.5, 1.5, 13, 2], "texture": "#1"},
				"east": {"uv": [10.75, 0.5, 12.5, 1], "texture": "#1"},
				"south": {"uv": [10.5, 2, 13, 2.5], "texture": "#1"},
				"west": {"uv": [10.75, 1, 12.5, 1.5], "texture": "#1"},
				"up": {"uv": [2.5, 1.75, 0, 0], "texture": "#1"},
				"down": {"uv": [2.5, 1.75, 0, 3.5], "texture": "#1"}
			}
		},
		{
			"from": [3.5, 18.25, 7],
			"to": [4.75, 20.75, 16.75],
			"rotation": {"angle": 22.5, "axis": "x", "origin": [0, 0, 0]},
			"faces": {
				"north": {"uv": [9.5, 12.5, 9.75, 13.25], "texture": "#1"},
				"east": {"uv": [8.25, 0.75, 10.75, 1.5], "texture": "#1"},
				"south": {"uv": [9.75, 12.5, 10, 13.25], "texture": "#1"},
				"west": {"uv": [2.5, 8.25, 5, 9], "texture": "#1"},
				"up": {"uv": [6.5, 13.75, 6.25, 11.25], "texture": "#1"},
				"down": {"uv": [6.75, 11.25, 6.5, 13.75], "texture": "#1"}
			}
		},
		{
			"from": [4, 18, 16.25],
			"to": [15, 19.75, 17],
			"rotation": {"angle": 22.5, "axis": "x", "origin": [0, 0, 0]},
			"faces": {
				"north": {"uv": [9.5, 8.75, 12.25, 9.25], "texture": "#1"},
				"east": {"uv": [5.25, 7.5, 5.5, 8], "texture": "#1"},
				"south": {"uv": [9, 9.5, 11.75, 10], "texture": "#1"},
				"west": {"uv": [4.75, 11, 5, 11.5], "texture": "#1"},
				"up": {"uv": [14.25, 5.25, 11.5, 5], "texture": "#1"},
				"down": {"uv": [14.25, 5.25, 11.5, 5.5], "texture": "#1"}
			}
		},
		{
			"from": [14.25, 18.25, 7],
			"to": [15.5, 20.75, 16.75],
			"rotation": {"angle": 22.5, "axis": "x", "origin": [0, 0, 0]},
			"faces": {
				"north": {"uv": [10, 12.5, 10.25, 13.25], "texture": "#1"},
				"east": {"uv": [8.25, 5.75, 10.75, 6.5], "texture": "#1"},
				"south": {"uv": [10.25, 12.5, 10.5, 13.25], "texture": "#1"},
				"west": {"uv": [8.25, 6.5, 10.75, 7.25], "texture": "#1"},
				"up": {"uv": [7, 13.75, 6.75, 11.25], "texture": "#1"},
				"down": {"uv": [7.25, 11.25, 7, 13.75], "texture": "#1"}
			}
		},
		{
			"from": [3.5, 18, 6.25],
			"to": [15.5, 20.75, 7],
			"rotation": {"angle": 22.5, "axis": "x", "origin": [0, 0, 0]},
			"faces": {
				"north": {"uv": [4, 5, 7, 5.75], "texture": "#1"},
				"east": {"uv": [10.5, 12.5, 10.75, 13.25], "texture": "#1"},
				"south": {"uv": [0, 5.25, 3, 6], "texture": "#1"},
				"west": {"uv": [10.75, 12.5, 11, 13.25], "texture": "#1"},
				"up": {"uv": [14, 11, 11, 10.75], "texture": "#1"},
				"down": {"uv": [14, 11, 11, 11.25], "texture": "#1"}
			}
		},
		{
			"from": [5, 19, 16.75],
			"to": [14, 20.75, 19.25],
			"rotation": {"angle": 22.5, "axis": "x", "origin": [0, 0, 0]},
			"faces": {
				"north": {"uv": [5, 3, 7.25, 3.5], "texture": "#1"},
				"east": {"uv": [3.5, 9.75, 4.25, 10.25], "texture": "#1"},
				"south": {"uv": [10.75, 0, 13, 0.5], "texture": "#1"},
				"west": {"uv": [11.75, 9.5, 12.5, 10], "texture": "#1"},
				"up": {"uv": [10.5, 8, 8.25, 7.25], "texture": "#1"},
				"down": {"uv": [7.25, 8.75, 5, 9.5], "texture": "#1"}
			}
		},
		{
			"from": [4.5, 20, 11],
			"to": [14.5, 21.75, 18.25],
			"rotation": {"angle": 22.5, "axis": "x", "origin": [0, 0, 0]},
			"faces": {
				"north": {"uv": [10.5, 2.5, 13, 3], "texture": "#1"},
				"east": {"uv": [10.75, 5.75, 12.5, 6.25], "texture": "#1"},
				"south": {"uv": [10.5, 7.25, 13, 7.75], "texture": "#1"},
				"west": {"uv": [6.25, 10.75, 8, 11.25], "texture": "#1"},
				"up": {"uv": [5, 1.75, 2.5, 0], "texture": "#1"},
				"down": {"uv": [5, 1.75, 2.5, 3.5], "texture": "#1"}
			}
		},
		{
			"from": [4, 19.25, 11],
			"to": [4.75, 21.75, 18.25],
			"rotation": {"angle": 22.5, "axis": "x", "origin": [0, 0, 0]},
			"faces": {
				"north": {"uv": [11.5, 12.5, 11.75, 13.25], "texture": "#1"},
				"east": {"uv": [0, 9.75, 1.75, 10.5], "texture": "#1"},
				"south": {"uv": [11.75, 12.5, 12, 13.25], "texture": "#1"},
				"west": {"uv": [1.75, 9.75, 3.5, 10.5], "texture": "#1"},
				"up": {"uv": [7.5, 13, 7.25, 11.25], "texture": "#1"},
				"down": {"uv": [7.75, 11.25, 7.5, 13], "texture": "#1"}
			}
		},
		{
			"from": [14.25, 19.25, 11],
			"to": [15, 21.75, 18.25],
			"rotation": {"angle": 22.5, "axis": "x", "origin": [0, 0, 0]},
			"faces": {
				"north": {"uv": [12, 12.5, 12.25, 13.25], "texture": "#1"},
				"east": {"uv": [9.75, 5, 11.5, 5.75], "texture": "#1"},
				"south": {"uv": [12.25, 12.5, 12.5, 13.25], "texture": "#1"},
				"west": {"uv": [10, 3, 11.75, 3.75], "texture": "#1"},
				"up": {"uv": [8, 13, 7.75, 11.25], "texture": "#1"},
				"down": {"uv": [4.75, 11.75, 4.5, 13.5], "texture": "#1"}
			}
		},
		{
			"from": [4, 19, 10.25],
			"to": [15, 21.75, 11],
			"rotation": {"angle": 22.5, "axis": "x", "origin": [0, 0, 0]},
			"faces": {
				"north": {"uv": [7, 5, 9.75, 5.75], "texture": "#1"},
				"east": {"uv": [12.5, 12.25, 12.75, 13], "texture": "#1"},
				"south": {"uv": [7.25, 3, 10, 3.75], "texture": "#1"},
				"west": {"uv": [2, 12.75, 2.25, 13.5], "texture": "#1"},
				"up": {"uv": [14.25, 5.75, 11.5, 5.5], "texture": "#1"},
				"down": {"uv": [14.25, 10, 11.5, 10.25], "texture": "#1"}
			}
		},
		{
			"from": [5.5, 23.25, 13.25],
			"to": [13.5, 24.5, 14],
			"rotation": {"angle": 45, "axis": "x", "origin": [0, 0, 0]},
			"faces": {
				"north": {"uv": [11.75, 4, 13.75, 4.25], "texture": "#1"},
				"east": {"uv": [2.75, 7.25, 3, 7.5], "texture": "#1"},
				"south": {"uv": [11.75, 4.25, 13.75, 4.5], "texture": "#1"},
				"west": {"uv": [7.75, 13, 8, 13.25], "texture": "#1"},
				"up": {"uv": [13.75, 8.25, 11.75, 8], "texture": "#1"},
				"down": {"uv": [13.75, 8.25, 11.75, 8.5], "texture": "#1"}
			}
		},
		{
			"from": [5.75, 22.75, 6],
			"to": [13.25, 25.75, 13.25],
			"rotation": {"angle": 45, "axis": "x", "origin": [0, 0, 0]},
			"faces": {
				"north": {"uv": [2.25, 9, 4.25, 9.75], "texture": "#1"},
				"east": {"uv": [10, 3.75, 11.75, 4.5], "texture": "#1"},
				"south": {"uv": [4.25, 9.5, 6.25, 10.25], "texture": "#1"},
				"west": {"uv": [6.25, 10, 8, 10.75], "texture": "#1"},
				"up": {"uv": [2, 5.25, 0, 3.5], "texture": "#1"},
				"down": {"uv": [4, 3.5, 2, 5.25], "texture": "#1"}
			}
		},
		{
			"from": [5, 23.25, 6],
			"to": [5.75, 25.75, 13.25],
			"rotation": {"angle": 45, "axis": "x", "origin": [0, 0, 0]},
			"faces": {
				"north": {"uv": [2.25, 12.75, 2.5, 13.5], "texture": "#1"},
				"east": {"uv": [8, 10, 9.75, 10.75], "texture": "#1"},
				"south": {"uv": [2.5, 12.75, 2.75, 13.5], "texture": "#1"},
				"west": {"uv": [10, 8, 11.75, 8.75], "texture": "#1"},
				"up": {"uv": [5, 13.5, 4.75, 11.75], "texture": "#1"},
				"down": {"uv": [5.25, 11.75, 5, 13.5], "texture": "#1"}
			}
		},
		{
			"from": [13.25, 23.25, 6],
			"to": [14, 25.75, 13.25],
			"rotation": {"angle": 45, "axis": "x", "origin": [0, 0, 0]},
			"faces": {
				"north": {"uv": [12.75, 9.25, 13, 10], "texture": "#1"},
				"east": {"uv": [9.75, 10, 11.5, 10.75], "texture": "#1"},
				"south": {"uv": [12.75, 12.25, 13, 13], "texture": "#1"},
				"west": {"uv": [3.5, 10.25, 5.25, 11], "texture": "#1"},
				"up": {"uv": [5.5, 13.5, 5.25, 11.75], "texture": "#1"},
				"down": {"uv": [5.75, 11.75, 5.5, 13.5], "texture": "#1"}
			}
		},
		{
			"from": [4, 23, 5.25],
			"to": [15, 25.75, 6],
			"rotation": {"angle": 45, "axis": "x", "origin": [0, 0, 0]},
			"faces": {
				"north": {"uv": [7.25, 3.75, 10, 4.5], "texture": "#1"},
				"east": {"uv": [13, 1.5, 13.25, 2.25], "texture": "#1"},
				"south": {"uv": [5.5, 7.25, 8.25, 8], "texture": "#1"},
				"west": {"uv": [13, 2.25, 13.25, 3], "texture": "#1"},
				"up": {"uv": [14.25, 10.5, 11.5, 10.25], "texture": "#1"},
				"down": {"uv": [14.25, 10.5, 11.5, 10.75], "texture": "#1"}
			}
		},
		{
			"from": [6.5, -8, 25.75],
			"to": [12.5, -7.25, 26.5],
			"rotation": {"angle": -22.5, "axis": "x", "origin": [0, 0, 0]},
			"faces": {
				"north": {"uv": [11.75, 8.5, 13.25, 8.75], "texture": "#1"},
				"east": {"uv": [13, 9.25, 13.25, 9.5], "texture": "#1"},
				"south": {"uv": [11.5, 11.75, 13, 12], "texture": "#1"},
				"west": {"uv": [13, 9.5, 13.25, 9.75], "texture": "#1"},
				"up": {"uv": [3.5, 12.25, 2, 12], "texture": "#1"},
				"down": {"uv": [13, 12, 11.5, 12.25], "texture": "#1"}
			}
		},
		{
			"from": [7, -7.25, 25.75],
			"to": [12, 0, 27.75],
			"rotation": {"angle": -22.5, "axis": "x", "origin": [0, 0, 0]},
			"faces": {
				"north": {"uv": [3, 5.75, 4.25, 7.5], "texture": "#1"},
				"east": {"uv": [8, 10.75, 8.5, 12.5], "texture": "#1"},
				"south": {"uv": [4.25, 5.75, 5.5, 7.5], "texture": "#1"},
				"west": {"uv": [8.5, 10.75, 9, 12.5], "texture": "#1"},
				"up": {"uv": [4.75, 11.5, 3.5, 11], "texture": "#1"},
				"down": {"uv": [13, 3, 11.75, 3.5], "texture": "#1"}
			}
		},
		{
			"from": [6.25, -7.25, 26],
			"to": [7, 0, 27.75],
			"rotation": {"angle": -22.5, "axis": "x", "origin": [0, 0, 0]},
			"faces": {
				"north": {"uv": [5.75, 11.75, 6, 13.5], "texture": "#1"},
				"east": {"uv": [9, 10.75, 9.5, 12.5], "texture": "#1"},
				"south": {"uv": [6, 11.75, 6.25, 13.5], "texture": "#1"},
				"west": {"uv": [9.5, 10.75, 10, 12.5], "texture": "#1"},
				"up": {"uv": [5.25, 11.5, 5, 11], "texture": "#1"},
				"down": {"uv": [12.75, 9.5, 12.5, 10], "texture": "#1"}
			}
		},
		{
			"from": [12, -7.25, 26],
			"to": [12.75, 0, 27.75],
			"rotation": {"angle": -22.5, "axis": "x", "origin": [0, 0, 0]},
			"faces": {
				"north": {"uv": [11, 11.75, 11.25, 13.5], "texture": "#1"},
				"east": {"uv": [10, 10.75, 10.5, 12.5], "texture": "#1"},
				"south": {"uv": [11.25, 11.75, 11.5, 13.5], "texture": "#1"},
				"west": {"uv": [10.5, 10.75, 11, 12.5], "texture": "#1"},
				"up": {"uv": [3, 13.5, 2.75, 13], "texture": "#1"},
				"down": {"uv": [3.25, 13, 3, 13.5], "texture": "#1"}
			}
		},
		{
			"from": [5.25, 0, 25],
			"to": [13.75, 0.75, 27.75],
			"rotation": {"angle": -22.5, "axis": "x", "origin": [0, 0, 0]},
			"faces": {
				"north": {"uv": [11.75, 3.5, 14, 3.75], "texture": "#1"},
				"east": {"uv": [12.5, 4.75, 13.25, 5], "texture": "#1"},
				"south": {"uv": [11.75, 3.75, 14, 4], "texture": "#1"},
				"west": {"uv": [12.5, 5.75, 13.25, 6], "texture": "#1"},
				"up": {"uv": [9.5, 9.5, 7.25, 8.75], "texture": "#1"},
				"down": {"uv": [2.25, 9, 0, 9.75], "texture": "#1"}
			}
		},
		{
			"from": [7.75, -12, 25.75],
			"to": [11.25, -11.25, 26.5],
			"rotation": {"angle": -22.5, "axis": "x", "origin": [0, 0, 0]},
			"faces": {
				"north": {"uv": [12.25, 8.75, 13.25, 9], "texture": "#1"},
				"east": {"uv": [13, 9.75, 13.25, 10], "texture": "#1"},
				"south": {"uv": [12.25, 9, 13.25, 9.25], "texture": "#1"},
				"west": {"uv": [13, 11.75, 13.25, 12], "texture": "#1"},
				"up": {"uv": [12.5, 12.5, 11.5, 12.25], "texture": "#1"},
				"down": {"uv": [13.5, 0.5, 12.5, 0.75], "texture": "#1"}
			}
		},
		{
			"from": [7.5, -11.5, 25.75],
			"to": [11.5, -7, 27],
			"rotation": {"angle": -22.5, "axis": "x", "origin": [0, 0, 0]},
			"faces": {
				"north": {"uv": [5.25, 10.25, 6.25, 11.5], "texture": "#1"},
				"east": {"uv": [2.75, 6, 3, 7.25], "texture": "#1"},
				"south": {"uv": [2.5, 10.5, 3.5, 11.75], "texture": "#1"},
				"west": {"uv": [4.25, 12, 4.5, 13.25], "texture": "#1"},
				"up": {"uv": [13.5, 1, 12.5, 0.75], "texture": "#1"},
				"down": {"uv": [13.5, 1, 12.5, 1.25], "texture": "#1"}
			}
		},
		{
			"from": [8.75, -13.75, 27.25],
			"to": [10.25, -13, 28],
			"rotation": {"angle": -22.5, "axis": "x", "origin": [0, 0, 0]},
			"faces": {
				"north": {"uv": [13, 0.25, 13.5, 0.5], "texture": "#1"},
				"east": {"uv": [13, 12, 13.25, 12.25], "texture": "#1"},
				"south": {"uv": [13, 3, 13.5, 3.25], "texture": "#1"},
				"west": {"uv": [13, 12.25, 13.25, 12.5], "texture": "#1"},
				"up": {"uv": [13.5, 3.5, 13, 3.25], "texture": "#1"},
				"down": {"uv": [7.75, 13, 7.25, 13.25], "texture": "#1"}
			}
		},
		{
			"from": [8.25, -13, 26.5],
			"to": [10.75, -11, 27.5],
			"rotation": {"angle": -22.5, "axis": "x", "origin": [0, 0, 0]},
			"faces": {
				"north": {"uv": [3.5, 12, 4.25, 12.5], "texture": "#1"},
				"east": {"uv": [3.25, 13, 3.5, 13.5], "texture": "#1"},
				"south": {"uv": [2, 12.25, 2.75, 12.75], "texture": "#1"},
				"west": {"uv": [13, 7.25, 13.25, 7.75], "texture": "#1"},
				"up": {"uv": [13.25, 6.25, 12.5, 6], "texture": "#1"},
				"down": {"uv": [13.75, 0, 13, 0.25], "texture": "#1"}
			}
		},
		{
			"from": [9, -14, 28],
			"to": [10, -13.5, 29.25],
			"rotation": {"angle": -22.5, "axis": "x", "origin": [0, 0, 0]},
			"faces": {
				"north": {"uv": [12.5, 13, 12.75, 13.25], "texture": "#1"},
				"east": {"uv": [13, 12.5, 13.25, 12.75], "texture": "#1"},
				"south": {"uv": [12.75, 13, 13, 13.25], "texture": "#1"},
				"west": {"uv": [13, 12.75, 13.25, 13], "texture": "#1"},
				"up": {"uv": [13.25, 13.25, 13, 13], "texture": "#1"},
				"down": {"uv": [13.5, 1.25, 13.25, 1.5], "texture": "#1"}
			}
		}
	],
	"display": {
		"head": {
			"rotation": [16.5, 0, 0],
			"translation": [-1.5, 6.25, -5.5]
		}
	},
	"groups": [
		{
			"name": "base",
			"origin": [-1.5, 8.5, 6.5],
			"color": 9,
			"children": [
				0,
				1,
				2,
				3,
				{
					"name": "t9",
					"origin": [0, 0, 0],
					"color": 0,
					"children": [4]
				}
			]
		},
		{
			"name": "blue",
			"origin": [0, 0, 0],
			"color": 0,
			"children": [
				{
					"name": "t1",
					"origin": [0, 0, 0],
					"color": 0,
					"children": [5, 6, 7, 8]
				},
				{
					"name": "t2",
					"origin": [0, 0, 0],
					"color": 0,
					"children": [9, 10, 11, 12, 13]
				},
				{
					"name": "t3",
					"origin": [0, 0, 0],
					"color": 0,
					"children": [14, 15, 16, 17, 18, 19]
				},
				{
					"name": "t4",
					"origin": [0, 0, 0],
					"color": 0,
					"children": [20, 21, 22, 23, 24]
				},
				{
					"name": "t5",
					"origin": [0, 0, 0],
					"color": 0,
					"children": [25, 26, 27, 28, 29]
				},
				{
					"name": "t6",
					"origin": [0, 0, 0],
					"color": 0,
					"children": [30, 31, 32, 33, 34]
				},
				{
					"name": "t7",
					"origin": [0, 0, 0],
					"color": 0,
					"children": [35, 36]
				},
				{
					"name": "t8",
					"origin": [0, 0, 0],
					"color": 0,
					"children": [37, 38, 39]
				}
			]
		}
	]
}