{
	"credit": "Made with Blockbench",
	"textures": {
		"0": "item/texture",
		"particle": "item/texture"
	},
	"elements": [
		{
			"from": [6.5, 10.91186, 7.5],
			"to": [7.5, 11.91186, 8.5],
			"rotation": {"angle": 0, "axis": "z", "origin": [3.5, -3.08814, -0.5]},
			"faces": {
				"north": {"uv": [0, 0, 1, 1], "texture": "#0"},
				"east": {"uv": [0, 1, 1, 2], "texture": "#0"},
				"south": {"uv": [1, 0, 2, 1], "texture": "#0"},
				"west": {"uv": [1, 1, 2, 2], "texture": "#0"},
				"up": {"uv": [1, 3, 0, 2], "texture": "#0"},
				"down": {"uv": [3, 0, 2, 1], "texture": "#0"}
			}
		},
		{
			"from": [8.5, 9.91186, 7.5],
			"to": [9.5, 10.91186, 8.5],
			"rotation": {"angle": 0, "axis": "z", "origin": [3.5, -3.08814, -0.5]},
			"faces": {
				"north": {"uv": [1, 2, 2, 3], "texture": "#0"},
				"east": {"uv": [2, 1, 3, 2], "texture": "#0"},
				"south": {"uv": [2, 2, 3, 3], "texture": "#0"},
				"west": {"uv": [0, 3, 1, 4], "texture": "#0"},
				"up": {"uv": [4, 1, 3, 0], "texture": "#0"},
				"down": {"uv": [2, 3, 1, 4], "texture": "#0"}
			}
		},
		{
			"from": [7.5, 8.91186, 7.5],
			"to": [8.5, 9.91186, 8.5],
			"rotation": {"angle": 0, "axis": "z", "origin": [3.5, -3.08814, -0.5]},
			"faces": {
				"north": {"uv": [3, 1, 4, 2], "texture": "#0"},
				"east": {"uv": [2, 3, 3, 4], "texture": "#0"},
				"south": {"uv": [3, 2, 4, 3], "texture": "#0"},
				"west": {"uv": [3, 3, 4, 4], "texture": "#0"},
				"up": {"uv": [1, 5, 0, 4], "texture": "#0"},
				"down": {"uv": [5, 0, 4, 1], "texture": "#0"}
			}
		},
		{
			"from": [6.5, 8.91186, 7.5],
			"to": [7.5, 9.91186, 8.5],
			"rotation": {"angle": 0, "axis": "z", "origin": [3.5, -3.08814, -0.5]},
			"faces": {
				"north": {"uv": [1, 4, 2, 5], "texture": "#0"},
				"east": {"uv": [4, 1, 5, 2], "texture": "#0"},
				"south": {"uv": [2, 4, 3, 5], "texture": "#0"},
				"west": {"uv": [4, 2, 5, 3], "texture": "#0"},
				"up": {"uv": [4, 5, 3, 4], "texture": "#0"},
				"down": {"uv": [5, 3, 4, 4], "texture": "#0"}
			}
		},
		{
			"from": [8.5, 8.91186, 7.5],
			"to": [9.5, 9.91186, 8.5],
			"rotation": {"angle": 0, "axis": "z", "origin": [3.5, -3.08814, -0.5]},
			"faces": {
				"north": {"uv": [4, 4, 5, 5], "texture": "#0"},
				"east": {"uv": [0, 5, 1, 6], "texture": "#0"},
				"south": {"uv": [5, 0, 6, 1], "texture": "#0"},
				"west": {"uv": [1, 5, 2, 6], "texture": "#0"},
				"up": {"uv": [6, 2, 5, 1], "texture": "#0"},
				"down": {"uv": [3, 5, 2, 6], "texture": "#0"}
			}
		},
		{
			"from": [7.5, 9.91186, 7.5],
			"to": [8.5, 10.91186, 8.5],
			"rotation": {"angle": 0, "axis": "z", "origin": [3.5, -3.08814, -0.5]},
			"faces": {
				"north": {"uv": [5, 2, 6, 3], "texture": "#0"},
				"east": {"uv": [3, 5, 4, 6], "texture": "#0"},
				"south": {"uv": [5, 3, 6, 4], "texture": "#0"},
				"west": {"uv": [4, 5, 5, 6], "texture": "#0"},
				"up": {"uv": [6, 5, 5, 4], "texture": "#0"},
				"down": {"uv": [6, 5, 5, 6], "texture": "#0"}
			}
		},
		{
			"from": [6.5, 9.91186, 7.5],
			"to": [7.5, 10.91186, 8.5],
			"rotation": {"angle": 0, "axis": "z", "origin": [3.5, -3.08814, -0.5]},
			"faces": {
				"north": {"uv": [0, 6, 1, 7], "texture": "#0"},
				"east": {"uv": [6, 0, 7, 1], "texture": "#0"},
				"south": {"uv": [1, 6, 2, 7], "texture": "#0"},
				"west": {"uv": [6, 1, 7, 2], "texture": "#0"},
				"up": {"uv": [3, 7, 2, 6], "texture": "#0"},
				"down": {"uv": [7, 2, 6, 3], "texture": "#0"}
			}
		},
		{
			"from": [7.5, 13.91186, 7.5],
			"to": [8.5, 14.91186, 8.5],
			"rotation": {"angle": 0, "axis": "z", "origin": [3.5, -3.08814, -0.5]},
			"faces": {
				"north": {"uv": [3, 6, 4, 7], "texture": "#0"},
				"east": {"uv": [6, 3, 7, 4], "texture": "#0"},
				"south": {"uv": [4, 6, 5, 7], "texture": "#0"},
				"west": {"uv": [6, 4, 7, 5], "texture": "#0"},
				"up": {"uv": [6, 7, 5, 6], "texture": "#0"},
				"down": {"uv": [7, 5, 6, 6], "texture": "#0"}
			}
		},
		{
			"from": [7.5, 12.91186, 7.5],
			"to": [8.5, 13.91186, 8.5],
			"rotation": {"angle": 0, "axis": "z", "origin": [3.5, -3.08814, -0.5]},
			"faces": {
				"north": {"uv": [6, 6, 7, 7], "texture": "#0"},
				"east": {"uv": [0, 7, 1, 8], "texture": "#0"},
				"south": {"uv": [7, 0, 8, 1], "texture": "#0"},
				"west": {"uv": [1, 7, 2, 8], "texture": "#0"},
				"up": {"uv": [8, 2, 7, 1], "texture": "#0"},
				"down": {"uv": [3, 7, 2, 8], "texture": "#0"}
			}
		},
		{
			"from": [7.5, 11.91186, 7.5],
			"to": [8.5, 12.91186, 8.5],
			"rotation": {"angle": 0, "axis": "z", "origin": [3.5, -3.08814, -0.5]},
			"faces": {
				"north": {"uv": [7, 2, 8, 3], "texture": "#0"},
				"east": {"uv": [3, 7, 4, 8], "texture": "#0"},
				"south": {"uv": [7, 3, 8, 4], "texture": "#0"},
				"west": {"uv": [4, 7, 5, 8], "texture": "#0"},
				"up": {"uv": [8, 5, 7, 4], "texture": "#0"},
				"down": {"uv": [6, 7, 5, 8], "texture": "#0"}
			}
		},
		{
			"from": [8.5, 11.91186, 7.5],
			"to": [9.5, 12.91186, 8.5],
			"rotation": {"angle": 0, "axis": "z", "origin": [3.5, -3.08814, -0.5]},
			"faces": {
				"north": {"uv": [7, 5, 8, 6], "texture": "#0"},
				"east": {"uv": [6, 7, 7, 8], "texture": "#0"},
				"south": {"uv": [7, 6, 8, 7], "texture": "#0"},
				"west": {"uv": [7, 7, 8, 8], "texture": "#0"},
				"up": {"uv": [1, 9, 0, 8], "texture": "#0"},
				"down": {"uv": [9, 0, 8, 1], "texture": "#0"}
			}
		},
		{
			"from": [5.5, 8.91186, 7.5],
			"to": [6.5, 9.91186, 8.5],
			"rotation": {"angle": 0, "axis": "y", "origin": [3.5, -3.08814, -0.5]},
			"faces": {
				"north": {"uv": [1, 8, 2, 9], "texture": "#0"},
				"east": {"uv": [8, 1, 9, 2], "texture": "#0"},
				"south": {"uv": [2, 8, 3, 9], "texture": "#0"},
				"west": {"uv": [8, 2, 9, 3], "texture": "#0"},
				"up": {"uv": [4, 9, 3, 8], "texture": "#0"},
				"down": {"uv": [9, 3, 8, 4], "texture": "#0"}
			}
		},
		{
			"from": [9.5, 8.91186, 7.5],
			"to": [10.5, 9.91186, 8.5],
			"rotation": {"angle": 0, "axis": "y", "origin": [3.5, -3.08814, -0.5]},
			"faces": {
				"north": {"uv": [4, 8, 5, 9], "texture": "#0"},
				"east": {"uv": [8, 4, 9, 5], "texture": "#0"},
				"south": {"uv": [5, 8, 6, 9], "texture": "#0"},
				"west": {"uv": [8, 5, 9, 6], "texture": "#0"},
				"up": {"uv": [7, 9, 6, 8], "texture": "#0"},
				"down": {"uv": [9, 6, 8, 7], "texture": "#0"}
			}
		},
		{
			"from": [5.5, 9.91186, 7.5],
			"to": [6.5, 10.91186, 8.5],
			"rotation": {"angle": 0, "axis": "y", "origin": [3.5, -3.08814, -0.5]},
			"faces": {
				"north": {"uv": [7, 8, 8, 9], "texture": "#0"},
				"east": {"uv": [8, 7, 9, 8], "texture": "#0"},
				"south": {"uv": [8, 8, 9, 9], "texture": "#0"},
				"west": {"uv": [0, 9, 1, 10], "texture": "#0"},
				"up": {"uv": [10, 1, 9, 0], "texture": "#0"},
				"down": {"uv": [2, 9, 1, 10], "texture": "#0"}
			}
		},
		{
			"from": [9.5, 9.91186, 7.5],
			"to": [10.5, 10.91186, 8.5],
			"rotation": {"angle": 0, "axis": "y", "origin": [3.5, -3.08814, -0.5]},
			"faces": {
				"north": {"uv": [9, 1, 10, 2], "texture": "#0"},
				"east": {"uv": [2, 9, 3, 10], "texture": "#0"},
				"south": {"uv": [9, 2, 10, 3], "texture": "#0"},
				"west": {"uv": [3, 9, 4, 10], "texture": "#0"},
				"up": {"uv": [10, 4, 9, 3], "texture": "#0"},
				"down": {"uv": [5, 9, 4, 10], "texture": "#0"}
			}
		},
		{
			"from": [5.5, 10.91186, 7.5],
			"to": [6.5, 11.91186, 8.5],
			"rotation": {"angle": 0, "axis": "y", "origin": [3.5, -3.08814, -0.5]},
			"faces": {
				"north": {"uv": [9, 4, 10, 5], "texture": "#0"},
				"east": {"uv": [5, 9, 6, 10], "texture": "#0"},
				"south": {"uv": [9, 5, 10, 6], "texture": "#0"},
				"west": {"uv": [6, 9, 7, 10], "texture": "#0"},
				"up": {"uv": [10, 7, 9, 6], "texture": "#0"},
				"down": {"uv": [8, 9, 7, 10], "texture": "#0"}
			}
		},
		{
			"from": [6.5, 11.91186, 7.5],
			"to": [7.5, 12.91186, 8.5],
			"rotation": {"angle": 0, "axis": "y", "origin": [3.5, -3.08814, -0.5]},
			"faces": {
				"north": {"uv": [9, 7, 10, 8], "texture": "#0"},
				"east": {"uv": [8, 9, 9, 10], "texture": "#0"},
				"south": {"uv": [9, 8, 10, 9], "texture": "#0"},
				"west": {"uv": [9, 9, 10, 10], "texture": "#0"},
				"up": {"uv": [1, 11, 0, 10], "texture": "#0"},
				"down": {"uv": [11, 0, 10, 1], "texture": "#0"}
			}
		},
		{
			"from": [6.5, 12.91186, 7.5],
			"to": [7.5, 13.91186, 8.5],
			"rotation": {"angle": 0, "axis": "y", "origin": [3.5, -3.08814, -0.5]},
			"faces": {
				"north": {"uv": [1, 10, 2, 11], "texture": "#0"},
				"east": {"uv": [10, 1, 11, 2], "texture": "#0"},
				"south": {"uv": [2, 10, 3, 11], "texture": "#0"},
				"west": {"uv": [10, 2, 11, 3], "texture": "#0"},
				"up": {"uv": [4, 11, 3, 10], "texture": "#0"},
				"down": {"uv": [11, 3, 10, 4], "texture": "#0"}
			}
		},
		{
			"from": [7.5, 12.91186, 7.5],
			"to": [8.5, 13.91186, 8.5],
			"rotation": {"angle": 0, "axis": "y", "origin": [3.5, -3.08814, -0.5]},
			"faces": {
				"north": {"uv": [4, 10, 5, 11], "texture": "#0"},
				"east": {"uv": [10, 4, 11, 5], "texture": "#0"},
				"south": {"uv": [5, 10, 6, 11], "texture": "#0"},
				"west": {"uv": [10, 5, 11, 6], "texture": "#0"},
				"up": {"uv": [7, 11, 6, 10], "texture": "#0"},
				"down": {"uv": [11, 6, 10, 7], "texture": "#0"}
			}
		},
		{
			"from": [7.5, 13.91186, 7.5],
			"to": [8.5, 14.91186, 8.5],
			"rotation": {"angle": 0, "axis": "y", "origin": [3.5, -3.08814, -0.5]},
			"faces": {
				"north": {"uv": [7, 10, 8, 11], "texture": "#0"},
				"east": {"uv": [10, 7, 11, 8], "texture": "#0"},
				"south": {"uv": [8, 10, 9, 11], "texture": "#0"},
				"west": {"uv": [10, 8, 11, 9], "texture": "#0"},
				"up": {"uv": [10, 11, 9, 10], "texture": "#0"},
				"down": {"uv": [11, 9, 10, 10], "texture": "#0"}
			}
		},
		{
			"from": [7.5, 14.91186, 7.5],
			"to": [8.5, 15.91186, 8.5],
			"rotation": {"angle": 0, "axis": "y", "origin": [3.5, -3.08814, -0.5]},
			"faces": {
				"north": {"uv": [10, 10, 11, 11], "texture": "#0"},
				"east": {"uv": [0, 11, 1, 12], "texture": "#0"},
				"south": {"uv": [11, 0, 12, 1], "texture": "#0"},
				"west": {"uv": [1, 11, 2, 12], "texture": "#0"},
				"up": {"uv": [12, 2, 11, 1], "texture": "#0"},
				"down": {"uv": [3, 11, 2, 12], "texture": "#0"}
			}
		},
		{
			"from": [8.5, 12.91186, 7.5],
			"to": [9.5, 13.91186, 8.5],
			"rotation": {"angle": 0, "axis": "y", "origin": [3.5, -3.08814, -0.5]},
			"faces": {
				"north": {"uv": [11, 2, 12, 3], "texture": "#0"},
				"east": {"uv": [3, 11, 4, 12], "texture": "#0"},
				"south": {"uv": [11, 3, 12, 4], "texture": "#0"},
				"west": {"uv": [4, 11, 5, 12], "texture": "#0"},
				"up": {"uv": [12, 5, 11, 4], "texture": "#0"},
				"down": {"uv": [6, 11, 5, 12], "texture": "#0"}
			}
		},
		{
			"from": [8.5, 11.91186, 7.5],
			"to": [9.5, 12.91186, 8.5],
			"rotation": {"angle": 0, "axis": "y", "origin": [3.5, -3.08814, -0.5]},
			"faces": {
				"north": {"uv": [11, 5, 12, 6], "texture": "#0"},
				"east": {"uv": [6, 11, 7, 12], "texture": "#0"},
				"south": {"uv": [11, 6, 12, 7], "texture": "#0"},
				"west": {"uv": [7, 11, 8, 12], "texture": "#0"},
				"up": {"uv": [12, 8, 11, 7], "texture": "#0"},
				"down": {"uv": [9, 11, 8, 12], "texture": "#0"}
			}
		},
		{
			"from": [9.5, 10.91186, 7.5],
			"to": [10.5, 11.91186, 8.5],
			"rotation": {"angle": 0, "axis": "y", "origin": [3.5, -3.08814, -0.5]},
			"faces": {
				"north": {"uv": [11, 8, 12, 9], "texture": "#0"},
				"east": {"uv": [9, 11, 10, 12], "texture": "#0"},
				"south": {"uv": [11, 9, 12, 10], "texture": "#0"},
				"west": {"uv": [10, 11, 11, 12], "texture": "#0"},
				"up": {"uv": [12, 11, 11, 10], "texture": "#0"},
				"down": {"uv": [12, 11, 11, 12], "texture": "#0"}
			}
		},
		{
			"from": [8.5, 10.91186, 7.5],
			"to": [9.5, 11.91186, 8.5],
			"rotation": {"angle": 0, "axis": "z", "origin": [3.5, -3.08814, -0.5]},
			"faces": {
				"north": {"uv": [0, 12, 1, 13], "texture": "#0"},
				"east": {"uv": [12, 0, 13, 1], "texture": "#0"},
				"south": {"uv": [1, 12, 2, 13], "texture": "#0"},
				"west": {"uv": [12, 1, 13, 2], "texture": "#0"},
				"up": {"uv": [3, 13, 2, 12], "texture": "#0"},
				"down": {"uv": [13, 2, 12, 3], "texture": "#0"}
			}
		},
		{
			"from": [6.5, 11.91186, 7.5],
			"to": [7.5, 12.91186, 8.5],
			"rotation": {"angle": 0, "axis": "z", "origin": [3.5, -3.08814, -0.5]},
			"faces": {
				"north": {"uv": [3, 12, 4, 13], "texture": "#0"},
				"east": {"uv": [12, 3, 13, 4], "texture": "#0"},
				"south": {"uv": [4, 12, 5, 13], "texture": "#0"},
				"west": {"uv": [12, 4, 13, 5], "texture": "#0"},
				"up": {"uv": [6, 13, 5, 12], "texture": "#0"},
				"down": {"uv": [13, 5, 12, 6], "texture": "#0"}
			}
		},
		{
			"from": [7.5, 10.91186, 7.5],
			"to": [8.5, 11.91186, 8.5],
			"rotation": {"angle": 0, "axis": "z", "origin": [3.5, -3.08814, -0.5]},
			"faces": {
				"north": {"uv": [6, 12, 7, 13], "texture": "#0"},
				"east": {"uv": [12, 6, 13, 7], "texture": "#0"},
				"south": {"uv": [7, 12, 8, 13], "texture": "#0"},
				"west": {"uv": [12, 7, 13, 8], "texture": "#0"},
				"up": {"uv": [9, 13, 8, 12], "texture": "#0"},
				"down": {"uv": [13, 8, 12, 9], "texture": "#0"}
			}
		},
		{
			"from": [16.5, 4.91186, 7.5],
			"to": [17.5, 5.91186, 8.5],
			"rotation": {"angle": 22.5, "axis": "z", "origin": [3.5, -3.08814, -0.5]},
			"faces": {
				"north": {"uv": [0, 0, 1, 1], "texture": "#0"},
				"east": {"uv": [0, 0, 1, 1], "texture": "#0"},
				"south": {"uv": [0, 0, 1, 1], "texture": "#0"},
				"west": {"uv": [0, 0, 1, 1], "texture": "#0"},
				"up": {"uv": [0, 0, 1, 1], "texture": "#0"},
				"down": {"uv": [0, 0, 1, 1], "texture": "#0"}
			}
		},
		{
			"from": [15.5, 2.91186, 7.5],
			"to": [16.5, 3.91186, 8.5],
			"rotation": {"angle": 22.5, "axis": "z", "origin": [3.5, -3.08814, -0.5]},
			"faces": {
				"north": {"uv": [0, 0, 1, 1], "texture": "#0"},
				"east": {"uv": [0, 0, 1, 1], "texture": "#0"},
				"south": {"uv": [0, 0, 1, 1], "texture": "#0"},
				"west": {"uv": [0, 0, 1, 1], "texture": "#0"},
				"up": {"uv": [0, 0, 1, 1], "texture": "#0"},
				"down": {"uv": [0, 0, 1, 1], "texture": "#0"}
			}
		},
		{
			"from": [14.5, 3.91186, 7.5],
			"to": [15.5, 4.91186, 8.5],
			"rotation": {"angle": 22.5, "axis": "z", "origin": [3.5, -3.08814, -0.5]},
			"faces": {
				"north": {"uv": [0, 0, 1, 1], "texture": "#0"},
				"east": {"uv": [0, 0, 1, 1], "texture": "#0"},
				"south": {"uv": [0, 0, 1, 1], "texture": "#0"},
				"west": {"uv": [0, 0, 1, 1], "texture": "#0"},
				"up": {"uv": [0, 0, 1, 1], "texture": "#0"},
				"down": {"uv": [0, 0, 1, 1], "texture": "#0"}
			}
		},
		{
			"from": [14.5, 4.91186, 7.5],
			"to": [15.5, 5.91186, 8.5],
			"rotation": {"angle": 22.5, "axis": "z", "origin": [3.5, -3.08814, -0.5]},
			"faces": {
				"north": {"uv": [0, 0, 1, 1], "texture": "#0"},
				"east": {"uv": [0, 0, 1, 1], "texture": "#0"},
				"south": {"uv": [0, 0, 1, 1], "texture": "#0"},
				"west": {"uv": [0, 0, 1, 1], "texture": "#0"},
				"up": {"uv": [0, 0, 1, 1], "texture": "#0"},
				"down": {"uv": [0, 0, 1, 1], "texture": "#0"}
			}
		},
		{
			"from": [14.5, 5.91186, 7.5],
			"to": [15.5, 6.91186, 8.5],
			"rotation": {"angle": 22.5, "axis": "z", "origin": [3.5, -3.08814, -0.5]},
			"faces": {
				"north": {"uv": [0, 0, 1, 1], "texture": "#0"},
				"east": {"uv": [0, 0, 1, 1], "texture": "#0"},
				"south": {"uv": [0, 0, 1, 1], "texture": "#0"},
				"west": {"uv": [0, 0, 1, 1], "texture": "#0"},
				"up": {"uv": [0, 0, 1, 1], "texture": "#0"},
				"down": {"uv": [0, 0, 1, 1], "texture": "#0"}
			}
		},
		{
			"from": [20.5, 3.91186, 7.5],
			"to": [21.5, 4.91186, 8.5],
			"rotation": {"angle": 22.5, "axis": "z", "origin": [3.5, -3.08814, -0.5]},
			"faces": {
				"north": {"uv": [0, 0, 1, 1], "texture": "#0"},
				"east": {"uv": [0, 0, 1, 1], "texture": "#0"},
				"south": {"uv": [0, 0, 1, 1], "texture": "#0"},
				"west": {"uv": [0, 0, 1, 1], "texture": "#0"},
				"up": {"uv": [0, 0, 1, 1], "texture": "#0"},
				"down": {"uv": [0, 0, 1, 1], "texture": "#0"}
			}
		},
		{
			"from": [19.5, 3.91186, 7.5],
			"to": [20.5, 4.91186, 8.5],
			"rotation": {"angle": 22.5, "axis": "z", "origin": [3.5, -3.08814, -0.5]},
			"faces": {
				"north": {"uv": [0, 0, 1, 1], "texture": "#0"},
				"east": {"uv": [0, 0, 1, 1], "texture": "#0"},
				"south": {"uv": [0, 0, 1, 1], "texture": "#0"},
				"west": {"uv": [0, 0, 1, 1], "texture": "#0"},
				"up": {"uv": [0, 0, 1, 1], "texture": "#0"},
				"down": {"uv": [0, 0, 1, 1], "texture": "#0"}
			}
		},
		{
			"from": [18.5, 3.91186, 7.5],
			"to": [19.5, 4.91186, 8.5],
			"rotation": {"angle": 22.5, "axis": "z", "origin": [3.5, -3.08814, -0.5]},
			"faces": {
				"north": {"uv": [0, 0, 1, 1], "texture": "#0"},
				"east": {"uv": [0, 0, 1, 1], "texture": "#0"},
				"south": {"uv": [0, 0, 1, 1], "texture": "#0"},
				"west": {"uv": [0, 0, 1, 1], "texture": "#0"},
				"up": {"uv": [0, 0, 1, 1], "texture": "#0"},
				"down": {"uv": [0, 0, 1, 1], "texture": "#0"}
			}
		},
		{
			"from": [17.5, 4.91186, 7.5],
			"to": [18.5, 5.91186, 8.5],
			"rotation": {"angle": 22.5, "axis": "z", "origin": [3.5, -3.08814, -0.5]},
			"faces": {
				"north": {"uv": [0, 0, 1, 1], "texture": "#0"},
				"east": {"uv": [0, 0, 1, 1], "texture": "#0"},
				"south": {"uv": [0, 0, 1, 1], "texture": "#0"},
				"west": {"uv": [0, 0, 1, 1], "texture": "#0"},
				"up": {"uv": [0, 0, 1, 1], "texture": "#0"},
				"down": {"uv": [0, 0, 1, 1], "texture": "#0"}
			}
		},
		{
			"from": [16.5, 4.91186, 7.5],
			"to": [17.5, 5.91186, 8.5],
			"rotation": {"angle": 22.5, "axis": "z", "origin": [3.5, -3.08814, -0.5]},
			"faces": {
				"north": {"uv": [0, 0, 1, 1], "texture": "#0"},
				"east": {"uv": [0, 0, 1, 1], "texture": "#0"},
				"south": {"uv": [0, 0, 1, 1], "texture": "#0"},
				"west": {"uv": [0, 0, 1, 1], "texture": "#0"},
				"up": {"uv": [0, 0, 1, 1], "texture": "#0"},
				"down": {"uv": [0, 0, 1, 1], "texture": "#0"}
			}
		},
		{
			"from": [15.5, 4.91186, 7.5],
			"to": [16.5, 5.91186, 8.5],
			"rotation": {"angle": 22.5, "axis": "z", "origin": [3.5, -3.08814, -0.5]},
			"faces": {
				"north": {"uv": [0, 0, 1, 1], "texture": "#0"},
				"east": {"uv": [0, 0, 1, 1], "texture": "#0"},
				"south": {"uv": [0, 0, 1, 1], "texture": "#0"},
				"west": {"uv": [0, 0, 1, 1], "texture": "#0"},
				"up": {"uv": [0, 0, 1, 1], "texture": "#0"},
				"down": {"uv": [0, 0, 1, 1], "texture": "#0"}
			}
		},
		{
			"from": [15.5, 5.91186, 7.5],
			"to": [16.5, 6.91186, 8.5],
			"rotation": {"angle": 22.5, "axis": "z", "origin": [3.5, -3.08814, -0.5]},
			"faces": {
				"north": {"uv": [0, 0, 1, 1], "texture": "#0"},
				"east": {"uv": [0, 0, 1, 1], "texture": "#0"},
				"south": {"uv": [0, 0, 1, 1], "texture": "#0"},
				"west": {"uv": [0, 0, 1, 1], "texture": "#0"},
				"up": {"uv": [0, 0, 1, 1], "texture": "#0"},
				"down": {"uv": [0, 0, 1, 1], "texture": "#0"}
			}
		},
		{
			"from": [14.5, 2.91186, 7.5],
			"to": [15.5, 3.91186, 8.5],
			"rotation": {"angle": 22.5, "axis": "z", "origin": [3.5, -3.08814, -0.5]},
			"faces": {
				"north": {"uv": [0, 0, 1, 1], "texture": "#0"},
				"east": {"uv": [0, 0, 1, 1], "texture": "#0"},
				"south": {"uv": [0, 0, 1, 1], "texture": "#0"},
				"west": {"uv": [0, 0, 1, 1], "texture": "#0"},
				"up": {"uv": [0, 0, 1, 1], "texture": "#0"},
				"down": {"uv": [0, 0, 1, 1], "texture": "#0"}
			}
		},
		{
			"from": [13.5, 4.91186, 7.5],
			"to": [14.5, 5.91186, 8.5],
			"rotation": {"angle": 22.5, "axis": "z", "origin": [3.5, -3.08814, -0.5]},
			"faces": {
				"north": {"uv": [0, 0, 1, 1], "texture": "#0"},
				"east": {"uv": [0, 0, 1, 1], "texture": "#0"},
				"south": {"uv": [0, 0, 1, 1], "texture": "#0"},
				"west": {"uv": [0, 0, 1, 1], "texture": "#0"},
				"up": {"uv": [0, 0, 1, 1], "texture": "#0"},
				"down": {"uv": [0, 0, 1, 1], "texture": "#0"}
			}
		},
		{
			"from": [13.5, 3.91186, 7.5],
			"to": [14.5, 4.91186, 8.5],
			"rotation": {"angle": 22.5, "axis": "z", "origin": [3.5, -3.08814, -0.5]},
			"faces": {
				"north": {"uv": [0, 0, 1, 1], "texture": "#0"},
				"east": {"uv": [0, 0, 1, 1], "texture": "#0"},
				"south": {"uv": [0, 0, 1, 1], "texture": "#0"},
				"west": {"uv": [0, 0, 1, 1], "texture": "#0"},
				"up": {"uv": [0, 0, 1, 1], "texture": "#0"},
				"down": {"uv": [0, 0, 1, 1], "texture": "#0"}
			}
		},
		{
			"from": [13.5, 2.91186, 7.5],
			"to": [14.5, 3.91186, 8.5],
			"rotation": {"angle": 22.5, "axis": "z", "origin": [3.5, -3.08814, -0.5]},
			"faces": {
				"north": {"uv": [0, 0, 1, 1], "texture": "#0"},
				"east": {"uv": [0, 0, 1, 1], "texture": "#0"},
				"south": {"uv": [0, 0, 1, 1], "texture": "#0"},
				"west": {"uv": [0, 0, 1, 1], "texture": "#0"},
				"up": {"uv": [0, 0, 1, 1], "texture": "#0"},
				"down": {"uv": [0, 0, 1, 1], "texture": "#0"}
			}
		},
		{
			"from": [15.5, 3.91186, 7.5],
			"to": [16.5, 4.91186, 8.5],
			"rotation": {"angle": 22.5, "axis": "z", "origin": [3.5, -3.08814, -0.5]},
			"faces": {
				"north": {"uv": [0, 0, 1, 1], "texture": "#0"},
				"east": {"uv": [0, 0, 1, 1], "texture": "#0"},
				"south": {"uv": [0, 0, 1, 1], "texture": "#0"},
				"west": {"uv": [0, 0, 1, 1], "texture": "#0"},
				"up": {"uv": [0, 0, 1, 1], "texture": "#0"},
				"down": {"uv": [0, 0, 1, 1], "texture": "#0"}
			}
		},
		{
			"from": [15.5, 4.91186, 7.5],
			"to": [16.5, 5.91186, 8.5],
			"rotation": {"angle": 22.5, "axis": "z", "origin": [3.5, -3.08814, -0.5]},
			"faces": {
				"north": {"uv": [0, 0, 1, 1], "texture": "#0"},
				"east": {"uv": [0, 0, 1, 1], "texture": "#0"},
				"south": {"uv": [0, 0, 1, 1], "texture": "#0"},
				"west": {"uv": [0, 0, 1, 1], "texture": "#0"},
				"up": {"uv": [0, 0, 1, 1], "texture": "#0"},
				"down": {"uv": [0, 0, 1, 1], "texture": "#0"}
			}
		},
		{
			"from": [19.5, 3.91186, 7.5],
			"to": [20.5, 4.91186, 8.5],
			"rotation": {"angle": 22.5, "axis": "z", "origin": [3.5, -3.08814, -0.5]},
			"faces": {
				"north": {"uv": [0, 0, 1, 1], "texture": "#0"},
				"east": {"uv": [0, 0, 1, 1], "texture": "#0"},
				"south": {"uv": [0, 0, 1, 1], "texture": "#0"},
				"west": {"uv": [0, 0, 1, 1], "texture": "#0"},
				"up": {"uv": [0, 0, 1, 1], "texture": "#0"},
				"down": {"uv": [0, 0, 1, 1], "texture": "#0"}
			}
		},
		{
			"from": [18.5, 3.91186, 7.5],
			"to": [19.5, 4.91186, 8.5],
			"rotation": {"angle": 22.5, "axis": "z", "origin": [3.5, -3.08814, -0.5]},
			"faces": {
				"north": {"uv": [0, 0, 1, 1], "texture": "#0"},
				"east": {"uv": [0, 0, 1, 1], "texture": "#0"},
				"south": {"uv": [0, 0, 1, 1], "texture": "#0"},
				"west": {"uv": [0, 0, 1, 1], "texture": "#0"},
				"up": {"uv": [0, 0, 1, 1], "texture": "#0"},
				"down": {"uv": [0, 0, 1, 1], "texture": "#0"}
			}
		},
		{
			"from": [17.5, 3.91186, 7.5],
			"to": [18.5, 4.91186, 8.5],
			"rotation": {"angle": 22.5, "axis": "z", "origin": [3.5, -3.08814, -0.5]},
			"faces": {
				"north": {"uv": [0, 0, 1, 1], "texture": "#0"},
				"east": {"uv": [0, 0, 1, 1], "texture": "#0"},
				"south": {"uv": [0, 0, 1, 1], "texture": "#0"},
				"west": {"uv": [0, 0, 1, 1], "texture": "#0"},
				"up": {"uv": [0, 0, 1, 1], "texture": "#0"},
				"down": {"uv": [0, 0, 1, 1], "texture": "#0"}
			}
		},
		{
			"from": [17.5, 2.91186, 7.5],
			"to": [18.5, 3.91186, 8.5],
			"rotation": {"angle": 22.5, "axis": "z", "origin": [3.5, -3.08814, -0.5]},
			"faces": {
				"north": {"uv": [0, 0, 1, 1], "texture": "#0"},
				"east": {"uv": [0, 0, 1, 1], "texture": "#0"},
				"south": {"uv": [0, 0, 1, 1], "texture": "#0"},
				"west": {"uv": [0, 0, 1, 1], "texture": "#0"},
				"up": {"uv": [0, 0, 1, 1], "texture": "#0"},
				"down": {"uv": [0, 0, 1, 1], "texture": "#0"}
			}
		},
		{
			"from": [16.5, 2.91186, 7.5],
			"to": [17.5, 3.91186, 8.5],
			"rotation": {"angle": 22.5, "axis": "z", "origin": [3.5, -3.08814, -0.5]},
			"faces": {
				"north": {"uv": [0, 0, 1, 1], "texture": "#0"},
				"east": {"uv": [0, 0, 1, 1], "texture": "#0"},
				"south": {"uv": [0, 0, 1, 1], "texture": "#0"},
				"west": {"uv": [0, 0, 1, 1], "texture": "#0"},
				"up": {"uv": [0, 0, 1, 1], "texture": "#0"},
				"down": {"uv": [0, 0, 1, 1], "texture": "#0"}
			}
		},
		{
			"from": [18.5, 2.91186, 7.5],
			"to": [19.5, 3.91186, 8.5],
			"rotation": {"angle": 22.5, "axis": "z", "origin": [3.5, -3.08814, -0.5]},
			"faces": {
				"north": {"uv": [0, 0, 1, 1], "texture": "#0"},
				"east": {"uv": [0, 0, 1, 1], "texture": "#0"},
				"south": {"uv": [0, 0, 1, 1], "texture": "#0"},
				"west": {"uv": [0, 0, 1, 1], "texture": "#0"},
				"up": {"uv": [0, 0, 1, 1], "texture": "#0"},
				"down": {"uv": [0, 0, 1, 1], "texture": "#0"}
			}
		},
		{
			"from": [16.5, 3.91186, 7.5],
			"to": [17.5, 4.91186, 8.5],
			"rotation": {"angle": 22.5, "axis": "z", "origin": [3.5, -3.08814, -0.5]},
			"faces": {
				"north": {"uv": [0, 0, 1, 1], "texture": "#0"},
				"east": {"uv": [0, 0, 1, 1], "texture": "#0"},
				"south": {"uv": [0, 0, 1, 1], "texture": "#0"},
				"west": {"uv": [0, 0, 1, 1], "texture": "#0"},
				"up": {"uv": [0, 0, 1, 1], "texture": "#0"},
				"down": {"uv": [0, 0, 1, 1], "texture": "#0"}
			}
		},
		{
			"from": [18.5, 4.91186, 7.5],
			"to": [19.5, 5.91186, 8.5],
			"rotation": {"angle": 0, "axis": "z", "origin": [3.5, -3.08814, -0.5]},
			"faces": {
				"north": {"uv": [0, 0, 1, 1], "texture": "#0"},
				"east": {"uv": [0, 0, 1, 1], "texture": "#0"},
				"south": {"uv": [0, 0, 1, 1], "texture": "#0"},
				"west": {"uv": [0, 0, 1, 1], "texture": "#0"},
				"up": {"uv": [0, 0, 1, 1], "texture": "#0"},
				"down": {"uv": [0, 0, 1, 1], "texture": "#0"}
			}
		},
		{
			"from": [14.5, 5.91186, 7.5],
			"to": [15.5, 6.91186, 8.5],
			"rotation": {"angle": 0, "axis": "z", "origin": [3.5, -3.08814, -0.5]},
			"faces": {
				"north": {"uv": [0, 0, 1, 1], "texture": "#0"},
				"east": {"uv": [0, 0, 1, 1], "texture": "#0"},
				"south": {"uv": [0, 0, 1, 1], "texture": "#0"},
				"west": {"uv": [0, 0, 1, 1], "texture": "#0"},
				"up": {"uv": [0, 0, 1, 1], "texture": "#0"},
				"down": {"uv": [0, 0, 1, 1], "texture": "#0"}
			}
		},
		{
			"from": [13.5, 3.91186, 7.5],
			"to": [14.5, 4.91186, 8.5],
			"rotation": {"angle": 0, "axis": "y", "origin": [3.5, -3.08814, -0.5]},
			"faces": {
				"north": {"uv": [0, 0, 1, 1], "texture": "#0"},
				"east": {"uv": [0, 0, 1, 1], "texture": "#0"},
				"south": {"uv": [0, 0, 1, 1], "texture": "#0"},
				"west": {"uv": [0, 0, 1, 1], "texture": "#0"},
				"up": {"uv": [0, 0, 1, 1], "texture": "#0"},
				"down": {"uv": [0, 0, 1, 1], "texture": "#0"}
			}
		},
		{
			"from": [13.5, 4.91186, 7.5],
			"to": [14.5, 5.91186, 8.5],
			"rotation": {"angle": 0, "axis": "y", "origin": [3.5, -3.08814, -0.5]},
			"faces": {
				"north": {"uv": [0, 0, 1, 1], "texture": "#0"},
				"east": {"uv": [0, 0, 1, 1], "texture": "#0"},
				"south": {"uv": [0, 0, 1, 1], "texture": "#0"},
				"west": {"uv": [0, 0, 1, 1], "texture": "#0"},
				"up": {"uv": [0, 0, 1, 1], "texture": "#0"},
				"down": {"uv": [0, 0, 1, 1], "texture": "#0"}
			}
		},
		{
			"from": [13.5, 5.91186, 7.5],
			"to": [14.5, 6.91186, 8.5],
			"rotation": {"angle": 0, "axis": "y", "origin": [3.5, -3.08814, -0.5]},
			"faces": {
				"north": {"uv": [0, 0, 1, 1], "texture": "#0"},
				"east": {"uv": [0, 0, 1, 1], "texture": "#0"},
				"south": {"uv": [0, 0, 1, 1], "texture": "#0"},
				"west": {"uv": [0, 0, 1, 1], "texture": "#0"},
				"up": {"uv": [0, 0, 1, 1], "texture": "#0"},
				"down": {"uv": [0, 0, 1, 1], "texture": "#0"}
			}
		},
		{
			"from": [12.5, 3.91186, 7.5],
			"to": [13.5, 4.91186, 8.5],
			"rotation": {"angle": 0, "axis": "y", "origin": [3.5, -3.08814, -0.5]},
			"faces": {
				"north": {"uv": [0, 0, 1, 1], "texture": "#0"},
				"east": {"uv": [0, 0, 1, 1], "texture": "#0"},
				"south": {"uv": [0, 0, 1, 1], "texture": "#0"},
				"west": {"uv": [0, 0, 1, 1], "texture": "#0"},
				"up": {"uv": [0, 0, 1, 1], "texture": "#0"},
				"down": {"uv": [0, 0, 1, 1], "texture": "#0"}
			}
		},
		{
			"from": [12.5, 4.91186, 7.5],
			"to": [13.5, 5.91186, 8.5],
			"rotation": {"angle": 0, "axis": "y", "origin": [3.5, -3.08814, -0.5]},
			"faces": {
				"north": {"uv": [0, 0, 1, 1], "texture": "#0"},
				"east": {"uv": [0, 0, 1, 1], "texture": "#0"},
				"south": {"uv": [0, 0, 1, 1], "texture": "#0"},
				"west": {"uv": [0, 0, 1, 1], "texture": "#0"},
				"up": {"uv": [0, 0, 1, 1], "texture": "#0"},
				"down": {"uv": [0, 0, 1, 1], "texture": "#0"}
			}
		},
		{
			"from": [12.5, 5.91186, 7.5],
			"to": [13.5, 6.91186, 8.5],
			"rotation": {"angle": 0, "axis": "y", "origin": [3.5, -3.08814, -0.5]},
			"faces": {
				"north": {"uv": [0, 0, 1, 1], "texture": "#0"},
				"east": {"uv": [0, 0, 1, 1], "texture": "#0"},
				"south": {"uv": [0, 0, 1, 1], "texture": "#0"},
				"west": {"uv": [0, 0, 1, 1], "texture": "#0"},
				"up": {"uv": [0, 0, 1, 1], "texture": "#0"},
				"down": {"uv": [0, 0, 1, 1], "texture": "#0"}
			}
		},
		{
			"from": [11.5, 3.91186, 7.5],
			"to": [12.5, 4.91186, 8.5],
			"rotation": {"angle": 0, "axis": "y", "origin": [3.5, -3.08814, -0.5]},
			"faces": {
				"north": {"uv": [0, 0, 1, 1], "texture": "#0"},
				"east": {"uv": [0, 0, 1, 1], "texture": "#0"},
				"south": {"uv": [0, 0, 1, 1], "texture": "#0"},
				"west": {"uv": [0, 0, 1, 1], "texture": "#0"},
				"up": {"uv": [0, 0, 1, 1], "texture": "#0"},
				"down": {"uv": [0, 0, 1, 1], "texture": "#0"}
			}
		},
		{
			"from": [11.5, 4.91186, 7.5],
			"to": [12.5, 5.91186, 8.5],
			"rotation": {"angle": 0, "axis": "y", "origin": [3.5, -3.08814, -0.5]},
			"faces": {
				"north": {"uv": [0, 0, 1, 1], "texture": "#0"},
				"east": {"uv": [0, 0, 1, 1], "texture": "#0"},
				"south": {"uv": [0, 0, 1, 1], "texture": "#0"},
				"west": {"uv": [0, 0, 1, 1], "texture": "#0"},
				"up": {"uv": [0, 0, 1, 1], "texture": "#0"},
				"down": {"uv": [0, 0, 1, 1], "texture": "#0"}
			}
		},
		{
			"from": [11.5, 5.91186, 7.5],
			"to": [12.5, 6.91186, 8.5],
			"rotation": {"angle": 0, "axis": "y", "origin": [3.5, -3.08814, -0.5]},
			"faces": {
				"north": {"uv": [0, 0, 1, 1], "texture": "#0"},
				"east": {"uv": [0, 0, 1, 1], "texture": "#0"},
				"south": {"uv": [0, 0, 1, 1], "texture": "#0"},
				"west": {"uv": [0, 0, 1, 1], "texture": "#0"},
				"up": {"uv": [0, 0, 1, 1], "texture": "#0"},
				"down": {"uv": [0, 0, 1, 1], "texture": "#0"}
			}
		},
		{
			"from": [10.5, 3.91186, 7.5],
			"to": [11.5, 4.91186, 8.5],
			"rotation": {"angle": 0, "axis": "y", "origin": [3.5, -3.08814, -0.5]},
			"faces": {
				"north": {"uv": [0, 0, 1, 1], "texture": "#0"},
				"east": {"uv": [0, 0, 1, 1], "texture": "#0"},
				"south": {"uv": [0, 0, 1, 1], "texture": "#0"},
				"west": {"uv": [0, 0, 1, 1], "texture": "#0"},
				"up": {"uv": [0, 0, 1, 1], "texture": "#0"},
				"down": {"uv": [0, 0, 1, 1], "texture": "#0"}
			}
		},
		{
			"from": [10.5, 4.91186, 7.5],
			"to": [11.5, 5.91186, 8.5],
			"rotation": {"angle": 0, "axis": "y", "origin": [3.5, -3.08814, -0.5]},
			"faces": {
				"north": {"uv": [0, 0, 1, 1], "texture": "#0"},
				"east": {"uv": [0, 0, 1, 1], "texture": "#0"},
				"south": {"uv": [0, 0, 1, 1], "texture": "#0"},
				"west": {"uv": [0, 0, 1, 1], "texture": "#0"},
				"up": {"uv": [0, 0, 1, 1], "texture": "#0"},
				"down": {"uv": [0, 0, 1, 1], "texture": "#0"}
			}
		},
		{
			"from": [10.5, 5.91186, 7.5],
			"to": [11.5, 6.91186, 8.5],
			"rotation": {"angle": 0, "axis": "y", "origin": [3.5, -3.08814, -0.5]},
			"faces": {
				"north": {"uv": [0, 0, 1, 1], "texture": "#0"},
				"east": {"uv": [0, 0, 1, 1], "texture": "#0"},
				"south": {"uv": [0, 0, 1, 1], "texture": "#0"},
				"west": {"uv": [0, 0, 1, 1], "texture": "#0"},
				"up": {"uv": [0, 0, 1, 1], "texture": "#0"},
				"down": {"uv": [0, 0, 1, 1], "texture": "#0"}
			}
		},
		{
			"from": [15.5, 5.91186, 7.5],
			"to": [16.5, 6.91186, 8.5],
			"rotation": {"angle": 0, "axis": "z", "origin": [3.5, -3.08814, -0.5]},
			"faces": {
				"north": {"uv": [0, 0, 1, 1], "texture": "#0"},
				"east": {"uv": [0, 0, 1, 1], "texture": "#0"},
				"south": {"uv": [0, 0, 1, 1], "texture": "#0"},
				"west": {"uv": [0, 0, 1, 1], "texture": "#0"},
				"up": {"uv": [0, 0, 1, 1], "texture": "#0"},
				"down": {"uv": [0, 0, 1, 1], "texture": "#0"}
			}
		},
		{
			"from": [17.5, 4.91186, 7.5],
			"to": [18.5, 5.91186, 8.5],
			"rotation": {"angle": 0, "axis": "z", "origin": [3.5, -3.08814, -0.5]},
			"faces": {
				"north": {"uv": [0, 0, 1, 1], "texture": "#0"},
				"east": {"uv": [0, 0, 1, 1], "texture": "#0"},
				"south": {"uv": [0, 0, 1, 1], "texture": "#0"},
				"west": {"uv": [0, 0, 1, 1], "texture": "#0"},
				"up": {"uv": [0, 0, 1, 1], "texture": "#0"},
				"down": {"uv": [0, 0, 1, 1], "texture": "#0"}
			}
		},
		{
			"from": [16.5, 4.91186, 7.5],
			"to": [17.5, 5.91186, 8.5],
			"rotation": {"angle": 0, "axis": "z", "origin": [3.5, -3.08814, -0.5]},
			"faces": {
				"north": {"uv": [0, 0, 1, 1], "texture": "#0"},
				"east": {"uv": [0, 0, 1, 1], "texture": "#0"},
				"south": {"uv": [0, 0, 1, 1], "texture": "#0"},
				"west": {"uv": [0, 0, 1, 1], "texture": "#0"},
				"up": {"uv": [0, 0, 1, 1], "texture": "#0"},
				"down": {"uv": [0, 0, 1, 1], "texture": "#0"}
			}
		},
		{
			"from": [15.5, 4.91186, 7.5],
			"to": [16.5, 5.91186, 8.5],
			"rotation": {"angle": 0, "axis": "z", "origin": [3.5, -3.08814, -0.5]},
			"faces": {
				"north": {"uv": [0, 0, 1, 1], "texture": "#0"},
				"east": {"uv": [0, 0, 1, 1], "texture": "#0"},
				"south": {"uv": [0, 0, 1, 1], "texture": "#0"},
				"west": {"uv": [0, 0, 1, 1], "texture": "#0"},
				"up": {"uv": [0, 0, 1, 1], "texture": "#0"},
				"down": {"uv": [0, 0, 1, 1], "texture": "#0"}
			}
		},
		{
			"from": [15.5, 3.91186, 7.5],
			"to": [16.5, 4.91186, 8.5],
			"rotation": {"angle": 0, "axis": "z", "origin": [3.5, -3.08814, -0.5]},
			"faces": {
				"north": {"uv": [0, 0, 1, 1], "texture": "#0"},
				"east": {"uv": [0, 0, 1, 1], "texture": "#0"},
				"south": {"uv": [0, 0, 1, 1], "texture": "#0"},
				"west": {"uv": [0, 0, 1, 1], "texture": "#0"},
				"up": {"uv": [0, 0, 1, 1], "texture": "#0"},
				"down": {"uv": [0, 0, 1, 1], "texture": "#0"}
			}
		},
		{
			"from": [14.5, 3.91186, 7.5],
			"to": [15.5, 4.91186, 8.5],
			"rotation": {"angle": 0, "axis": "y", "origin": [3.5, -3.08814, -0.5]},
			"faces": {
				"north": {"uv": [0, 0, 1, 1], "texture": "#0"},
				"east": {"uv": [0, 0, 1, 1], "texture": "#0"},
				"south": {"uv": [0, 0, 1, 1], "texture": "#0"},
				"west": {"uv": [0, 0, 1, 1], "texture": "#0"},
				"up": {"uv": [0, 0, 1, 1], "texture": "#0"},
				"down": {"uv": [0, 0, 1, 1], "texture": "#0"}
			}
		},
		{
			"from": [16.5, 3.91186, 7.5],
			"to": [17.5, 4.91186, 8.5],
			"rotation": {"angle": 0, "axis": "z", "origin": [3.5, -3.08814, -0.5]},
			"faces": {
				"north": {"uv": [0, 0, 1, 1], "texture": "#0"},
				"east": {"uv": [0, 0, 1, 1], "texture": "#0"},
				"south": {"uv": [0, 0, 1, 1], "texture": "#0"},
				"west": {"uv": [0, 0, 1, 1], "texture": "#0"},
				"up": {"uv": [0, 0, 1, 1], "texture": "#0"},
				"down": {"uv": [0, 0, 1, 1], "texture": "#0"}
			}
		},
		{
			"from": [14.5, 4.91186, 7.5],
			"to": [15.5, 5.91186, 8.5],
			"rotation": {"angle": 0, "axis": "z", "origin": [3.5, -3.08814, -0.5]},
			"faces": {
				"north": {"uv": [0, 0, 1, 1], "texture": "#0"},
				"east": {"uv": [0, 0, 1, 1], "texture": "#0"},
				"south": {"uv": [0, 0, 1, 1], "texture": "#0"},
				"west": {"uv": [0, 0, 1, 1], "texture": "#0"},
				"up": {"uv": [0, 0, 1, 1], "texture": "#0"},
				"down": {"uv": [0, 0, 1, 1], "texture": "#0"}
			}
		},
		{
			"from": [13.5, 4.91186, 7.5],
			"to": [14.5, 5.91186, 8.5],
			"rotation": {"angle": -22.5, "axis": "z", "origin": [3.5, -3.08814, -0.5]},
			"faces": {
				"north": {"uv": [0, 0, 1, 1], "texture": "#0"},
				"east": {"uv": [0, 0, 1, 1], "texture": "#0"},
				"south": {"uv": [0, 0, 1, 1], "texture": "#0"},
				"west": {"uv": [0, 0, 1, 1], "texture": "#0"},
				"up": {"uv": [0, 0, 1, 1], "texture": "#0"},
				"down": {"uv": [0, 0, 1, 1], "texture": "#0"}
			}
		},
		{
			"from": [12.5, 4.91186, 7.5],
			"to": [13.5, 5.91186, 8.5],
			"rotation": {"angle": -22.5, "axis": "z", "origin": [3.5, -3.08814, -0.5]},
			"faces": {
				"north": {"uv": [0, 0, 1, 1], "texture": "#0"},
				"east": {"uv": [0, 0, 1, 1], "texture": "#0"},
				"south": {"uv": [0, 0, 1, 1], "texture": "#0"},
				"west": {"uv": [0, 0, 1, 1], "texture": "#0"},
				"up": {"uv": [0, 0, 1, 1], "texture": "#0"},
				"down": {"uv": [0, 0, 1, 1], "texture": "#0"}
			}
		},
		{
			"from": [11.5, 5.91186, 7.5],
			"to": [12.5, 6.91186, 8.5],
			"rotation": {"angle": -22.5, "axis": "z", "origin": [3.5, -3.08814, -0.5]},
			"faces": {
				"north": {"uv": [0, 0, 1, 1], "texture": "#0"},
				"east": {"uv": [0, 0, 1, 1], "texture": "#0"},
				"south": {"uv": [0, 0, 1, 1], "texture": "#0"},
				"west": {"uv": [0, 0, 1, 1], "texture": "#0"},
				"up": {"uv": [0, 0, 1, 1], "texture": "#0"},
				"down": {"uv": [0, 0, 1, 1], "texture": "#0"}
			}
		},
		{
			"from": [11.5, 4.91186, 7.5],
			"to": [12.5, 5.91186, 8.5],
			"rotation": {"angle": -22.5, "axis": "z", "origin": [3.5, -3.08814, -0.5]},
			"faces": {
				"north": {"uv": [0, 0, 1, 1], "texture": "#0"},
				"east": {"uv": [0, 0, 1, 1], "texture": "#0"},
				"south": {"uv": [0, 0, 1, 1], "texture": "#0"},
				"west": {"uv": [0, 0, 1, 1], "texture": "#0"},
				"up": {"uv": [0, 0, 1, 1], "texture": "#0"},
				"down": {"uv": [0, 0, 1, 1], "texture": "#0"}
			}
		},
		{
			"from": [10.5, 5.91186, 7.5],
			"to": [11.5, 6.91186, 8.5],
			"rotation": {"angle": -22.5, "axis": "z", "origin": [3.5, -3.08814, -0.5]},
			"faces": {
				"north": {"uv": [0, 0, 1, 1], "texture": "#0"},
				"east": {"uv": [0, 0, 1, 1], "texture": "#0"},
				"south": {"uv": [0, 0, 1, 1], "texture": "#0"},
				"west": {"uv": [0, 0, 1, 1], "texture": "#0"},
				"up": {"uv": [0, 0, 1, 1], "texture": "#0"},
				"down": {"uv": [0, 0, 1, 1], "texture": "#0"}
			}
		},
		{
			"from": [9.5, 5.91186, 7.5],
			"to": [10.5, 6.91186, 8.5],
			"rotation": {"angle": -22.5, "axis": "z", "origin": [3.5, -3.08814, -0.5]},
			"faces": {
				"north": {"uv": [0, 0, 1, 1], "texture": "#0"},
				"east": {"uv": [0, 0, 1, 1], "texture": "#0"},
				"south": {"uv": [0, 0, 1, 1], "texture": "#0"},
				"west": {"uv": [0, 0, 1, 1], "texture": "#0"},
				"up": {"uv": [0, 0, 1, 1], "texture": "#0"},
				"down": {"uv": [0, 0, 1, 1], "texture": "#0"}
			}
		},
		{
			"from": [8.5, 3.91186, 7.5],
			"to": [9.5, 4.91186, 8.5],
			"rotation": {"angle": -22.5, "axis": "z", "origin": [3.5, -3.08814, -0.5]},
			"faces": {
				"north": {"uv": [0, 0, 1, 1], "texture": "#0"},
				"east": {"uv": [0, 0, 1, 1], "texture": "#0"},
				"south": {"uv": [0, 0, 1, 1], "texture": "#0"},
				"west": {"uv": [0, 0, 1, 1], "texture": "#0"},
				"up": {"uv": [0, 0, 1, 1], "texture": "#0"},
				"down": {"uv": [0, 0, 1, 1], "texture": "#0"}
			}
		},
		{
			"from": [8.5, 2.91186, 7.5],
			"to": [9.5, 3.91186, 8.5],
			"rotation": {"angle": -22.5, "axis": "z", "origin": [3.5, -3.08814, -0.5]},
			"faces": {
				"north": {"uv": [0, 0, 1, 1], "texture": "#0"},
				"east": {"uv": [0, 0, 1, 1], "texture": "#0"},
				"south": {"uv": [0, 0, 1, 1], "texture": "#0"},
				"west": {"uv": [0, 0, 1, 1], "texture": "#0"},
				"up": {"uv": [0, 0, 1, 1], "texture": "#0"},
				"down": {"uv": [0, 0, 1, 1], "texture": "#0"}
			}
		},
		{
			"from": [7.5, 2.91186, 7.5],
			"to": [8.5, 3.91186, 8.5],
			"rotation": {"angle": -22.5, "axis": "z", "origin": [3.5, -3.08814, -0.5]},
			"faces": {
				"north": {"uv": [0, 0, 1, 1], "texture": "#0"},
				"east": {"uv": [0, 0, 1, 1], "texture": "#0"},
				"south": {"uv": [0, 0, 1, 1], "texture": "#0"},
				"west": {"uv": [0, 0, 1, 1], "texture": "#0"},
				"up": {"uv": [0, 0, 1, 1], "texture": "#0"},
				"down": {"uv": [0, 0, 1, 1], "texture": "#0"}
			}
		},
		{
			"from": [8.5, 4.91186, 7.5],
			"to": [9.5, 5.91186, 8.5],
			"rotation": {"angle": -22.5, "axis": "z", "origin": [3.5, -3.08814, -0.5]},
			"faces": {
				"north": {"uv": [0, 0, 1, 1], "texture": "#0"},
				"east": {"uv": [0, 0, 1, 1], "texture": "#0"},
				"south": {"uv": [0, 0, 1, 1], "texture": "#0"},
				"west": {"uv": [0, 0, 1, 1], "texture": "#0"},
				"up": {"uv": [0, 0, 1, 1], "texture": "#0"},
				"down": {"uv": [0, 0, 1, 1], "texture": "#0"}
			}
		},
		{
			"from": [7.5, 3.91186, 7.5],
			"to": [8.5, 4.91186, 8.5],
			"rotation": {"angle": -22.5, "axis": "z", "origin": [3.5, -3.08814, -0.5]},
			"faces": {
				"north": {"uv": [0, 0, 1, 1], "texture": "#0"},
				"east": {"uv": [0, 0, 1, 1], "texture": "#0"},
				"south": {"uv": [0, 0, 1, 1], "texture": "#0"},
				"west": {"uv": [0, 0, 1, 1], "texture": "#0"},
				"up": {"uv": [0, 0, 1, 1], "texture": "#0"},
				"down": {"uv": [0, 0, 1, 1], "texture": "#0"}
			}
		},
		{
			"from": [7.5, 5.91186, 7.5],
			"to": [8.5, 6.91186, 8.5],
			"rotation": {"angle": -22.5, "axis": "z", "origin": [3.5, -3.08814, -0.5]},
			"faces": {
				"north": {"uv": [0, 0, 1, 1], "texture": "#0"},
				"east": {"uv": [0, 0, 1, 1], "texture": "#0"},
				"south": {"uv": [0, 0, 1, 1], "texture": "#0"},
				"west": {"uv": [0, 0, 1, 1], "texture": "#0"},
				"up": {"uv": [0, 0, 1, 1], "texture": "#0"},
				"down": {"uv": [0, 0, 1, 1], "texture": "#0"}
			}
		},
		{
			"from": [7.5, 4.91186, 7.5],
			"to": [8.5, 5.91186, 8.5],
			"rotation": {"angle": -22.5, "axis": "z", "origin": [3.5, -3.08814, -0.5]},
			"faces": {
				"north": {"uv": [0, 0, 1, 1], "texture": "#0"},
				"east": {"uv": [0, 0, 1, 1], "texture": "#0"},
				"south": {"uv": [0, 0, 1, 1], "texture": "#0"},
				"west": {"uv": [0, 0, 1, 1], "texture": "#0"},
				"up": {"uv": [0, 0, 1, 1], "texture": "#0"},
				"down": {"uv": [0, 0, 1, 1], "texture": "#0"}
			}
		},
		{
			"from": [8.5, 5.91186, 7.5],
			"to": [9.5, 6.91186, 8.5],
			"rotation": {"angle": -22.5, "axis": "z", "origin": [3.5, -3.08814, -0.5]},
			"faces": {
				"north": {"uv": [0, 0, 1, 1], "texture": "#0"},
				"east": {"uv": [0, 0, 1, 1], "texture": "#0"},
				"south": {"uv": [0, 0, 1, 1], "texture": "#0"},
				"west": {"uv": [0, 0, 1, 1], "texture": "#0"},
				"up": {"uv": [0, 0, 1, 1], "texture": "#0"},
				"down": {"uv": [0, 0, 1, 1], "texture": "#0"}
			}
		},
		{
			"from": [9.5, 4.91186, 7.5],
			"to": [10.5, 5.91186, 8.5],
			"rotation": {"angle": -22.5, "axis": "z", "origin": [3.5, -3.08814, -0.5]},
			"faces": {
				"north": {"uv": [0, 0, 1, 1], "texture": "#0"},
				"east": {"uv": [0, 0, 1, 1], "texture": "#0"},
				"south": {"uv": [0, 0, 1, 1], "texture": "#0"},
				"west": {"uv": [0, 0, 1, 1], "texture": "#0"},
				"up": {"uv": [0, 0, 1, 1], "texture": "#0"},
				"down": {"uv": [0, 0, 1, 1], "texture": "#0"}
			}
		},
		{
			"from": [9.5, 3.91186, 7.5],
			"to": [10.5, 4.91186, 8.5],
			"rotation": {"angle": -22.5, "axis": "z", "origin": [3.5, -3.08814, -0.5]},
			"faces": {
				"north": {"uv": [0, 0, 1, 1], "texture": "#0"},
				"east": {"uv": [0, 0, 1, 1], "texture": "#0"},
				"south": {"uv": [0, 0, 1, 1], "texture": "#0"},
				"west": {"uv": [0, 0, 1, 1], "texture": "#0"},
				"up": {"uv": [0, 0, 1, 1], "texture": "#0"},
				"down": {"uv": [0, 0, 1, 1], "texture": "#0"}
			}
		},
		{
			"from": [11.5, 3.91186, 7.5],
			"to": [12.5, 4.91186, 8.5],
			"rotation": {"angle": -22.5, "axis": "z", "origin": [3.5, -3.08814, -0.5]},
			"faces": {
				"north": {"uv": [0, 0, 1, 1], "texture": "#0"},
				"east": {"uv": [0, 0, 1, 1], "texture": "#0"},
				"south": {"uv": [0, 0, 1, 1], "texture": "#0"},
				"west": {"uv": [0, 0, 1, 1], "texture": "#0"},
				"up": {"uv": [0, 0, 1, 1], "texture": "#0"},
				"down": {"uv": [0, 0, 1, 1], "texture": "#0"}
			}
		},
		{
			"from": [10.5, 4.91186, 7.5],
			"to": [11.5, 5.91186, 8.5],
			"rotation": {"angle": -22.5, "axis": "z", "origin": [3.5, -3.08814, -0.5]},
			"faces": {
				"north": {"uv": [0, 0, 1, 1], "texture": "#0"},
				"east": {"uv": [0, 0, 1, 1], "texture": "#0"},
				"south": {"uv": [0, 0, 1, 1], "texture": "#0"},
				"west": {"uv": [0, 0, 1, 1], "texture": "#0"},
				"up": {"uv": [0, 0, 1, 1], "texture": "#0"},
				"down": {"uv": [0, 0, 1, 1], "texture": "#0"}
			}
		},
		{
			"from": [10.5, 3.91186, 7.5],
			"to": [11.5, 4.91186, 8.5],
			"rotation": {"angle": -22.5, "axis": "z", "origin": [3.5, -3.08814, -0.5]},
			"faces": {
				"north": {"uv": [0, 0, 1, 1], "texture": "#0"},
				"east": {"uv": [0, 0, 1, 1], "texture": "#0"},
				"south": {"uv": [0, 0, 1, 1], "texture": "#0"},
				"west": {"uv": [0, 0, 1, 1], "texture": "#0"},
				"up": {"uv": [0, 0, 1, 1], "texture": "#0"},
				"down": {"uv": [0, 0, 1, 1], "texture": "#0"}
			}
		},
		{
			"from": [-1.5, 4.91186, 7.5],
			"to": [-0.5, 5.91186, 8.5],
			"rotation": {"angle": -22.5, "axis": "z", "origin": [12.5, -3.08814, -0.5]},
			"faces": {
				"north": {"uv": [1, 0, 2, 1], "texture": "#0"},
				"east": {"uv": [1, 0, 2, 1], "texture": "#0"},
				"south": {"uv": [1, 0, 2, 1], "texture": "#0"},
				"west": {"uv": [1, 0, 2, 1], "texture": "#0"},
				"up": {"uv": [1, 0, 2, 1], "texture": "#0"},
				"down": {"uv": [1, 0, 2, 1], "texture": "#0"}
			}
		},
		{
			"from": [-0.5, 2.91186, 7.5],
			"to": [0.5, 3.91186, 8.5],
			"rotation": {"angle": -22.5, "axis": "z", "origin": [12.5, -3.08814, -0.5]},
			"faces": {
				"north": {"uv": [1, 0, 2, 1], "texture": "#0"},
				"east": {"uv": [1, 0, 2, 1], "texture": "#0"},
				"south": {"uv": [1, 0, 2, 1], "texture": "#0"},
				"west": {"uv": [1, 0, 2, 1], "texture": "#0"},
				"up": {"uv": [1, 0, 2, 1], "texture": "#0"},
				"down": {"uv": [1, 0, 2, 1], "texture": "#0"}
			}
		},
		{
			"from": [0.5, 3.91186, 7.5],
			"to": [1.5, 4.91186, 8.5],
			"rotation": {"angle": -22.5, "axis": "z", "origin": [12.5, -3.08814, -0.5]},
			"faces": {
				"north": {"uv": [1, 0, 2, 1], "texture": "#0"},
				"east": {"uv": [1, 0, 2, 1], "texture": "#0"},
				"south": {"uv": [1, 0, 2, 1], "texture": "#0"},
				"west": {"uv": [1, 0, 2, 1], "texture": "#0"},
				"up": {"uv": [1, 0, 2, 1], "texture": "#0"},
				"down": {"uv": [1, 0, 2, 1], "texture": "#0"}
			}
		},
		{
			"from": [0.5, 4.91186, 7.5],
			"to": [1.5, 5.91186, 8.5],
			"rotation": {"angle": -22.5, "axis": "z", "origin": [12.5, -3.08814, -0.5]},
			"faces": {
				"north": {"uv": [1, 0, 2, 1], "texture": "#0"},
				"east": {"uv": [1, 0, 2, 1], "texture": "#0"},
				"south": {"uv": [1, 0, 2, 1], "texture": "#0"},
				"west": {"uv": [1, 0, 2, 1], "texture": "#0"},
				"up": {"uv": [1, 0, 2, 1], "texture": "#0"},
				"down": {"uv": [1, 0, 2, 1], "texture": "#0"}
			}
		},
		{
			"from": [1.5, 2.91186, 7.5],
			"to": [2.5, 3.91186, 8.5],
			"rotation": {"angle": -22.5, "axis": "z", "origin": [12.5, -3.08814, -0.5]},
			"faces": {
				"north": {"uv": [1, 0, 2, 1], "texture": "#0"},
				"east": {"uv": [1, 0, 2, 1], "texture": "#0"},
				"south": {"uv": [1, 0, 2, 1], "texture": "#0"},
				"west": {"uv": [1, 0, 2, 1], "texture": "#0"},
				"up": {"uv": [1, 0, 2, 1], "texture": "#0"},
				"down": {"uv": [1, 0, 2, 1], "texture": "#0"}
			}
		},
		{
			"from": [1.5, 3.91186, 7.5],
			"to": [2.5, 4.91186, 8.5],
			"rotation": {"angle": -22.5, "axis": "z", "origin": [12.5, -3.08814, -0.5]},
			"faces": {
				"north": {"uv": [1, 0, 2, 1], "texture": "#0"},
				"east": {"uv": [1, 0, 2, 1], "texture": "#0"},
				"south": {"uv": [1, 0, 2, 1], "texture": "#0"},
				"west": {"uv": [1, 0, 2, 1], "texture": "#0"},
				"up": {"uv": [1, 0, 2, 1], "texture": "#0"},
				"down": {"uv": [1, 0, 2, 1], "texture": "#0"}
			}
		},
		{
			"from": [1.5, 4.91186, 7.5],
			"to": [2.5, 5.91186, 8.5],
			"rotation": {"angle": -22.5, "axis": "z", "origin": [12.5, -3.08814, -0.5]},
			"faces": {
				"north": {"uv": [1, 0, 2, 1], "texture": "#0"},
				"east": {"uv": [1, 0, 2, 1], "texture": "#0"},
				"south": {"uv": [1, 0, 2, 1], "texture": "#0"},
				"west": {"uv": [1, 0, 2, 1], "texture": "#0"},
				"up": {"uv": [1, 0, 2, 1], "texture": "#0"},
				"down": {"uv": [1, 0, 2, 1], "texture": "#0"}
			}
		},
		{
			"from": [0.5, 5.91186, 7.5],
			"to": [1.5, 6.91186, 8.5],
			"rotation": {"angle": -22.5, "axis": "z", "origin": [12.5, -3.08814, -0.5]},
			"faces": {
				"north": {"uv": [1, 0, 2, 1], "texture": "#0"},
				"east": {"uv": [1, 0, 2, 1], "texture": "#0"},
				"south": {"uv": [1, 0, 2, 1], "texture": "#0"},
				"west": {"uv": [1, 0, 2, 1], "texture": "#0"},
				"up": {"uv": [1, 0, 2, 1], "texture": "#0"},
				"down": {"uv": [1, 0, 2, 1], "texture": "#0"}
			}
		},
		{
			"from": [-5.5, 3.91186, 7.5],
			"to": [-4.5, 4.91186, 8.5],
			"rotation": {"angle": -22.5, "axis": "z", "origin": [12.5, -3.08814, -0.5]},
			"faces": {
				"north": {"uv": [1, 0, 2, 1], "texture": "#0"},
				"east": {"uv": [1, 0, 2, 1], "texture": "#0"},
				"south": {"uv": [1, 0, 2, 1], "texture": "#0"},
				"west": {"uv": [1, 0, 2, 1], "texture": "#0"},
				"up": {"uv": [1, 0, 2, 1], "texture": "#0"},
				"down": {"uv": [1, 0, 2, 1], "texture": "#0"}
			}
		},
		{
			"from": [-4.5, 3.91186, 7.5],
			"to": [-3.5, 4.91186, 8.5],
			"rotation": {"angle": -22.5, "axis": "z", "origin": [12.5, -3.08814, -0.5]},
			"faces": {
				"north": {"uv": [1, 0, 2, 1], "texture": "#0"},
				"east": {"uv": [1, 0, 2, 1], "texture": "#0"},
				"south": {"uv": [1, 0, 2, 1], "texture": "#0"},
				"west": {"uv": [1, 0, 2, 1], "texture": "#0"},
				"up": {"uv": [1, 0, 2, 1], "texture": "#0"},
				"down": {"uv": [1, 0, 2, 1], "texture": "#0"}
			}
		},
		{
			"from": [-3.5, 3.91186, 7.5],
			"to": [-2.5, 4.91186, 8.5],
			"rotation": {"angle": -22.5, "axis": "z", "origin": [12.5, -3.08814, -0.5]},
			"faces": {
				"north": {"uv": [1, 0, 2, 1], "texture": "#0"},
				"east": {"uv": [1, 0, 2, 1], "texture": "#0"},
				"south": {"uv": [1, 0, 2, 1], "texture": "#0"},
				"west": {"uv": [1, 0, 2, 1], "texture": "#0"},
				"up": {"uv": [1, 0, 2, 1], "texture": "#0"},
				"down": {"uv": [1, 0, 2, 1], "texture": "#0"}
			}
		},
		{
			"from": [-2.5, 4.91186, 7.5],
			"to": [-1.5, 5.91186, 8.5],
			"rotation": {"angle": -22.5, "axis": "z", "origin": [12.5, -3.08814, -0.5]},
			"faces": {
				"north": {"uv": [1, 0, 2, 1], "texture": "#0"},
				"east": {"uv": [1, 0, 2, 1], "texture": "#0"},
				"south": {"uv": [1, 0, 2, 1], "texture": "#0"},
				"west": {"uv": [1, 0, 2, 1], "texture": "#0"},
				"up": {"uv": [1, 0, 2, 1], "texture": "#0"},
				"down": {"uv": [1, 0, 2, 1], "texture": "#0"}
			}
		},
		{
			"from": [-1.5, 4.91186, 7.5],
			"to": [-0.5, 5.91186, 8.5],
			"rotation": {"angle": -22.5, "axis": "z", "origin": [12.5, -3.08814, -0.5]},
			"faces": {
				"north": {"uv": [1, 0, 2, 1], "texture": "#0"},
				"east": {"uv": [1, 0, 2, 1], "texture": "#0"},
				"south": {"uv": [1, 0, 2, 1], "texture": "#0"},
				"west": {"uv": [1, 0, 2, 1], "texture": "#0"},
				"up": {"uv": [1, 0, 2, 1], "texture": "#0"},
				"down": {"uv": [1, 0, 2, 1], "texture": "#0"}
			}
		},
		{
			"from": [-0.5, 4.91186, 7.5],
			"to": [0.5, 5.91186, 8.5],
			"rotation": {"angle": -22.5, "axis": "z", "origin": [12.5, -3.08814, -0.5]},
			"faces": {
				"north": {"uv": [1, 0, 2, 1], "texture": "#0"},
				"east": {"uv": [1, 0, 2, 1], "texture": "#0"},
				"south": {"uv": [1, 0, 2, 1], "texture": "#0"},
				"west": {"uv": [1, 0, 2, 1], "texture": "#0"},
				"up": {"uv": [1, 0, 2, 1], "texture": "#0"},
				"down": {"uv": [1, 0, 2, 1], "texture": "#0"}
			}
		},
		{
			"from": [-0.5, 5.91186, 7.5],
			"to": [0.5, 6.91186, 8.5],
			"rotation": {"angle": -22.5, "axis": "z", "origin": [12.5, -3.08814, -0.5]},
			"faces": {
				"north": {"uv": [1, 0, 2, 1], "texture": "#0"},
				"east": {"uv": [1, 0, 2, 1], "texture": "#0"},
				"south": {"uv": [1, 0, 2, 1], "texture": "#0"},
				"west": {"uv": [1, 0, 2, 1], "texture": "#0"},
				"up": {"uv": [1, 0, 2, 1], "texture": "#0"},
				"down": {"uv": [1, 0, 2, 1], "texture": "#0"}
			}
		},
		{
			"from": [0.5, 2.91186, 7.5],
			"to": [1.5, 3.91186, 8.5],
			"rotation": {"angle": -22.5, "axis": "z", "origin": [12.5, -3.08814, -0.5]},
			"faces": {
				"north": {"uv": [1, 0, 2, 1], "texture": "#0"},
				"east": {"uv": [1, 0, 2, 1], "texture": "#0"},
				"south": {"uv": [1, 0, 2, 1], "texture": "#0"},
				"west": {"uv": [1, 0, 2, 1], "texture": "#0"},
				"up": {"uv": [1, 0, 2, 1], "texture": "#0"},
				"down": {"uv": [1, 0, 2, 1], "texture": "#0"}
			}
		},
		{
			"from": [-0.5, 3.91186, 7.5],
			"to": [0.5, 4.91186, 8.5],
			"rotation": {"angle": -22.5, "axis": "z", "origin": [12.5, -3.08814, -0.5]},
			"faces": {
				"north": {"uv": [1, 0, 2, 1], "texture": "#0"},
				"east": {"uv": [1, 0, 2, 1], "texture": "#0"},
				"south": {"uv": [1, 0, 2, 1], "texture": "#0"},
				"west": {"uv": [1, 0, 2, 1], "texture": "#0"},
				"up": {"uv": [1, 0, 2, 1], "texture": "#0"},
				"down": {"uv": [1, 0, 2, 1], "texture": "#0"}
			}
		},
		{
			"from": [-0.5, 4.91186, 7.5],
			"to": [0.5, 5.91186, 8.5],
			"rotation": {"angle": -22.5, "axis": "z", "origin": [12.5, -3.08814, -0.5]},
			"faces": {
				"north": {"uv": [1, 0, 2, 1], "texture": "#0"},
				"east": {"uv": [1, 0, 2, 1], "texture": "#0"},
				"south": {"uv": [1, 0, 2, 1], "texture": "#0"},
				"west": {"uv": [1, 0, 2, 1], "texture": "#0"},
				"up": {"uv": [1, 0, 2, 1], "texture": "#0"},
				"down": {"uv": [1, 0, 2, 1], "texture": "#0"}
			}
		},
		{
			"from": [-4.5, 3.91186, 7.5],
			"to": [-3.5, 4.91186, 8.5],
			"rotation": {"angle": -22.5, "axis": "z", "origin": [12.5, -3.08814, -0.5]},
			"faces": {
				"north": {"uv": [1, 0, 2, 1], "texture": "#0"},
				"east": {"uv": [1, 0, 2, 1], "texture": "#0"},
				"south": {"uv": [1, 0, 2, 1], "texture": "#0"},
				"west": {"uv": [1, 0, 2, 1], "texture": "#0"},
				"up": {"uv": [1, 0, 2, 1], "texture": "#0"},
				"down": {"uv": [1, 0, 2, 1], "texture": "#0"}
			}
		},
		{
			"from": [-3.5, 3.91186, 7.5],
			"to": [-2.5, 4.91186, 8.5],
			"rotation": {"angle": -22.5, "axis": "z", "origin": [12.5, -3.08814, -0.5]},
			"faces": {
				"north": {"uv": [1, 0, 2, 1], "texture": "#0"},
				"east": {"uv": [1, 0, 2, 1], "texture": "#0"},
				"south": {"uv": [1, 0, 2, 1], "texture": "#0"},
				"west": {"uv": [1, 0, 2, 1], "texture": "#0"},
				"up": {"uv": [1, 0, 2, 1], "texture": "#0"},
				"down": {"uv": [1, 0, 2, 1], "texture": "#0"}
			}
		},
		{
			"from": [-2.5, 3.91186, 7.5],
			"to": [-1.5, 4.91186, 8.5],
			"rotation": {"angle": -22.5, "axis": "z", "origin": [12.5, -3.08814, -0.5]},
			"faces": {
				"north": {"uv": [1, 0, 2, 1], "texture": "#0"},
				"east": {"uv": [1, 0, 2, 1], "texture": "#0"},
				"south": {"uv": [1, 0, 2, 1], "texture": "#0"},
				"west": {"uv": [1, 0, 2, 1], "texture": "#0"},
				"up": {"uv": [1, 0, 2, 1], "texture": "#0"},
				"down": {"uv": [1, 0, 2, 1], "texture": "#0"}
			}
		},
		{
			"from": [-2.5, 2.91186, 7.5],
			"to": [-1.5, 3.91186, 8.5],
			"rotation": {"angle": -22.5, "axis": "z", "origin": [12.5, -3.08814, -0.5]},
			"faces": {
				"north": {"uv": [1, 0, 2, 1], "texture": "#0"},
				"east": {"uv": [1, 0, 2, 1], "texture": "#0"},
				"south": {"uv": [1, 0, 2, 1], "texture": "#0"},
				"west": {"uv": [1, 0, 2, 1], "texture": "#0"},
				"up": {"uv": [1, 0, 2, 1], "texture": "#0"},
				"down": {"uv": [1, 0, 2, 1], "texture": "#0"}
			}
		},
		{
			"from": [-1.5, 2.91186, 7.5],
			"to": [-0.5, 3.91186, 8.5],
			"rotation": {"angle": -22.5, "axis": "z", "origin": [12.5, -3.08814, -0.5]},
			"faces": {
				"north": {"uv": [1, 0, 2, 1], "texture": "#0"},
				"east": {"uv": [1, 0, 2, 1], "texture": "#0"},
				"south": {"uv": [1, 0, 2, 1], "texture": "#0"},
				"west": {"uv": [1, 0, 2, 1], "texture": "#0"},
				"up": {"uv": [1, 0, 2, 1], "texture": "#0"},
				"down": {"uv": [1, 0, 2, 1], "texture": "#0"}
			}
		},
		{
			"from": [-3.5, 2.91186, 7.5],
			"to": [-2.5, 3.91186, 8.5],
			"rotation": {"angle": -22.5, "axis": "z", "origin": [12.5, -3.08814, -0.5]},
			"faces": {
				"north": {"uv": [1, 0, 2, 1], "texture": "#0"},
				"east": {"uv": [1, 0, 2, 1], "texture": "#0"},
				"south": {"uv": [1, 0, 2, 1], "texture": "#0"},
				"west": {"uv": [1, 0, 2, 1], "texture": "#0"},
				"up": {"uv": [1, 0, 2, 1], "texture": "#0"},
				"down": {"uv": [1, 0, 2, 1], "texture": "#0"}
			}
		},
		{
			"from": [-1.5, 3.91186, 7.5],
			"to": [-0.5, 4.91186, 8.5],
			"rotation": {"angle": -22.5, "axis": "z", "origin": [12.5, -3.08814, -0.5]},
			"faces": {
				"north": {"uv": [1, 0, 2, 1], "texture": "#0"},
				"east": {"uv": [1, 0, 2, 1], "texture": "#0"},
				"south": {"uv": [1, 0, 2, 1], "texture": "#0"},
				"west": {"uv": [1, 0, 2, 1], "texture": "#0"},
				"up": {"uv": [1, 0, 2, 1], "texture": "#0"},
				"down": {"uv": [1, 0, 2, 1], "texture": "#0"}
			}
		},
		{
			"from": [-3.5, 4.91186, 7.5],
			"to": [-2.5, 5.91186, 8.5],
			"rotation": {"angle": 0, "axis": "z", "origin": [12.5, -3.08814, -0.5]},
			"faces": {
				"north": {"uv": [1, 0, 2, 1], "texture": "#0"},
				"east": {"uv": [1, 0, 2, 1], "texture": "#0"},
				"south": {"uv": [1, 0, 2, 1], "texture": "#0"},
				"west": {"uv": [1, 0, 2, 1], "texture": "#0"},
				"up": {"uv": [1, 0, 2, 1], "texture": "#0"},
				"down": {"uv": [1, 0, 2, 1], "texture": "#0"}
			}
		},
		{
			"from": [0.5, 5.91186, 7.5],
			"to": [1.5, 6.91186, 8.5],
			"rotation": {"angle": 0, "axis": "z", "origin": [12.5, -3.08814, -0.5]},
			"faces": {
				"north": {"uv": [1, 0, 2, 1], "texture": "#0"},
				"east": {"uv": [1, 0, 2, 1], "texture": "#0"},
				"south": {"uv": [1, 0, 2, 1], "texture": "#0"},
				"west": {"uv": [1, 0, 2, 1], "texture": "#0"},
				"up": {"uv": [1, 0, 2, 1], "texture": "#0"},
				"down": {"uv": [1, 0, 2, 1], "texture": "#0"}
			}
		},
		{
			"from": [1.5, 3.91186, 7.5],
			"to": [2.5, 4.91186, 8.5],
			"rotation": {"angle": 0, "axis": "z", "origin": [12.5, -3.08814, -0.5]},
			"faces": {
				"north": {"uv": [1, 0, 2, 1], "texture": "#0"},
				"east": {"uv": [1, 0, 2, 1], "texture": "#0"},
				"south": {"uv": [1, 0, 2, 1], "texture": "#0"},
				"west": {"uv": [1, 0, 2, 1], "texture": "#0"},
				"up": {"uv": [1, 0, 2, 1], "texture": "#0"},
				"down": {"uv": [1, 0, 2, 1], "texture": "#0"}
			}
		},
		{
			"from": [1.5, 4.91186, 7.5],
			"to": [2.5, 5.91186, 8.5],
			"rotation": {"angle": 0, "axis": "z", "origin": [12.5, -3.08814, -0.5]},
			"faces": {
				"north": {"uv": [1, 0, 2, 1], "texture": "#0"},
				"east": {"uv": [1, 0, 2, 1], "texture": "#0"},
				"south": {"uv": [1, 0, 2, 1], "texture": "#0"},
				"west": {"uv": [1, 0, 2, 1], "texture": "#0"},
				"up": {"uv": [1, 0, 2, 1], "texture": "#0"},
				"down": {"uv": [1, 0, 2, 1], "texture": "#0"}
			}
		},
		{
			"from": [1.5, 5.91186, 7.5],
			"to": [2.5, 6.91186, 8.5],
			"rotation": {"angle": 0, "axis": "z", "origin": [12.5, -3.08814, -0.5]},
			"faces": {
				"north": {"uv": [1, 0, 2, 1], "texture": "#0"},
				"east": {"uv": [1, 0, 2, 1], "texture": "#0"},
				"south": {"uv": [1, 0, 2, 1], "texture": "#0"},
				"west": {"uv": [1, 0, 2, 1], "texture": "#0"},
				"up": {"uv": [1, 0, 2, 1], "texture": "#0"},
				"down": {"uv": [1, 0, 2, 1], "texture": "#0"}
			}
		},
		{
			"from": [2.5, 3.91186, 7.5],
			"to": [3.5, 4.91186, 8.5],
			"rotation": {"angle": 0, "axis": "z", "origin": [12.5, -3.08814, -0.5]},
			"faces": {
				"north": {"uv": [1, 0, 2, 1], "texture": "#0"},
				"east": {"uv": [1, 0, 2, 1], "texture": "#0"},
				"south": {"uv": [1, 0, 2, 1], "texture": "#0"},
				"west": {"uv": [1, 0, 2, 1], "texture": "#0"},
				"up": {"uv": [1, 0, 2, 1], "texture": "#0"},
				"down": {"uv": [1, 0, 2, 1], "texture": "#0"}
			}
		},
		{
			"from": [2.5, 4.91186, 7.5],
			"to": [3.5, 5.91186, 8.5],
			"rotation": {"angle": 0, "axis": "z", "origin": [12.5, -3.08814, -0.5]},
			"faces": {
				"north": {"uv": [1, 0, 2, 1], "texture": "#0"},
				"east": {"uv": [1, 0, 2, 1], "texture": "#0"},
				"south": {"uv": [1, 0, 2, 1], "texture": "#0"},
				"west": {"uv": [1, 0, 2, 1], "texture": "#0"},
				"up": {"uv": [1, 0, 2, 1], "texture": "#0"},
				"down": {"uv": [1, 0, 2, 1], "texture": "#0"}
			}
		},
		{
			"from": [2.5, 5.91186, 7.5],
			"to": [3.5, 6.91186, 8.5],
			"rotation": {"angle": 0, "axis": "z", "origin": [12.5, -3.08814, -0.5]},
			"faces": {
				"north": {"uv": [1, 0, 2, 1], "texture": "#0"},
				"east": {"uv": [1, 0, 2, 1], "texture": "#0"},
				"south": {"uv": [1, 0, 2, 1], "texture": "#0"},
				"west": {"uv": [1, 0, 2, 1], "texture": "#0"},
				"up": {"uv": [1, 0, 2, 1], "texture": "#0"},
				"down": {"uv": [1, 0, 2, 1], "texture": "#0"}
			}
		},
		{
			"from": [3.5, 3.91186, 7.5],
			"to": [4.5, 4.91186, 8.5],
			"rotation": {"angle": 0, "axis": "y", "origin": [12.5, -3.08814, -0.5]},
			"faces": {
				"north": {"uv": [1, 0, 2, 1], "texture": "#0"},
				"east": {"uv": [1, 0, 2, 1], "texture": "#0"},
				"south": {"uv": [1, 0, 2, 1], "texture": "#0"},
				"west": {"uv": [1, 0, 2, 1], "texture": "#0"},
				"up": {"uv": [1, 0, 2, 1], "texture": "#0"},
				"down": {"uv": [1, 0, 2, 1], "texture": "#0"}
			}
		},
		{
			"from": [3.5, 4.91186, 7.5],
			"to": [4.5, 5.91186, 8.5],
			"rotation": {"angle": 0, "axis": "y", "origin": [12.5, -3.08814, -0.5]},
			"faces": {
				"north": {"uv": [1, 0, 2, 1], "texture": "#0"},
				"east": {"uv": [1, 0, 2, 1], "texture": "#0"},
				"south": {"uv": [1, 0, 2, 1], "texture": "#0"},
				"west": {"uv": [1, 0, 2, 1], "texture": "#0"},
				"up": {"uv": [1, 0, 2, 1], "texture": "#0"},
				"down": {"uv": [1, 0, 2, 1], "texture": "#0"}
			}
		},
		{
			"from": [3.5, 5.91186, 7.5],
			"to": [4.5, 6.91186, 8.5],
			"rotation": {"angle": 0, "axis": "y", "origin": [12.5, -3.08814, -0.5]},
			"faces": {
				"north": {"uv": [1, 0, 2, 1], "texture": "#0"},
				"east": {"uv": [1, 0, 2, 1], "texture": "#0"},
				"south": {"uv": [1, 0, 2, 1], "texture": "#0"},
				"west": {"uv": [1, 0, 2, 1], "texture": "#0"},
				"up": {"uv": [1, 0, 2, 1], "texture": "#0"},
				"down": {"uv": [1, 0, 2, 1], "texture": "#0"}
			}
		},
		{
			"from": [4.5, 3.91186, 7.5],
			"to": [5.5, 4.91186, 8.5],
			"rotation": {"angle": 0, "axis": "y", "origin": [12.5, -3.08814, -0.5]},
			"faces": {
				"north": {"uv": [1, 0, 2, 1], "texture": "#0"},
				"east": {"uv": [1, 0, 2, 1], "texture": "#0"},
				"south": {"uv": [1, 0, 2, 1], "texture": "#0"},
				"west": {"uv": [1, 0, 2, 1], "texture": "#0"},
				"up": {"uv": [1, 0, 2, 1], "texture": "#0"},
				"down": {"uv": [1, 0, 2, 1], "texture": "#0"}
			}
		},
		{
			"from": [4.5, 4.91186, 7.5],
			"to": [5.5, 5.91186, 8.5],
			"rotation": {"angle": 0, "axis": "y", "origin": [12.5, -3.08814, -0.5]},
			"faces": {
				"north": {"uv": [1, 0, 2, 1], "texture": "#0"},
				"east": {"uv": [1, 0, 2, 1], "texture": "#0"},
				"south": {"uv": [1, 0, 2, 1], "texture": "#0"},
				"west": {"uv": [1, 0, 2, 1], "texture": "#0"},
				"up": {"uv": [1, 0, 2, 1], "texture": "#0"},
				"down": {"uv": [1, 0, 2, 1], "texture": "#0"}
			}
		},
		{
			"from": [4.5, 5.91186, 7.5],
			"to": [5.5, 6.91186, 8.5],
			"rotation": {"angle": 0, "axis": "y", "origin": [12.5, -3.08814, -0.5]},
			"faces": {
				"north": {"uv": [1, 0, 2, 1], "texture": "#0"},
				"east": {"uv": [1, 0, 2, 1], "texture": "#0"},
				"south": {"uv": [1, 0, 2, 1], "texture": "#0"},
				"west": {"uv": [1, 0, 2, 1], "texture": "#0"},
				"up": {"uv": [1, 0, 2, 1], "texture": "#0"},
				"down": {"uv": [1, 0, 2, 1], "texture": "#0"}
			}
		},
		{
			"from": [-0.5, 5.91186, 7.5],
			"to": [0.5, 6.91186, 8.5],
			"rotation": {"angle": 0, "axis": "z", "origin": [12.5, -3.08814, -0.5]},
			"faces": {
				"north": {"uv": [1, 0, 2, 1], "texture": "#0"},
				"east": {"uv": [1, 0, 2, 1], "texture": "#0"},
				"south": {"uv": [1, 0, 2, 1], "texture": "#0"},
				"west": {"uv": [1, 0, 2, 1], "texture": "#0"},
				"up": {"uv": [1, 0, 2, 1], "texture": "#0"},
				"down": {"uv": [1, 0, 2, 1], "texture": "#0"}
			}
		},
		{
			"from": [-2.5, 4.91186, 7.5],
			"to": [-1.5, 5.91186, 8.5],
			"rotation": {"angle": 0, "axis": "z", "origin": [12.5, -3.08814, -0.5]},
			"faces": {
				"north": {"uv": [1, 0, 2, 1], "texture": "#0"},
				"east": {"uv": [1, 0, 2, 1], "texture": "#0"},
				"south": {"uv": [1, 0, 2, 1], "texture": "#0"},
				"west": {"uv": [1, 0, 2, 1], "texture": "#0"},
				"up": {"uv": [1, 0, 2, 1], "texture": "#0"},
				"down": {"uv": [1, 0, 2, 1], "texture": "#0"}
			}
		},
		{
			"from": [-1.5, 4.91186, 7.5],
			"to": [-0.5, 5.91186, 8.5],
			"rotation": {"angle": 0, "axis": "z", "origin": [12.5, -3.08814, -0.5]},
			"faces": {
				"north": {"uv": [1, 0, 2, 1], "texture": "#0"},
				"east": {"uv": [1, 0, 2, 1], "texture": "#0"},
				"south": {"uv": [1, 0, 2, 1], "texture": "#0"},
				"west": {"uv": [1, 0, 2, 1], "texture": "#0"},
				"up": {"uv": [1, 0, 2, 1], "texture": "#0"},
				"down": {"uv": [1, 0, 2, 1], "texture": "#0"}
			}
		},
		{
			"from": [-0.5, 4.91186, 7.5],
			"to": [0.5, 5.91186, 8.5],
			"rotation": {"angle": 0, "axis": "z", "origin": [12.5, -3.08814, -0.5]},
			"faces": {
				"north": {"uv": [1, 0, 2, 1], "texture": "#0"},
				"east": {"uv": [1, 0, 2, 1], "texture": "#0"},
				"south": {"uv": [1, 0, 2, 1], "texture": "#0"},
				"west": {"uv": [1, 0, 2, 1], "texture": "#0"},
				"up": {"uv": [1, 0, 2, 1], "texture": "#0"},
				"down": {"uv": [1, 0, 2, 1], "texture": "#0"}
			}
		},
		{
			"from": [-0.5, 3.91186, 7.5],
			"to": [0.5, 4.91186, 8.5],
			"rotation": {"angle": 0, "axis": "z", "origin": [12.5, -3.08814, -0.5]},
			"faces": {
				"north": {"uv": [1, 0, 2, 1], "texture": "#0"},
				"east": {"uv": [1, 0, 2, 1], "texture": "#0"},
				"south": {"uv": [1, 0, 2, 1], "texture": "#0"},
				"west": {"uv": [1, 0, 2, 1], "texture": "#0"},
				"up": {"uv": [1, 0, 2, 1], "texture": "#0"},
				"down": {"uv": [1, 0, 2, 1], "texture": "#0"}
			}
		},
		{
			"from": [0.5, 3.91186, 7.5],
			"to": [1.5, 4.91186, 8.5],
			"rotation": {"angle": 0, "axis": "z", "origin": [12.5, -3.08814, -0.5]},
			"faces": {
				"north": {"uv": [1, 0, 2, 1], "texture": "#0"},
				"east": {"uv": [1, 0, 2, 1], "texture": "#0"},
				"south": {"uv": [1, 0, 2, 1], "texture": "#0"},
				"west": {"uv": [1, 0, 2, 1], "texture": "#0"},
				"up": {"uv": [1, 0, 2, 1], "texture": "#0"},
				"down": {"uv": [1, 0, 2, 1], "texture": "#0"}
			}
		},
		{
			"from": [-1.5, 3.91186, 7.5],
			"to": [-0.5, 4.91186, 8.5],
			"rotation": {"angle": 0, "axis": "z", "origin": [12.5, -3.08814, -0.5]},
			"faces": {
				"north": {"uv": [1, 0, 2, 1], "texture": "#0"},
				"east": {"uv": [1, 0, 2, 1], "texture": "#0"},
				"south": {"uv": [1, 0, 2, 1], "texture": "#0"},
				"west": {"uv": [1, 0, 2, 1], "texture": "#0"},
				"up": {"uv": [1, 0, 2, 1], "texture": "#0"},
				"down": {"uv": [1, 0, 2, 1], "texture": "#0"}
			}
		},
		{
			"from": [0.5, 4.91186, 7.5],
			"to": [1.5, 5.91186, 8.5],
			"rotation": {"angle": 0, "axis": "z", "origin": [12.5, -3.08814, -0.5]},
			"faces": {
				"north": {"uv": [1, 0, 2, 1], "texture": "#0"},
				"east": {"uv": [1, 0, 2, 1], "texture": "#0"},
				"south": {"uv": [1, 0, 2, 1], "texture": "#0"},
				"west": {"uv": [1, 0, 2, 1], "texture": "#0"},
				"up": {"uv": [1, 0, 2, 1], "texture": "#0"},
				"down": {"uv": [1, 0, 2, 1], "texture": "#0"}
			}
		},
		{
			"from": [1.5, 4.91186, 7.5],
			"to": [2.5, 5.91186, 8.5],
			"rotation": {"angle": 22.5, "axis": "z", "origin": [12.5, -3.08814, -0.5]},
			"faces": {
				"north": {"uv": [1, 0, 2, 1], "texture": "#0"},
				"east": {"uv": [1, 0, 2, 1], "texture": "#0"},
				"south": {"uv": [1, 0, 2, 1], "texture": "#0"},
				"west": {"uv": [1, 0, 2, 1], "texture": "#0"},
				"up": {"uv": [1, 0, 2, 1], "texture": "#0"},
				"down": {"uv": [1, 0, 2, 1], "texture": "#0"}
			}
		},
		{
			"from": [2.5, 4.91186, 7.5],
			"to": [3.5, 5.91186, 8.5],
			"rotation": {"angle": 22.5, "axis": "z", "origin": [12.5, -3.08814, -0.5]},
			"faces": {
				"north": {"uv": [1, 0, 2, 1], "texture": "#0"},
				"east": {"uv": [1, 0, 2, 1], "texture": "#0"},
				"south": {"uv": [1, 0, 2, 1], "texture": "#0"},
				"west": {"uv": [1, 0, 2, 1], "texture": "#0"},
				"up": {"uv": [1, 0, 2, 1], "texture": "#0"},
				"down": {"uv": [1, 0, 2, 1], "texture": "#0"}
			}
		},
		{
			"from": [3.5, 5.91186, 7.5],
			"to": [4.5, 6.91186, 8.5],
			"rotation": {"angle": 22.5, "axis": "z", "origin": [12.5, -3.08814, -0.5]},
			"faces": {
				"north": {"uv": [1, 0, 2, 1], "texture": "#0"},
				"east": {"uv": [1, 0, 2, 1], "texture": "#0"},
				"south": {"uv": [1, 0, 2, 1], "texture": "#0"},
				"west": {"uv": [1, 0, 2, 1], "texture": "#0"},
				"up": {"uv": [1, 0, 2, 1], "texture": "#0"},
				"down": {"uv": [1, 0, 2, 1], "texture": "#0"}
			}
		},
		{
			"from": [3.5, 4.91186, 7.5],
			"to": [4.5, 5.91186, 8.5],
			"rotation": {"angle": 22.5, "axis": "z", "origin": [12.5, -3.08814, -0.5]},
			"faces": {
				"north": {"uv": [1, 0, 2, 1], "texture": "#0"},
				"east": {"uv": [1, 0, 2, 1], "texture": "#0"},
				"south": {"uv": [1, 0, 2, 1], "texture": "#0"},
				"west": {"uv": [1, 0, 2, 1], "texture": "#0"},
				"up": {"uv": [1, 0, 2, 1], "texture": "#0"},
				"down": {"uv": [1, 0, 2, 1], "texture": "#0"}
			}
		},
		{
			"from": [4.5, 5.91186, 7.5],
			"to": [5.5, 6.91186, 8.5],
			"rotation": {"angle": 22.5, "axis": "z", "origin": [12.5, -3.08814, -0.5]},
			"faces": {
				"north": {"uv": [1, 0, 2, 1], "texture": "#0"},
				"east": {"uv": [1, 0, 2, 1], "texture": "#0"},
				"south": {"uv": [1, 0, 2, 1], "texture": "#0"},
				"west": {"uv": [1, 0, 2, 1], "texture": "#0"},
				"up": {"uv": [1, 0, 2, 1], "texture": "#0"},
				"down": {"uv": [1, 0, 2, 1], "texture": "#0"}
			}
		},
		{
			"from": [5.5, 5.91186, 7.5],
			"to": [6.5, 6.91186, 8.5],
			"rotation": {"angle": 22.5, "axis": "z", "origin": [12.5, -3.08814, -0.5]},
			"faces": {
				"north": {"uv": [1, 0, 2, 1], "texture": "#0"},
				"east": {"uv": [1, 0, 2, 1], "texture": "#0"},
				"south": {"uv": [1, 0, 2, 1], "texture": "#0"},
				"west": {"uv": [1, 0, 2, 1], "texture": "#0"},
				"up": {"uv": [1, 0, 2, 1], "texture": "#0"},
				"down": {"uv": [1, 0, 2, 1], "texture": "#0"}
			}
		},
		{
			"from": [6.5, 3.91186, 7.5],
			"to": [7.5, 4.91186, 8.5],
			"rotation": {"angle": 22.5, "axis": "z", "origin": [12.5, -3.08814, -0.5]},
			"faces": {
				"north": {"uv": [1, 0, 2, 1], "texture": "#0"},
				"east": {"uv": [1, 0, 2, 1], "texture": "#0"},
				"south": {"uv": [1, 0, 2, 1], "texture": "#0"},
				"west": {"uv": [1, 0, 2, 1], "texture": "#0"},
				"up": {"uv": [1, 0, 2, 1], "texture": "#0"},
				"down": {"uv": [1, 0, 2, 1], "texture": "#0"}
			}
		},
		{
			"from": [7.5, 5.91186, 7.5],
			"to": [8.5, 6.91186, 8.5],
			"rotation": {"angle": 22.5, "axis": "z", "origin": [12.5, -3.08814, -0.5]},
			"faces": {
				"north": {"uv": [1, 0, 2, 1], "texture": "#0"},
				"east": {"uv": [1, 0, 2, 1], "texture": "#0"},
				"south": {"uv": [1, 0, 2, 1], "texture": "#0"},
				"west": {"uv": [1, 0, 2, 1], "texture": "#0"},
				"up": {"uv": [1, 0, 2, 1], "texture": "#0"},
				"down": {"uv": [1, 0, 2, 1], "texture": "#0"}
			}
		},
		{
			"from": [7.5, 4.91186, 7.5],
			"to": [8.5, 5.91186, 8.5],
			"rotation": {"angle": 22.5, "axis": "z", "origin": [12.5, -3.08814, -0.5]},
			"faces": {
				"north": {"uv": [1, 0, 2, 1], "texture": "#0"},
				"east": {"uv": [1, 0, 2, 1], "texture": "#0"},
				"south": {"uv": [1, 0, 2, 1], "texture": "#0"},
				"west": {"uv": [1, 0, 2, 1], "texture": "#0"},
				"up": {"uv": [1, 0, 2, 1], "texture": "#0"},
				"down": {"uv": [1, 0, 2, 1], "texture": "#0"}
			}
		},
		{
			"from": [7.5, 3.91186, 7.5],
			"to": [8.5, 4.91186, 8.5],
			"rotation": {"angle": 22.5, "axis": "z", "origin": [12.5, -3.08814, -0.5]},
			"faces": {
				"north": {"uv": [1, 0, 2, 1], "texture": "#0"},
				"east": {"uv": [1, 0, 2, 1], "texture": "#0"},
				"south": {"uv": [1, 0, 2, 1], "texture": "#0"},
				"west": {"uv": [1, 0, 2, 1], "texture": "#0"},
				"up": {"uv": [1, 0, 2, 1], "texture": "#0"},
				"down": {"uv": [1, 0, 2, 1], "texture": "#0"}
			}
		},
		{
			"from": [6.5, 2.91186, 7.5],
			"to": [7.5, 3.91186, 8.5],
			"rotation": {"angle": 22.5, "axis": "z", "origin": [12.5, -3.08814, -0.5]},
			"faces": {
				"north": {"uv": [1, 0, 2, 1], "texture": "#0"},
				"east": {"uv": [1, 0, 2, 1], "texture": "#0"},
				"south": {"uv": [1, 0, 2, 1], "texture": "#0"},
				"west": {"uv": [1, 0, 2, 1], "texture": "#0"},
				"up": {"uv": [1, 0, 2, 1], "texture": "#0"},
				"down": {"uv": [1, 0, 2, 1], "texture": "#0"}
			}
		},
		{
			"from": [7.5, 2.91186, 7.5],
			"to": [8.5, 3.91186, 8.5],
			"rotation": {"angle": 22.5, "axis": "z", "origin": [12.5, -3.08814, -0.5]},
			"faces": {
				"north": {"uv": [1, 0, 2, 1], "texture": "#0"},
				"east": {"uv": [1, 0, 2, 1], "texture": "#0"},
				"south": {"uv": [1, 0, 2, 1], "texture": "#0"},
				"west": {"uv": [1, 0, 2, 1], "texture": "#0"},
				"up": {"uv": [1, 0, 2, 1], "texture": "#0"},
				"down": {"uv": [1, 0, 2, 1], "texture": "#0"}
			}
		},
		{
			"from": [6.5, 4.91186, 7.5],
			"to": [7.5, 5.91186, 8.5],
			"rotation": {"angle": 22.5, "axis": "z", "origin": [12.5, -3.08814, -0.5]},
			"faces": {
				"north": {"uv": [1, 0, 2, 1], "texture": "#0"},
				"east": {"uv": [1, 0, 2, 1], "texture": "#0"},
				"south": {"uv": [1, 0, 2, 1], "texture": "#0"},
				"west": {"uv": [1, 0, 2, 1], "texture": "#0"},
				"up": {"uv": [1, 0, 2, 1], "texture": "#0"},
				"down": {"uv": [1, 0, 2, 1], "texture": "#0"}
			}
		},
		{
			"from": [6.5, 5.91186, 7.5],
			"to": [7.5, 6.91186, 8.5],
			"rotation": {"angle": 22.5, "axis": "z", "origin": [12.5, -3.08814, -0.5]},
			"faces": {
				"north": {"uv": [1, 0, 2, 1], "texture": "#0"},
				"east": {"uv": [1, 0, 2, 1], "texture": "#0"},
				"south": {"uv": [1, 0, 2, 1], "texture": "#0"},
				"west": {"uv": [1, 0, 2, 1], "texture": "#0"},
				"up": {"uv": [1, 0, 2, 1], "texture": "#0"},
				"down": {"uv": [1, 0, 2, 1], "texture": "#0"}
			}
		},
		{
			"from": [5.5, 4.91186, 7.5],
			"to": [6.5, 5.91186, 8.5],
			"rotation": {"angle": 22.5, "axis": "z", "origin": [12.5, -3.08814, -0.5]},
			"faces": {
				"north": {"uv": [1, 0, 2, 1], "texture": "#0"},
				"east": {"uv": [1, 0, 2, 1], "texture": "#0"},
				"south": {"uv": [1, 0, 2, 1], "texture": "#0"},
				"west": {"uv": [1, 0, 2, 1], "texture": "#0"},
				"up": {"uv": [1, 0, 2, 1], "texture": "#0"},
				"down": {"uv": [1, 0, 2, 1], "texture": "#0"}
			}
		},
		{
			"from": [5.5, 3.91186, 7.5],
			"to": [6.5, 4.91186, 8.5],
			"rotation": {"angle": 22.5, "axis": "z", "origin": [12.5, -3.08814, -0.5]},
			"faces": {
				"north": {"uv": [1, 0, 2, 1], "texture": "#0"},
				"east": {"uv": [1, 0, 2, 1], "texture": "#0"},
				"south": {"uv": [1, 0, 2, 1], "texture": "#0"},
				"west": {"uv": [1, 0, 2, 1], "texture": "#0"},
				"up": {"uv": [1, 0, 2, 1], "texture": "#0"},
				"down": {"uv": [1, 0, 2, 1], "texture": "#0"}
			}
		},
		{
			"from": [3.5, 3.91186, 7.5],
			"to": [4.5, 4.91186, 8.5],
			"rotation": {"angle": 22.5, "axis": "z", "origin": [12.5, -3.08814, -0.5]},
			"faces": {
				"north": {"uv": [1, 0, 2, 1], "texture": "#0"},
				"east": {"uv": [1, 0, 2, 1], "texture": "#0"},
				"south": {"uv": [1, 0, 2, 1], "texture": "#0"},
				"west": {"uv": [1, 0, 2, 1], "texture": "#0"},
				"up": {"uv": [1, 0, 2, 1], "texture": "#0"},
				"down": {"uv": [1, 0, 2, 1], "texture": "#0"}
			}
		},
		{
			"from": [4.5, 4.91186, 7.5],
			"to": [5.5, 5.91186, 8.5],
			"rotation": {"angle": 22.5, "axis": "z", "origin": [12.5, -3.08814, -0.5]},
			"faces": {
				"north": {"uv": [1, 0, 2, 1], "texture": "#0"},
				"east": {"uv": [1, 0, 2, 1], "texture": "#0"},
				"south": {"uv": [1, 0, 2, 1], "texture": "#0"},
				"west": {"uv": [1, 0, 2, 1], "texture": "#0"},
				"up": {"uv": [1, 0, 2, 1], "texture": "#0"},
				"down": {"uv": [1, 0, 2, 1], "texture": "#0"}
			}
		},
		{
			"from": [4.5, 3.91186, 7.5],
			"to": [5.5, 4.91186, 8.5],
			"rotation": {"angle": 22.5, "axis": "z", "origin": [12.5, -3.08814, -0.5]},
			"faces": {
				"north": {"uv": [1, 0, 2, 1], "texture": "#0"},
				"east": {"uv": [1, 0, 2, 1], "texture": "#0"},
				"south": {"uv": [1, 0, 2, 1], "texture": "#0"},
				"west": {"uv": [1, 0, 2, 1], "texture": "#0"},
				"up": {"uv": [1, 0, 2, 1], "texture": "#0"},
				"down": {"uv": [1, 0, 2, 1], "texture": "#0"}
			}
		}
	],
	"display": {
		"thirdperson_righthand": {
			"rotation": [74, 0, 0],
			"translation": [-6, 2.5, 17]
		},
		"thirdperson_lefthand": {
			"rotation": [74, 0, 0],
			"translation": [-6, 2.5, 17]
		},
		"head": {
			"rotation": [6, 0, 0],
			"translation": [0, 4, -2.25],
			"scale": [1.6, 1.6, 1.6]
		}
	},
	"groups": [
		{
			"name": "a",
			"origin": [0, 0, 0],
			"color": 0,
			"children": [0, 1, 2, 3, 4, 5, 6, 7, 8, 9, 10, 11, 12, 13, 14, 15, 16, 17, 18, 19, 20, 21, 22, 23, 24, 25, 26]
		},
		{
			"name": "3",
			"origin": [0.5, -3.08814, -0.5],
			"color": 0,
			"children": [27, 28, 29, 30, 31, 32, 33, 34, 35, 36, 37, 38, 39, 40, 41, 42, 43, 44, 45, 46, 47, 48, 49, 50, 51]
		},
		{
			"name": "2",
			"origin": [0, 0, 0],
			"color": 0,
			"children": [52, 53, 54, 55, 56, 57, 58, 59, 60, 61, 62, 63, 64, 65, 66, 67, 68, 69, 70, 71, 72, 73]
		},
		{
			"name": "1",
			"origin": [0, 0, 0],
			"color": 0,
			"children": [74, 75, 76, 77, 78, 79, 80, 81, 82, 83, 84, 85, 86, 87, 88, 89, 90, 91, 92]
		},
		{
			"name": "-3",
			"origin": [0, 0, 0],
			"color": 0,
			"children": [93, 94, 95, 96, 97, 98, 99, 100, 101, 102, 103, 104, 105, 106, 107, 108, 109, 110, 111, 112, 113, 114, 115, 116, 117]
		},
		{
			"name": "-2",
			"origin": [0, 0, 0],
			"color": 0,
			"children": [118, 119, 120, 121, 122, 123, 124, 125, 126, 127, 128, 129, 130, 131, 132, 133, 134, 135, 136, 137, 138, 139]
		},
		{
			"name": "-1",
			"origin": [0, 0, 0],
			"color": 0,
			"children": [140, 141, 142, 143, 144, 145, 146, 147, 148, 149, 150, 151, 152, 153, 154, 155, 156, 157, 158]
		}
	]
}