{
    "powers": [
        "grounded_origins:moth/insect",
        "grounded_origins:moth/winged",
        "grounded_origins:moth/flutter",
        "grounded_origins:moth/pollenator",
        "grounded_origins:moth/four_arms",
        "origins:vegetarian",
        "grounded_origins:moth/water_vulnerability",
        "grounded_origins:moth/flammable",
        "grounded_origins:moth/phototactic",
        "grounded_origins:moth/nocturnal",
        "grounded_origins:moth/fibrous_diet"
    ],
    "icon": "grounded_origins:moth_icon",
    "order": 5,
    "impact": 3,
    "loading_priority": 2147483647,
    "unchoosable": true
}