{
	"name": "§5§nGhastly Steps§r",
	"description": "Your soul has started to hollow out, but you can use this to your advantage to phase through solid objects as a Phantom would.",
	"type": "origins:multiple",
	"toggle": {
		"type": "origins:toggle",
		"active_by_default": false,
		"key": "primary"
	},
	"phase": {
		"condition": {
			"type": "origins:power_active",
			"power": "*:*_toggle"
		},
		"type": "origins:phasing",
		"block_condition": {
			"type": "origins:in_tag",
			"tag": "origins:unphasable"
		},
		"blacklist": true,
		"render_type": "blindness",
		"view_distance": 10,
		"phase_down_condition": {
			"type": "origins:or",
            "conditions": [
               {
                    "type": "origins:and",
                    "conditions": [
                        {
                            "type": "origins:sneaking"
                        },
                        {
                            "type": "origins:on_block"
                        }
                    ]
                },
                {
                    "type": "origins:fall_flying"
                }
            ]
		}
	},
	"overlay": {
        "condition": {
            "type": "origins:and",
            "conditions": [
                {
                    "type": "origins:power_active",
                    "power": "*:phasing_toggle"
                }
            ]
        },
        "type": "origins:overlay",
        "texture": "minecraft:textures/misc/powder_snow_outline.png",
        "strength": 0.75,
        "red": 0.5,
        "green": 0,
        "blue": 0.25,
        "draw_mode": "texture",
        "draw_phase": "below_hud",
        "hide_with_hud": true,
        "visible_in_third_person": true
    }
}