{
    "name": "§4§nSoul's Calling§r",
    "description": "As all other undead, soulfire and similiar subtances are your bane.",
    "type": "apoli:multiple",
    "fire": {
        "condition": {
            "type": "origins:block_in_radius",
            "block_condition": {
                "type": "origins:or",
                "conditions": [
                    {
                        "type": "origins:block",
                        "block": "soul_fire"
                    },
                    {
                        "type": "origins:block",
                        "block": "soul_torch"
                    },
                    {
                        "type": "origins:block",
                        "block": "soul_wall_torch"
                    },
                    {
                        "type": "origins:block",
                        "block": "soul_lantern"
                    },
                    {
                        "type": "origins:block",
                        "block": "soul_campfire"
                    }
                ]
            },
            "radius": 5,
            "shape": "cube",
            "comparison": ">=",
            "compare_to": 1
        },
        "type": "origins:action_over_time",
        "interval": 1,
        "entity_action": {
            "type": "origins:apply_effect",
            "effects": [
                {
                    "effect": "weakness",
                    "duration": 40,
                    "amplifier": 0,
                    "show_particles": false,
                    "show_icon": true
                },
                {
                    "effect": "mining_fatigue",
                    "duration": 40,
                    "amplifier": 0,
                    "show_particles": false,
                    "show_icon": true
                }
            ]
        }
    },
    "soil": {
        "condition": {
            "type": "origins:on_block",
            "block_condition": {
                "type": "origins:block",
                "block": "soul_soil"
            }
        },
        "type": "origins:action_over_time",
        "interval": 1,
        "entity_action": {
            "type": "origins:apply_effect",
            "effects": [
                {
                    "effect": "weakness",
                    "duration": 40,
                    "amplifier": 0,
                    "show_particles": false,
                    "show_icon": true
                }
            ]
        }
    },
    "dmg": {
        "condition": {
            "type": "origins:on_block",
            "block_condition": {
                "type": "origins:block",
                "block": "soul_sand"
            }
        },
        "type": "origins:damage_over_time",
        "damage": 1,
        "damage_easy": 1,
        "damage_source": {
            "name": "magic"
        },
        "onset_delay": 30,
        "interval": 1
    }
}