{
    "name": "§d§nCloud Nine§r",
    "description": "A long winded bounce into the sky, with bursts of pink falling from beneath you as you maneuver back from the sky to the ground.",
    "type": "origins:multiple",
    "use": {
        "condition": {
            "type": "origins:and",
            "conditions": [
                {
                    "type": "origins:resource",
                    "resource": "*:select_mode",
                    "comparison": "==",
                    "compare_to": 6
                },
                {
                    "type": "origins:resource",
                    "resource": "*:pink/cloud_dur",
                    "comparison": "==",
                    "compare_to": 0
                }
            ]
        },
        "type": "origins:active_self",
        "entity_action": {
            "type": "origins:and",
            "actions": [
                {
                    "type": "origins:execute_command",
                    "command": "particle dust 1 0.506 0.827 4 ~ ~1.5 ~ 0.5 0.5 0.5 0 150"
                },
                {
                    "type": "origins:execute_command",
                    "command": "particle heart ~ ~1.5 ~ 0.5 0.5 0.5 1 50"
                },
                {
                    "type": "origins:play_sound",
                    "sound": "entity.witch.celebrate",
                    "volume": 1,
                    "pitch": 1.75
                },
                {
                    "type": "origins:apply_effect",
                    "effects": [
                        {
                            "effect": "levitation",
                            "duration": 10,
                            "amplifier": 60,
                            "show_particles": false,
                            "show_icon": true
                        },
                        {
                            "effect": "slow_falling",
                            "duration": 360,
                            "amplifier": 0,
                            "show_particles": false,
                            "show_icon": true
                        }
                    ]
                },
                {
                    "type": "origins:trigger_cooldown",
                    "power": "*:pink/cloud_dur"
                }
            ]
        },
        "cooldown": 200,
        "hud_render": {
            "should_render": true,
            "sprite_location": "origins:textures/gui/community/spiderkolo/resource_bar_03.png",
            "bar_index": 9,
            "condition": {
                "type": "origins:resource",
                "resource": "*:pink/cloud_dur",
                "comparison": "==",
                "compare_to": 0
            }
        },
        "key": {
            "key": "key.spectatorOutlines"
        }
    },
    "dur": {
        "type": "origins:cooldown",
        "cooldown": 300,
        "hud_render": {
            "should_render": true,
            "bar_index": 3
        }
    },
    "act": {
        "condition": {
            "type": "origins:and",
            "conditions": [
                {
                    "type": "origins:resource",
                    "resource": "*:pink/cloud_dur",
                    "comparison": "!=",
                    "compare_to": 0
                }
            ]
        },
        "type": "origins:action_over_time",
        "interval": 5,
        "entity_action": {
            "type": "origins:and",
            "actions": [
                {
                    "type": "origins:play_sound",
                    "sound": "block.amethyst_block.chime",
                    "volume": 5,
                    "pitch": 2
                },
                {
                    "type": "origins:execute_command",
                    "command": "summon arrow ~ ~-0.75 ~ {damage:6.0d,pickup:0b,Motion:[0.0,-2.0,0.0],Rotation:[0F,-90F],Tags:[\"luv\"],SoundEvent:\"block.amethyst_block.break\"}"
                },
                {
                    "type": "origins:execute_command",
                    "command": "execute as @e[tag=luv] at @s run particle heart ~ ~1.5 ~ 0.2 0.2 0.2 0 1"
                },
                {
                    "type": "origins:execute_command",
                    "command": "execute as @e[tag=luv] at @s run particle entity_effect ~ ~ ~ 1 0.506 0.827 1 0"
                }
            ]
        },
        "falling_action": {
            "type": "origins:execute_command",
            "command": "resource set @s max:pink/cloud_use 1"
        }
    },

    "fall": {
        "condition": {
            "type": "origins:and",
            "conditions": [
                {
                    "type": "origins:resource",
                    "resource": "*:pink/cloud_dur",
                    "comparison": "!=",
                    "compare_to": 0
                }
            ]
        },
        "type": "origins:modify_falling",
        "velocity": 0.0025
    }
}