{
    "name": "§d§nBittersweet End§r",
    "description": "When killed with a projectile, you respawn without Passionate Pink, temporarily on cooldown.",
    "type": "origins:multiple",
    "dan": {
        "condition": {
            "type": "origins:and",
            "conditions": [
                {
                    "type": "origins:resource",
                    "resource": "*:select_mode",
                    "comparison": "==",
                    "compare_to": 6
                },
                {
                    "type": "origins:resource",
                    "resource": "*:select_mode",
                    "comparison": "==",
                    "compare_to": 0
                }
            ]
        },
        "type": "origins:prevent_death",
        "damage_condition": {
            "type": "origins:projectile"
        },
        "entity_action": {
            "type": "origins:and",
            "actions": [
                {
                    "type": "origins:execute_command",
                    "command": "particle dust 1 0.506 0.827 3 ~ ~1.5 ~ 0.5 0.5 0.5 0 50"
                },
                {
                    "type": "origins:change_resource",
                    "resource": "*:pink/die_yes",
                    "change": 1,
                    "operation": "set"
                },
                {
                    "type": "origins:delay",
                    "action": {
                        "type": "origins:damage",
                        "amount": 200,
                        "source": {
                            "name": "arrow",
                            "bypasses_armor": true,
                            "unblockable": true
                        }
                    },
                    "ticks": 2
                }
            ]
        }
    },
    "yes": {
        "condition": {
            "type": "origins:and",
            "conditions": [
                {
                    "type": "origins:resource",
                    "resource": "*:select_mode",
                    "comparison": "==",
                    "compare_to": 6
                }
            ]
        },
        "type": "origins:resource",
        "min": 0,
        "max": 1,
        "start_value": 0,
        "hud_render": {
            "should_render": false
        }
    },
    "resp": {
        "condition": {
            "type": "origins:and",
            "conditions": [
                {
                    "type": "origins:resource",
                    "resource": "*:select_mode",
                    "comparison": "==",
                    "compare_to": 6
                },
                {
                    "type": "origins:resource",
                    "resource": "*:pink/die_yes",
                    "comparison": "==",
                    "compare_to": 1
                }
            ]
        },
        "type": "origins:action_on_callback",
        "execute_chosen_when_orb": true,
        "entity_action_respawned": {
            "type": "origins:and",
            "actions": [
                {
                    "type": "origins:change_resource",
                    "resource": "*:select_mode",
                    "change": 0,
                    "operation": "set"
                },
                {
                    "type": "origins:trigger_cooldown",
                    "power": "*:select_kcd"
                },
                {
                    "type": "origins:execute_command",
                    "command": "particle dust 1 0.506 0.827 3 ~ ~1.5 ~ 0.5 0.5 0.5 0 50"
                },
                {
                    "type": "origins:execute_command",
                    "command": "particle item pink_wool ~ ~ ~ 0.25 0.25 0.25 0.2 100"
                },
                {
                    "type": "origins:play_sound",
                    "sound": "block.bell.resonate",
                    "volume": 1,
                    "pitch": 2
                }
            ]
        }
    }
}