{
    "name": "Sound Wave",
    "description": "You let out a sonar like sound wave and all mobs and players become visible for you anywhere within 40 block radius for 20 seconds.",
    "type": "origins:multiple",
    "act": {
        "type": "origins:active_self",
        "entity_action": {
            "type": "origins:and",
            "actions": [
                {
                    "type": "origins:play_sound",
                    "sound": "entity.allay.ambient_without_item",
                    "volume": 1,
                    "pitch": 0.1
                },
                {
                    "type": "origins:trigger_cooldown",
                    "power": "*:ping_cd"
                },
                {
                    "type": "origins:execute_command",
                    "command": "execute positioned ~ ~0.75 ~ rotated 90 0 run function echo:ping"
                },
                {
                    "type": "origins:delay",
                    "action": {
                        "type": "origins:execute_command",
                        "command": "execute positioned ~ ~1 ~ rotated 90 0 run function echo:ping2"
                    },
                    "ticks": 14
                },
                {
                    "type": "origins:delay",
                    "action": {
                        "type": "origins:execute_command",
                        "command": "execute positioned ~ ~1.5 ~ rotated 90 0 run function echo:ping3"
                    },
                    "ticks": 28
                }
            ]
        },
        "cooldown": 1200,
        "hud_render": {
            "should_render": true,
            "sprite_location": "origins:textures/gui/community/huang/resource_bar_02.png",
            "bar_index": 1,
            "condition": {
                "type": "origins:resource",
                "resource": "*:ping_cd",
                "comparison": "==",
                "compare_to": 0
            }
        },
        "key": {
            "key": "secondary"
        }
    },
    "cd": {
        "type": "origins:cooldown",
        "cooldown": 400,
        "hud_render": {
            "should_render": true,
            "sprite_location": "origins:textures/gui/community/huang/resource_bar_02.png",
            "bar_index": 0
        }
    },
    "reset": {
        "condition": {
            "type": "origins:resource",
            "resource": "*:ping_cd",
            "comparison": "!=",
            "compare_to": 0
        },
        "type": "origins:action_over_time",
        "interval": 1,
        "falling_action": {
            "type": "origins:change_resource",
            "resource": "*:ping_act",
            "change": 1,
            "operation": "set"
        }
    },
    "glow": {
        "condition": {
            "type": "origins:resource",
            "resource": "*:ping_cd",
            "comparison": "!=",
            "compare_to": 0
        },
        "bientity_condition": {
            "type": "origins:distance",
            "comparison": "<=",
            "compare_to": 40
        },
        "type": "origins:entity_glow",
        "use_teams": false,
        "red": 0.4,
        "green": 0.85,
        "blue": 1
    }
}