{
    "name": "§1§nHops",
    "description": "You can boost in the air and have a higher natural jump.",
    "type": "origins:multiple",
    "jump_reset": {
        "condition": {
            "type": "origins:on_block"
        },
        "type": "origins:action_over_time",
        "interval": 1,
        "entity_action": {
            "type": "origins:change_resource",
            "resource": "*:*_number_of_jumps",
            "change": 1000,
            "operation": "add"
        }
    },
    "activating_jump": {
        "condition": {
            "type": "origins:and",
            "conditions": [
                {
                    "inverted": true,
                    "type": "origins:on_block"
                },
                {
                    "type": "origins:resource",
                    "resource": "*:*_number_of_jumps",
                    "comparison": ">",
                    "compare_to": 0
                },
                {
                    "type": "origins:fluid_height",
                    "fluid": "minecraft:water",
                    "comparison": "==",
                    "compare_to": 0
                },
                {
                    "type": "origins:fluid_height",
                    "fluid": "minecraft:lava",
                    "comparison": "==",
                    "compare_to": 0
                }
            ]
        },
        "type": "origins:active_self",
        "entity_action": {
            "type": "origins:and",
            "actions": [
                {
                    "type": "origins:add_velocity",
                    "y": 0.7,
                    "space": "world",
                    "client": true,
                    "server": true,
                    "set": true
                },
                {
                    "type": "origins:if_else",
                    "condition": {
                        "type": "origins:moving"
                    },
                    "if_action": {
                        "type": "origins:add_velocity",
                        "z": 0.5,
                        "space": "local",
                        "client": true,
                        "server": true
                    }
                },
                {
                    "type": "origins:change_resource",
                    "resource": "*:*_number_of_jumps",
                    "change": -1,
                    "operation": "add"
                }
            ]
        },
        "cooldown": 0,
        "hud_render": {
            "should_render": false
        },
        "key": {
            "key": "key.jump"
        }
    },
    "fall_half_immunity": {
        "condition": {
            "type": "origins:and",
            "conditions": [
                {
                    "type": "origins:fall_distance",
                    "comparison": "<",
                    "compare_to": 6
                },
                {
                    "type": "origins:resource",
                    "resource": "*:*_number_of_jumps",
                    "comparison": "==",
                    "compare_to": 0
                }
            ]
        },
        "type": "origins:invulnerability",
        "damage_condition": {
            "type": "origins:name",
            "name": "fall"
        }
    },
    "fall_half_damage": {
        "condition": {
            "type": "origins:and",
            "conditions": [
                {
                    "type": "origins:fall_distance",
                    "comparison": ">",
                    "compare_to": 5
                },
                {
                    "type": "origins:resource",
                    "resource": "*:*_number_of_jumps",
                    "comparison": "==",
                    "compare_to": 0
                }
            ]
        },
        "type": "origins:modify_damage_taken",
        "damage_condition": {
            "type": "origins:name",
            "name": "fall"
        },
        "modifier": {
            "operation": "multiply_total",
            "value": -0.5,
            "name": "jump resist"
        }
    },
    "higher": {
        "type": "origins:modify_jump",
        "modifier": {
            "operation": "multiply_base",
            "value": 0.25
        }
    },
    "number_of_jumps": {
        "type": "origins:resource",
        "min": 0,
        "max": 1,
        "start_value": 1,
        "hud_render": {
            "should_render": false
        }
    }
}