{
    "hidden": true,
    "type": "origins:action_on_callback",
    "entity_action_chosen": {
        "type": "origins:and",
        "actions": [
            {
                "type": "origins:execute_command",
                "command": "tag @s add racc",
                "permission_level": 4
            },
            {
                "type": "origins:execute_command",
                "command": "team add nether",
                "permission_level": 4
            },
            {
                "type": "origins:execute_command",
                "command": "team join nether @s",
                "permission_level": 4
            }
        ]
    },
    "execute_chosen_when_orb": true,
    "entity_action_lost": {
        "type": "origins:and",
        "actions": [
            {
                "type": "origins:execute_command",
                "command": "tag @s remove racc",
                "permission_level": 4
            },
            {
                "type": "origins:execute_command",
                "command": "team remove nether",
                "permission_level": 4
            }
        ]
    }
}