{
    "name": "§4§nUndead",
    "description": "As having been cursed by a god and trapped for so long you count as undead, villagers fear you and will NOT trade with you and iron golems attack you on sight.",
    "type": "origins:multiple",
    "iron_golem": {
        "type": "origins:action_over_time",
        "interval": 1,
        "entity_action": {
            "type": "origins:and",
            "actions": [
                {
                    "type": "origins:execute_command",
                    "command": "execute as @e[type=minecraft:iron_golem,distance=..20] at @s run data modify entity @s AngryAt set from entity @e[tag=racc,limit=1] UUID"
                },
                {
                    "type": "origins:execute_command",
                    "command": "execute as @e[type=minecraft:iron_golem,distance=..20] at @s run data modify entity @s AngerTime set value 60"
                }
            ]
        }
    },
    "prev": {
        "type": "origins:prevent_entity_use",
        "bientity_condition": {
            "type": "origins:target_condition",
            "condition": {
                "type": "origins:entity_type",
                "entity_type": "minecraft:villager"
            }
        }
    },
    "und": {
        "type": "origins:entity_group",
        "group": "undead"
    }
}