{
    "name": "Hoarder",
    "description": "When no longer undead, you can only sleep around gold.",
    "condition": {
        "type": "origins:and",
        "conditions": [
            {
                "type": "origins:block_in_radius",
                "block_condition": {
                    "type": "origins:in_tag",
                    "tag": "noct:gold"
                },
                "radius": 3,
                "shape": "cube",
                "comparison": "<",
                "compare_to": 3
            },
            {
                "inverted": true,
                "type": "origins:power",
                "power": "noct:undeath",
                "source": "noct:noctine"
            }
        ]
    },
    "type": "origins:prevent_sleep",
    "message": "§6There's not enough gold around you.",
    "set_spawn_point": true
}