{
    "name": "§2§nRabbit's Foot",
    "description": "You have the ability to jump higher, negating fall damage, and are slightly faster than most.",
    "type": "origins:multiple",
    "attr": {
        "type": "origins:attribute",
        "modifier": {
            "attribute": "generic.movement_speed",
            "operation": "multiply_base",
            "value": 0.2
        }
    },
    "jump": {
        "type": "origins:modify_jump",
        "modifier": {
            "operation": "multiply_base",
            "value": 0.25
        }
    },
    "fall": {
        "condition": {
            "type": "origins:fall_distance",
            "comparison": "<=",
            "compare_to": 9
        },
        "type": "origins:invulnerability",
        "damage_condition": {
            "type": "origins:or",
            "conditions": [
                {
                    "type": "origins:name",
                    "name": "fall"
                },
                {
                    "type": "origins:name",
                    "name": "fall.player"
                }
            ]
        }
    }
}