{
    "name": "§4§nWinged Disaster",
    "description": "When in water, there is slight slowness and weakness to the ikimono for this species is horrible at swimming.",
    "condition": {
        "type": "origins:and",
        "conditions": [
            {
                "type": "origins:fluid_height",
                "fluid": "water",
                "comparison": ">",
                "compare_to": 0
            }
        ]
    },
    "type": "origins:action_over_time",
    "interval": 1,
    "entity_action": {
        "type": "origins:and",
        "actions": [
            {
                "type": "origins:apply_effect",
                "effects": [
                    {
                        "effect": "slowness",
                        "duration": 30,
                        "amplifier": 0,
                        "show_particles": false,
                        "show_icon": true
                    },
                    {
                        "effect": "weakness",
                        "duration": 30,
                        "amplifier": 0,
                        "show_particles": false,
                        "show_icon": true
                    }
                ]
            }
        ]
    }
}