{
    "name": "§6§nBane of Axes",
    "description": "Axes do more damage to you.",
    "type": "origins:modify_damage_taken",
    "damage_condition": {
        "type": "origins:attacker",
        "entity_condition": {
            "type": "origins:equipped_item",
            "equipment_slot": "mainhand",
            "item_condition": {
                "type": "origins:ingredient",
                "ingredient": {
                    "tag": "bed:axe"
                }
            }
        }
    },
    "modifier": {
        "operation": "multiply_total",
        "value": 0.3
    }
}