{
    "name": "§3§nSwimmy!",
    "description": "Having to traverse land without your full abilities, you managed to create a form where you can swim much faster within water, though you cannot breathe in it! \nYour keen eyes let you see right through the water, no matter how murky it may be.",
    "badges": [
        {
            "sprite": "origins:textures/gui/badge/info.png",
            "text": "Double-tap Space to float."
        }
    ],
    "type": "origins:multiple",
    "grace": {
        "condition": {
            "type": "origins:and",
            "conditions": [
                {
                    "type": "origins:resource",
                    "resource": "exiled:forms_tog",
                    "comparison": "==",
                    "compare_to": 1
                },
                {
                    "type": "origins:resource",
                    "resource": "exiled:forms_form",
                    "comparison": "==",
                    "compare_to": 2
                }
            ]
        },
        "type": "origins:action_over_time",
        "interval": 25,
        "entity_action": {
            "type": "origins:apply_effect",
            "effects": [
                {
                    "effect": "dolphins_grace",
                    "duration": 35,
                    "amplifier": 0,
                    "show_particles": false,
                    "show_icon": true
                },
                {
                    "effect": "night_vision",
                    "duration": 35,
                    "amplifier": 0,
                    "show_particles": false,
                    "show_icon": true
                }
            ]
        }
    },
    "sink": {
        "condition": {
            "type": "origins:and",
            "conditions": [
                {
                    "type": "origins:resource",
                    "resource": "exiled:forms_tog",
                    "comparison": "==",
                    "compare_to": 1
                },
                {
                    "type": "origins:resource",
                    "resource": "exiled:forms_form",
                    "comparison": "==",
                    "compare_to": 2
                },
                {
                    "type": "origins:fluid_height",
                    "fluid": "water",
                    "comparison": ">",
                    "compare_to": 0
                }
            ]
        },
        "type": "origins:creative_flight"
    },
    "fire": {
        "condition": {
            "type": "origins:and",
            "conditions": [
                {
                    "type": "origins:resource",
                    "resource": "exiled:forms_tog",
                    "comparison": "==",
                    "compare_to": 1
                },
                {
                    "type": "origins:resource",
                    "resource": "exiled:forms_form",
                    "comparison": "==",
                    "compare_to": 2
                }
            ]
        },
        "type": "origins:modify_damage_taken",
        "damage_condition": {
            "type": "origins:fire"
        },
        "modifier": {
            "operation": "multiply_total",
            "value": 1
        }
    }
}