{
    "name": "§5§nInconvenience",
    "description": "You have the ability to curse any being who was struck by the swipe of your paws. Leaving them with quite a tiresome ordeal to endure.",
    "condition": {
        "type": "origins:resource",
        "resource": "exiled:forms_tog",
        "comparison": "==",
        "compare_to": 0
    },
    "type": "origins:action_on_hit",
    "bientity_action": {
        "type": "origins:target_action",
        "action": {
            "type": "origins:choice",
            "actions": [
                {
                    "weight": 1,
                    "element": {
                        "type": "origins:apply_effect",
                        "effect": {
                            "effect": "poison",
                            "duration": 100,
                            "amplifier": 0,
                            "show_particles": false,
                            "show_icon": true
                        }
                    }
                },
                {
                    "weight": 1,
                    "element": {
                        "type": "origins:apply_effect",
                        "effect": {
                            "effect": "weakness",
                            "duration": 200,
                            "amplifier": 0,
                            "show_particles": true,
                            "show_icon": true
                        }
                    }
                },
                {
                    "weight": 1,
                    "element": {
                        "type": "origins:apply_effect",
                        "effect": {
                            "effect": "slowness",
                            "duration": 200,
                            "amplifier": 1,
                            "show_particles": true,
                            "show_icon": true
                        }
                    }
                },
                {
                    "weight": 1,
                    "element": {
                        "type": "origins:apply_effect",
                        "effect": {
                            "effect": "glowing",
                            "duration": 200,
                            "amplifier": 1,
                            "show_particles": true,
                            "show_icon": true
                        }
                    }
                },
                {
                    "weight": 1,
                    "element": {
                        "type": "origins:apply_effect",
                        "effect": {
                            "effect": "mining_fatigue",
                            "duration": 200,
                            "amplifier": 2,
                            "show_particles": true,
                            "show_icon": true
                        }
                    }
                },
                {
                    "weight": 1,
                    "element": {
                        "type": "origins:apply_effect",
                        "effect": {
                            "effect": "speed",
                            "duration": 200,
                            "amplifier": 49,
                            "show_particles": true,
                            "show_icon": true
                        }
                    }
                },
                {
                    "weight": 1,
                    "element": {
                        "type": "origins:apply_effect",
                        "effect": {
                            "effect": "nausea",
                            "duration": 200,
                            "amplifier": 0,
                            "show_particles": true,
                            "show_icon": true
                        }
                    }
                },
                {
                    "weight": 1,
                    "element": {
                        "type": "origins:apply_effect",
                        "effect": {
                            "effect": "blindness",
                            "duration": 200,
                            "amplifier": 0,
                            "show_particles": true,
                            "show_icon": true
                        }
                    }
                },
                {
                    "weight": 1,
                    "element": {
                        "type": "origins:apply_effect",
                        "effect": {
                            "effect": "levitation",
                            "duration": 20,
                            "amplifier": 24,
                            "show_particles": false,
                            "show_icon": true
                        }
                    }
                },
                {
                    "weight": 1,
                    "element": {
                        "type": "origins:apply_effect",
                        "effect": {
                            "effect": "glowing",
                            "duration": 200,
                            "amplifier": 0,
                            "show_particles": false,
                            "show_icon": true
                        }
                    }
                }
            ]
        }
    },
    "damage_condition": {
        "type": "origins:attacker",
        "entity_condition": {
            "type": "origins:equipped_item",
            "equipment_slot": "mainhand",
            "item_condition": {
                "type": "origins:empty"
            }
        }
    },
    "cooldown": 50,
    "hud_render": {
        "should_render": false
    }
}