{
    "name": "§b§nTanooki Huh?",
    "description": "You have the ability to switch between several different forms besides your base tanooki form.",
    "badges": [
        {
            "sprite": "origins:textures/gui/badge/star.png",
            "text": "Primary to select, Secondary to toggle. Hold Shift to reverse the selection order."
        }
    ],
    "type": "origins:multiple",
    "form": {
        "type": "origins:resource",
        "min": 0,
        "max": 3,
        "start_value": 1,
        "hud_render": {
            "should_render": true,
            "sprite_location": "origins:textures/gui/community/spiderkolo/resource_bar_03.png",
            "bar_index": 21
        }
    },
    "tog": {
        "type": "origins:resource",
        "min": 0,
        "max": 1,
        "start_value": 0,
        "hud_render": {
            "should_render": false
        }
    },
    "swap": {
        "condition": {
            "inverted": true,
            "type": "origins:sneaking"
        },
        "type": "origins:active_self",
        "entity_action": {
            "type": "origins:if_else_list",
            "actions": [
                {
                    "condition": {
                        "type": "origins:and",
                        "conditions": [
                            {
                                "type": "origins:resource",
                                "resource": "exiled:forms_form",
                                "comparison": "==",
                                "compare_to": 3
                            }
                        ]
                    },
                    "action": {
                        "type": "origins:and",
                        "actions": [
                            {
                                "type": "origins:change_resource",
                                "resource": "exiled:forms_form",
                                "change": 1,
                                "operation": "set"
                            },
                            {
                                "type": "origins:execute_command",
                                "command": "title @s actionbar {\"text\":\" §d§lObject Form\"}"
                            }
                        ]
                    }
                },
                {
                    "condition": {
                        "type": "origins:and",
                        "conditions": [
                            {
                                "type": "origins:resource",
                                "resource": "exiled:forms_form",
                                "comparison": "==",
                                "compare_to": 1
                            }
                        ]
                    },
                    "action": {
                        "type": "origins:and",
                        "actions": [
                            {
                                "type": "origins:change_resource",
                                "resource": "exiled:forms_form",
                                "change": 2,
                                "operation": "set"
                            },
                            {
                                "type": "origins:execute_command",
                                "command": "title @s actionbar {\"text\":\" §9§lAquatic Form\"}"
                            }
                        ]
                    }
                },
                {
                    "condition": {
                        "type": "origins:and",
                        "conditions": [
                            {
                                "type": "origins:resource",
                                "resource": "exiled:forms_form",
                                "comparison": "==",
                                "compare_to": 2
                            }
                        ]
                    },
                    "action": {
                        "type": "origins:and",
                        "actions": [
                            {
                                "type": "origins:change_resource",
                                "resource": "exiled:forms_form",
                                "change": 3,
                                "operation": "set"
                            },
                            {
                                "type": "origins:execute_command",
                                "command": "title @s actionbar {\"text\":\" §e§lTwo-legged Form\"}"
                            }
                        ]
                    }
                }
            ]
        },
        "cooldown": 10,
        "hud_render": {
            "should_render": false
        },
        "key": {
            "key": "primary",
            "continuous": true
        }
    },
    "deltog": {
        "type": "origins:active_self",
        "entity_action": {
            "type": "origins:if_else",
            "condition": {
                "type": "origins:resource",
                "resource": "exiled:forms_tog",
                "comparison": "==",
                "compare_to": 0
            },
            "if_action": {
                "type": "origins:and",
                "actions": [
                    {
                        "type": "origins:change_resource",
                        "resource": "exiled:forms_tog",
                        "change": 1,
                        "operation": "set"
                    },
                    {
                        "type": "origins:execute_command",
                        "command": "particle witch ~ ~ ~ 0.5 0.5 0.5 0.1 25"
                    },
                    {
                        "type": "origins:play_sound",
                        "sound": "block.note_block.snare",
                        "volume": 1,
                        "pitch": 2
                    }
                ]
            },
            "else_action": {
                "type": "origins:and",
                "actions": [
                    {
                        "type": "origins:change_resource",
                        "resource": "exiled:forms_tog",
                        "change": 0,
                        "operation": "set"
                    },
                    {
                        "type": "origins:execute_command",
                        "command": "particle dragon_breath ~ ~ ~ 0.5 0.5 0.5 0 25"
                    },
                    {
                        "type": "origins:play_sound",
                        "sound": "block.note_block.snare",
                        "volume": 1,
                        "pitch": 0.5
                    }
                ]
            }
        },
        "cooldown": 5,
        "hud_render": {
            "should_render": false
        },
        "key": {
            "key": "secondary"
        }
    },
    "swap_reverse": {
        "condition": {
            "type": "origins:sneaking"
        },
        "type": "origins:active_self",
        "entity_action": {
            "type": "origins:if_else_list",
            "actions": [
                {
                    "condition": {
                        "type": "origins:and",
                        "conditions": [
                            {
                                "type": "origins:resource",
                                "resource": "exiled:forms_form",
                                "comparison": "==",
                                "compare_to": 2
                            }
                        ]
                    },
                    "action": {
                        "type": "origins:and",
                        "actions": [
                            {
                                "type": "origins:change_resource",
                                "resource": "exiled:forms_form",
                                "change": 1,
                                "operation": "set"
                            },
                            {
                                "type": "origins:execute_command",
                                "command": "title @s actionbar {\"text\":\" §d§lObject Form\"}"
                            }
                        ]
                    }
                },
                {
                    "condition": {
                        "type": "origins:and",
                        "conditions": [
                            {
                                "type": "origins:resource",
                                "resource": "exiled:forms_form",
                                "comparison": "==",
                                "compare_to": 3
                            }
                        ]
                    },
                    "action": {
                        "type": "origins:and",
                        "actions": [
                            {
                                "type": "origins:change_resource",
                                "resource": "exiled:forms_form",
                                "change": 2,
                                "operation": "set"
                            },
                            {
                                "type": "origins:execute_command",
                                "command": "title @s actionbar {\"text\":\" §9§lAquatic Form\"}"
                            }
                        ]
                    }
                },
                {
                    "condition": {
                        "type": "origins:and",
                        "conditions": [
                            {
                                "type": "origins:resource",
                                "resource": "exiled:forms_form",
                                "comparison": "==",
                                "compare_to": 1
                            }
                        ]
                    },
                    "action": {
                        "type": "origins:and",
                        "actions": [
                            {
                                "type": "origins:change_resource",
                                "resource": "exiled:forms_form",
                                "change": 3,
                                "operation": "set"
                            },
                            {
                                "type": "origins:execute_command",
                                "command": "title @s actionbar {\"text\":\" §e§lTwo-legged Form\"}"
                            }
                        ]
                    }
                }
            ]
        },
        "cooldown": 10,
        "hud_render": {
            "should_render": false
        },
        "key": {
            "key": "primary",
            "continuous": true
        }
    }
}