{
    "name": "§2§nKeen Perception",
    "description": "Your trained eyes allow you to spot items on the ground no matter where they are.",
    "condition": {
        "type": "origins:resource",
        "resource": "exiled:forms_tog",
        "comparison": "==",
        "compare_to": 0
    },
    "type": "origins:entity_glow",
    "bientity_condition": {
        "type": "origins:target_condition",
        "condition": {
            "type": "origins:entity_type",
            "entity_type": "item"
        }
    },
    "use_teams": false,
    "red": 0.6,
    "green": 0.25,
    "blue": 0.8
}