{
    "hidden": true,
    "type": "origins:multiple",
    "normal": {
        "condition": {
            "type": "origins:and",
            "conditions": [
                {
                    "type": "origins:resource",
                    "resource": "exiled:forms_tog",
                    "comparison": "==",
                    "compare_to": 0
                }
            ]
        },
        "type": "origins:action_over_time",
        "interval": 3,
        "rising_action": {
            "type": "origins:and",
            "actions": [
                {
                    "type": "origins:execute_command",
                    "command": "scale set pehkui:height 0.75 @s"
                },
                {
                    "type": "origins:execute_command",
                    "command": "scale set pehkui:width 0.75 @s"
                }
            ]
        }
    },
    "aqua": {
        "condition": {
            "type": "origins:and",
            "conditions": [
                {
                    "type": "origins:resource",
                    "resource": "exiled:forms_form",
                    "comparison": "==",
                    "compare_to": 2
                },
                {
                    "type": "origins:resource",
                    "resource": "exiled:forms_tog",
                    "comparison": "==",
                    "compare_to": 1
                }
            ]
        },
        "type": "origins:action_over_time",
        "interval": 3,
        "rising_action": {
            "type": "origins:and",
            "actions": [
                {
                    "type": "origins:execute_command",
                    "command": "scale set pehkui:height 0.75 @s"
                },
                {
                    "type": "origins:execute_command",
                    "command": "scale set pehkui:width 0.75 @s"
                }
            ]
        }
    },
    "obj": {
        "condition": {
            "type": "origins:and",
            "conditions": [
                {
                    "type": "origins:resource",
                    "resource": "exiled:forms_form",
                    "comparison": "==",
                    "compare_to": 1
                },
                {
                    "type": "origins:resource",
                    "resource": "exiled:forms_tog",
                    "comparison": "==",
                    "compare_to": 1
                }
            ]
        },
        "type": "origins:action_over_time",
        "interval": 3,
        "rising_action": {
            "type": "origins:and",
            "actions": [
                {
                    "type": "origins:execute_command",
                    "command": "scale set pehkui:height 0.25 @s"
                },
                {
                    "type": "origins:execute_command",
                    "command": "scale set pehkui:width 0.25 @s"
                }
            ]
        }
    },
    "tall": {
        "condition": {
            "type": "origins:and",
            "conditions": [
                {
                    "type": "origins:resource",
                    "resource": "exiled:forms_form",
                    "comparison": "==",
                    "compare_to": 3
                },
                {
                    "type": "origins:resource",
                    "resource": "exiled:forms_tog",
                    "comparison": "==",
                    "compare_to": 1
                }
            ]
        },
        "type": "origins:action_over_time",
        "interval": 3,
        "rising_action": {
            "type": "origins:and",
            "actions": [
                {
                    "type": "origins:execute_command",
                    "command": "scale set pehkui:height 1.25 @s"
                },
                {
                    "type": "origins:execute_command",
                    "command": "scale set pehkui:width 1.25 @s"
                }
            ]
        }
    },
    "reset": {
        "type": "origins:action_on_callback",
        "entity_action_lost": {
            "type": "origins:execute_command",
            "command": "scale reset @s",
            "permission_level": 4
        }
    }
}