{
    "name": "§b§nMantis Punch§r",
    "description": "You punch with the power of a 22 caliber bullet with a 15 sec cooldown.",
    "type": "origins:active_self",
    "entity_action": {
        "type": "origins:and",
        "actions": [
            {
                "type": "origins:execute_command",
                "command": "particle electric_spark ^ ^0.5 ^1 0.2 0.2 0.2 0 5"
            },
            {
                "type": "origins:execute_command",
                "command": "particle explosion ^ ^1 ^2 0 0 0 0 1"
            },
            {
                "type": "origins:delay",
                "action": {
                    "type": "origins:execute_command",
                    "command": "particle explosion ^ ^1 ^3 0 0 0 0 1"
                },
                "ticks": 3
            },
            {
                "type": "origins:delay",
                "action": {
                    "type": "origins:execute_command",
                    "command": "particle explosion ^ ^1 ^4 0 0 0 0 1"
                },
                "ticks": 6
            },
            {
                "type": "origins:area_of_effect",
                "radius": 5,
                "bientity_action": {
                    "type": "origins:damage",
                    "amount": 8,
                    "source": {
                        "name": "explosion.player",
                        "unblockable": true
                    }
                }
            },
            {
                "type": "origins:play_sound",
                "sound": "entity.evoker_fangs.attack",
                "volume": 1,
                "pitch": 1.5
            },
            {
                "type": "origins:play_sound",
                "sound": "entity.blaze.hurt",
                "volume": 1,
                "pitch": 1.5
            },
            {
                "type": "origins:swing_hand",
                "hand": "MAIN_HAND"
            }
        ]
    },
    "cooldown": 300,
    "hud_render": {
        "should_render": true,
        "sprite_location": "origins:textures/gui/community/huang/resource_bar_02.png",
        "bar_index": 15
    },
    "key": {
        "key": "primary"
    }
}