{
    "powers": [
        "wiicustomorigins:yummy_berries",
        "wiicustomorigins:yummy_chicken",
        "wiicustomorigins:energetic",
        "wiicustomorigins:pounce",
        "wiicustomorigins:big_brother",
        "wiicustomorigins:bite_sized",
        "wiicustomorigins:sly_fox",
        "wiicustomorigins:fox",
        "wiicustomorigins:speedy",
        "origins:fall_immunity"
    ],
    "icon": "minecraft:fox_spawn_egg",
    "order": 9,
    "impact": 2,
    "name": "Foxling",
    "description": "The Foxling is a humanoid cousin to the fox we know today, Foxlings are the descendants of the great Foox. The Foxling no longer have the ability to turn into a fox at will but still have the attributes of their ancestors.",
    "loading_priority": 2147483647,
    "unchoosable": true
}