{
    "unchoosable": true,
    "name": "Lepus",
    "icon": "minecraft:rabbit_hide",
    "powers": [
        "origins:vegetarian",
        "wiicustomorigins:luck_effect",
        "wiicustomorigins:hop",
        "wiicustomorigins:energetic",
        "origins:fragile",
        "wiicustomorigins:goldenvision",
        "origins:fall_immunity"
    ],
    "description": "An evolution of common rabbits. You're a race centered around exploration and discovery.",
    "loading_priority": 2147483647,
    "order": 1,
    "impact": 1
}