{
  "values": [
    "minecraft:amethyst_cluster",
    "minecraft:amethyst_shard",
    "minecraft:ancient_debris",
    "minecraft:anvil",
    "minecraft:apple",
    "minecraft:beacon",
    "minecraft:bee_nest",
    "minecraft:beehive",
    "minecraft:bell",
    "minecraft:blaze_powder",
    "minecraft:blaze_rod",
    "minecraft:book",
    "minecraft:bookshelf",
    "minecraft:bucket",
    "minecraft:budding_amethyst",
    "minecraft:cake",
    "minecraft:chorus_flower",
    "minecraft:chorus_fruit",
    "minecraft:coal",
    "minecraft:coal_block",
    "minecraft:coal_ore",
    "minecraft:cobweb",
    "minecraft:cocoa_beans",
    "minecraft:comparator",
    "minecraft:composter",
    "minecraft:conduit",
    "minecraft:cooked_beef",
    "minecraft:cooked_chicken",
    "minecraft:cooked_cod",
    "minecraft:cooked_mutton",
    "minecraft:cooked_porkchop",
    "minecraft:cooked_rabbit",
    "minecraft:cooked_salmon",
    "minecraft:cookie",
    "minecraft:copper_block",
    "minecraft:copper_ingot",
    "minecraft:copper_ore",
    "minecraft:creeper_head",
    "minecraft:diamond",
    "minecraft:diamond_block",
    "minecraft:diamond_ore",
    "minecraft:dragon_breath",
    "minecraft:dragon_head",
    {
      "id": "minecraft:conj_shard",
      "required": false
    },
    "minecraft:emerald",
    "minecraft:emerald_block",
    "minecraft:emerald_ore",
    "minecraft:enchanted_golden_apple",
    "minecraft:enchanting_table",
    "minecraft:end_crystal",
    "minecraft:end_rod",
    "minecraft:ender_chest",
    "minecraft:ender_eye",
    "minecraft:ender_pearl",
    "minecraft:experience_bottle",
    "minecraft:firework_rocket",
    "minecraft:ghast_tear",
    "minecraft:glass_bottle",
    "minecraft:glistering_melon_slice",
    "minecraft:glow_berries",
    "minecraft:glow_ink_sac",
    "minecraft:glowstone",
    "minecraft:glowstone_dust",
    "minecraft:gold_block",
    "minecraft:gold_ingot",
    "minecraft:gold_nugget",
    "minecraft:gold_ore",
    "minecraft:golden_apple",
    "minecraft:gunpowder",
    "minecraft:hay_block",
    "minecraft:heart_of_the_sea",
    "minecraft:honey_block",
    "minecraft:honey_bottle",
    "minecraft:honeycomb",
    "minecraft:honeycomb_block",
    "minecraft:hopper",
    "minecraft:iron_ingot",
    "minecraft:iron_block",
    "minecraft:iron_nugget",
    "minecraft:iron_ore",
    "minecraft:lapis_block",
    "minecraft:lapis_lazuli",
    "minecraft:lapis_ore",
    "minecraft:large_amethyst_bud",
    "minecraft:lodestone",
    "minecraft:magma_cream",
    "minecraft:medium_amethyst_bud",
    "minecraft:melon",
    "minecraft:moss_block",
    "minecraft:mycelium",
    "minecraft:nautilus_shell",
    "minecraft:nether_gold_ore",
    "minecraft:nether_quartz_ore",
    "minecraft:nether_star",
    "minecraft:nether_wart",
    "minecraft:netherite_ingot",
    "minecraft:netherite_scrap",
    "minecraft:observer",
    "minecraft:obsidian",
    {
      "id": "minecraft:ochre_froglight",
      "required": false
    },
    {
      "id": "minecraft:pearlescent_froglight",
      "required": false
    },
    "minecraft:phantom_membrane",
    "minecraft:piston",
    "minecraft:player_head",
    "minecraft:podzol",
    "minecraft:prismarine",
    "minecraft:prismarine_crystals",
    "minecraft:prismarine_shard",
    "minecraft:pumpkin_pie",
    "minecraft:quartz",
    "minecraft:quartz_block",
    "minecraft:rabbit_foot",
    "minecraft:raw_copper",
    "minecraft:raw_copper_block",
    "minecraft:raw_gold",
    "minecraft:raw_gold_block",
    "minecraft:raw_iron",
    "minecraft:raw_iron_block",
    "minecraft:redstone",
    "minecraft:redstone_block",
    "minecraft:redstone_lamp",
    "minecraft:redstone_ore",
    "minecraft:redstone_torch",
    "minecraft:repeater",
    "minecraft:respawn_anchor",
    {
      "id": "minecraft:sculk",
      "required": false
    },
    {
      "id": "minecraft:sculk_catalyst",
      "required": false
    },
    {
      "id": "minecraft:sculk_sensor",
      "required": false
    },
    {
      "id": "minecraft:sculk_shrieker",
      "required": false
    },
    {
      "id": "minecraft:sculk_vein",
      "required": false
    },
    "minecraft:scute",
    "minecraft:sea_lantern",
    "minecraft:sea_pickle",
    "minecraft:seagrass",
    "minecraft:shroomlight",
    "minecraft:shulker_shell",
    "minecraft:skeleton_skull",
    "minecraft:slime_ball",
    "minecraft:slime_block",
    "minecraft:small_amethyst_bud",
    "minecraft:spectral_arrow",
    "minecraft:sponge",
    "minecraft:spore_blossom",
    "minecraft:sticky_piston",
    "minecraft:tnt",
    "minecraft:turtle_egg",
    {
      "id": "minecraft:verdant_froglight",
      "required": false
    },
    "minecraft:wither_rose",
    "minecraft:wither_skeleton_skull",
    "minecraft:zombie_head"
  ]
}