{
  "values": [
    "minecraft:acacia_boat",
    {
      "id": "minecraft:acacia_chest_boat",
      "required": false
    },
    "minecraft:axolotl_bucket",
    "minecraft:beetroot_soup",
    "minecraft:birch_boat",
    {
      "id": "minecraft:birch_chest_boat",
      "required": false
    },
    "minecraft:blue_bed",
    "minecraft:blue_shulker_box",
    "minecraft:bow",
    "minecraft:brown_bed",
    "minecraft:bundle",
    "minecraft:cake",
    "minecraft:chainmail_boots",
    "minecraft:chainmail_chestplate",
    "minecraft:chainmail_helmet",
    "minecraft:chainmail_leggings",
    "minecraft:clock",
    "minecraft:cod_bucket",
    "minecraft:compass",
    "minecraft:crossbow",
    "minecraft:cyan_bed",
    "minecraft:cyan_shulker_box",
    "minecraft:dark_oak_boat",
    {
      "id": "minecraft:dark_oak_chest_boat",
      "required": false
    },
    "minecraft:diamond_axe",
    "minecraft:diamond_boots",
    "minecraft:diamond_chestplate",
    "minecraft:diamond_helmet",
    "minecraft:diamond_hoe",
    "minecraft:diamond_horse_armor",
    "minecraft:diamond_leggings",
    "minecraft:diamond_pickaxe",
    "minecraft:diamond_shovel",
    "minecraft:elytra",
    "minecraft:flint_and_steel",
    "minecraft:golden_axe",
    "minecraft:golden_boots",
    "minecraft:golden_chestplate",
    "minecraft:golden_helmet",
    "minecraft:golden_hoe",
    "minecraft:golden_horse_armor",
    "minecraft:golden_leggings",
    "minecraft:golden_pickaxe",
    "minecraft:golden_shovel",
    "minecraft:golden_sword",
    "minecraft:gray_shulker_box",
    "minecraft:green_bed",
    "minecraft:green_shulker_box",
    "minecraft:hopper_minecart",
    "minecraft:iron_axe",
    "minecraft:iron_boots",
    "minecraft:iron_chestplate",
    "minecraft:iron_door",
    "minecraft:iron_helmet",
    "minecraft:iron_hoe",
    "minecraft:iron_horse_armor",
    "minecraft:iron_leggings",
    "minecraft:iron_pickaxe",
    "minecraft:iron_shovel",
    "minecraft:iron_sword",
    "minecraft:jungle_boat",
    {
      "id": "minecraft:jungle_chest_boat",
      "required": false
    },
    "minecraft:lava_bucket",
    "minecraft:leather_boots",
    "minecraft:leather_chestplate",
    "minecraft:leather_helmet",
    "minecraft:leather_horse_armor",
    "minecraft:leather_leggings",
    "minecraft:light_blue_bed",
    "minecraft:light_blue_shulker_box",
    "minecraft:light_gray_bed",
    "minecraft:light_gray_shulker_box",
    "minecraft:lime_bed",
    "minecraft:lime_shulker_box",
    "minecraft:magenta_bed",
    "minecraft:magenta_shulker_box",
    {
      "id": "minecraft:mangrove_boat",
      "required": false
    },
    {
      "id": "minecraft:mangrove_chest_boat",
      "required": false
    },
    "minecraft:milk_bucket",
    "minecraft:minecart",
    "minecraft:mushroom_stew",
    "minecraft:music_disc_11",
    "minecraft:music_disc_13",
    {
      "id": "minecraft:music_disc_5",
      "required": false
    },
    "minecraft:music_disc_blocks",
    "minecraft:music_disc_cat",
    "minecraft:music_disc_chirp",
    "minecraft:music_disc_far",
    "minecraft:music_disc_mall",
    "minecraft:music_disc_mellohi",
    "minecraft:music_disc_otherside",
    "minecraft:music_disc_pigstep",
    "minecraft:music_disc_stal",
    "minecraft:music_disc_strad",
    "minecraft:music_disc_wait",
    "minecraft:music_disc_ward",
    "minecraft:name_tag",
    "minecraft:netherite_axe",
    "minecraft:netherite_boots",
    "minecraft:netherite_chestplate",
    "minecraft:netherite_helmet",
    "minecraft:netherite_hoe",
    "minecraft:netherite_leggings",
    "minecraft:netherite_pickaxe",
    "minecraft:netherite_shovel",
    "minecraft:netherite_sword",
    "minecraft:oak_boat",
    {
      "id": "minecraft:oak_chest_boat",
      "required": false
    },
    "minecraft:orange_bed",
    "minecraft:orange_shulker_box",
    "minecraft:pink_bed",
    "minecraft:pink_shulker_box",
    "minecraft:powder_snow_bucket",
    "minecraft:pufferfish_bucket",
    "minecraft:purple_bed",
    "minecraft:purple_shulker_box",
    "minecraft:rabbit_stew",
    {
      "id": "minecraft:recovery_compass",
      "required": false
    },
    "minecraft:red_bed",
    "minecraft:red_shulker_box",
    "minecraft:saddle",
    "minecraft:salmon_bucket",
    "minecraft:shears",
    "minecraft:shield",
    "minecraft:shulker_box",
    "minecraft:spruce_boat",
    {
      "id": "minecraft:spruce_chest_boat",
      "required": false
    },
    "minecraft:spyglass",
    "minecraft:stone_axe",
    "minecraft:stone_hoe",
    "minecraft:stone_pickaxe",
    "minecraft:stone_shovel",
    "minecraft:stone_sword",
    "minecraft:suspicious_stew",
    {
      "id": "minecraft:tadpole_bucket",
      "required": false
    },
    "minecraft:tnt_minecart",
    "minecraft:totem_of_undying",
    "minecraft:trident",
    "minecraft:tropical_fish_bucket",
    "minecraft:turtle_helmet",
    "minecraft:water_bucket",
    "minecraft:white_bed",
    "minecraft:white_shulker_box",
    "minecraft:wooden_axe",
    "minecraft:wooden_hoe",
    "minecraft:wooden_pickaxe",
    "minecraft:wooden_shovel",
    "minecraft:wooden_sword",
    "minecraft:yellow_bed",
    "minecraft:yellow_shulker_box"
  ]
}