{
  "values": [
    "minecraft:axolotl_bucket",
    "minecraft:blue_shulker_box",
    "minecraft:bundle",
    "minecraft:cake",
    "minecraft:chainmail_boots",
    "minecraft:chainmail_chestplate",
    "minecraft:chainmail_helmet",
    "minecraft:chainmail_leggings",
    "minecraft:cyan_shulker_box",
    "minecraft:diamond_axe",
    "minecraft:diamond_boots",
    "minecraft:diamond_chestplate",
    "minecraft:diamond_helmet",
    "minecraft:diamond_hoe",
    "minecraft:diamond_horse_armor",
    "minecraft:diamond_leggings",
    "minecraft:diamond_pickaxe",
    "minecraft:diamond_shovel",
    "minecraft:elytra",
    "minecraft:golden_axe",
    "minecraft:golden_boots",
    "minecraft:golden_chestplate",
    "minecraft:golden_helmet",
    "minecraft:golden_hoe",
    "minecraft:golden_horse_armor",
    "minecraft:golden_leggings",
    "minecraft:golden_pickaxe",
    "minecraft:golden_shovel",
    "minecraft:golden_sword",
    "minecraft:gray_shulker_box",
    "minecraft:green_shulker_box",
    "minecraft:iron_axe",
    "minecraft:iron_boots",
    "minecraft:iron_chestplate",
    "minecraft:iron_helmet",
    "minecraft:iron_hoe",
    "minecraft:iron_horse_armor",
    "minecraft:iron_leggings",
    "minecraft:iron_pickaxe",
    "minecraft:iron_shovel",
    "minecraft:iron_sword",
    "minecraft:light_blue_shulker_box",
    "minecraft:light_gray_shulker_box",
    "minecraft:lime_shulker_box",
    "minecraft:magenta_shulker_box",
    "minecraft:music_disc_11",
    "minecraft:music_disc_13",
    {
      "id": "minecraft:music_disc_5",
      "required": false
    },
    "minecraft:music_disc_blocks",
    "minecraft:music_disc_cat",
    "minecraft:music_disc_chirp",
    "minecraft:music_disc_far",
    "minecraft:music_disc_mall",
    "minecraft:music_disc_mellohi",
    "minecraft:music_disc_otherside",
    "minecraft:music_disc_pigstep",
    "minecraft:music_disc_stal",
    "minecraft:music_disc_strad",
    "minecraft:music_disc_wait",
    "minecraft:music_disc_ward",
    "minecraft:name_tag",
    "minecraft:netherite_axe",
    "minecraft:netherite_boots",
    "minecraft:netherite_chestplate",
    "minecraft:netherite_helmet",
    "minecraft:netherite_hoe",
    "minecraft:netherite_leggings",
    "minecraft:netherite_pickaxe",
    "minecraft:netherite_shovel",
    "minecraft:netherite_sword",
    "minecraft:orange_shulker_box",
    "minecraft:pink_shulker_box",
    "minecraft:powder_snow_bucket",
    "minecraft:pufferfish_bucket",
    "minecraft:purple_shulker_box",
    {
      "id": "minecraft:recovery_compass",
      "required": false
    },
    "minecraft:red_shulker_box",
    "minecraft:saddle",
    "minecraft:shulker_box",
    {
      "id": "minecraft:tadpole_bucket",
      "required": false
    },
    "minecraft:tnt_minecart",
    "minecraft:totem_of_undying",
    "minecraft:trident",
    "minecraft:tropical_fish_bucket",
    "minecraft:turtle_helmet",
    "minecraft:white_shulker_box",
    "minecraft:yellow_shulker_box"
  ]
}