{
    "powers": [
        "toomanyorigins:burn_timer",
        "toomanyorigins:deathly_bite",
        "toomanyorigins:no_helmet_burn",
        "toomanyorigins:opposite_day",
        "toomanyorigins:cannibalism",
        "toomanyorigins:lacerated_liver",
        "toomanyorigins:damage_helmet_when_in_sun",
        "toomanyorigins:unholy",
        "toomanyorigins:zombify_hit",
        "toomanyorigins:undead_immunities",
        "toomanyorigins:undead_callback"
    ],
    "icon": "minecraft:rotten_flesh",
    "order": 3,
    "impact": 2,
    "loading_priority": 100,
    "unchoosable": true
}