{
    "powers": [
        "toomanyorigins:wither_toxins",
        "origins:nether_spawn",
        "toomanyorigins:black_thumb",
        "toomanyorigins:weariness",
        "toomanyorigins:scorched_structure",
        "toomanyorigins:soul_shield",
        "toomanyorigins:soul_shield_overlay",
        "toomanyorigins:wither_immunity",
        "toomanyorigins:unholy"
    ],
    "icon": "minecraft:wither_rose",
    "order": 4,
    "impact": 3,
    "loading_priority": 100,
    "unchoosable": true
}