{
	"name": "Lightning Strike",
	"description": "Summon lightning wherever you point.",
	"type": "origins:active_self",
	"entity_action": {
		"type": "origins:and",
		"actions": [
			{
				"type": "origins:raycast",
				"distance": 100,
				"block": true,
				"entity": true,
				"shape_type": "visual",
				"fluid_handling": "any",
				"bientity_action": {
					"type": "origins:target_action",
					"action": {
						"type": "origins:and",
						"actions": [
							{
								"type": "origins:execute_command",
								"command": "particle glow ~ ~ ~ 1 1 1 0.2 100"
							},
							{
								"type": "origins:execute_command",
								"command": "particle electric_spark ~ ~ ~ 1.5 1.5 1.5 0.2 300"
							},
							{
								"type": "origins:play_sound",
								"sound": "minecraft:item.trident.thunder",
								"volume": 1,
								"pitch": 2
							}
						]
					}
				},
				"block_action": {
					"type": "origins:and",
					"actions": [
						{
							"type": "origins:execute_command",
							"command": "particle glow ~ ~ ~ 1 1 1 0.2 100"
						},
						{
							"type": "origins:execute_command",
							"command": "particle electric_spark ~ ~ ~ 1.5 1.5 1.5 0.2 300"
						},
						{
							"type": "origins:execute_command",
							"command": "playsound minecraft:item.trident.thunder ambient @a[distance=..30] ~ ~ ~ 1 2"
						}
					]
				},
				"command_at_hit": "summon lightning_bolt ~ ~ ~",
				"command_step": 1,
				"command_along_ray_only_on_hit": false
			},
			{
				"type": "origins:play_sound",
				"sound": "minecraft:item.trident.thunder",
				"volume": 1,
				"pitch": 2
			},
			{
				"type": "origins:swing_hand",
				"hand": "MAIN_HAND"
			},
			{
				"type": "origins:execute_command",
				"command": "particle glow ^ ^1 ^1 0.25 0.25 0.25 0.2 25"
			}
		]
	},
	"cooldown": 110,
	"hud_render": {
		"should_render": true,
		"sprite_location": "origins:textures/gui/community/spiderkolo/resource_bar_02.png",
		"bar_index": 8
	},
	"key": {
		"key": "secondary",
		"continuous": true
	}
}