{
    "name": "Reflective",
    "description": "You glow when in sunlight or standing near bright sources of light.",
    "condition": {
        "type": "origins:or",
        "conditions": [
            {
                "type": "origins:exposed_to_sun"
            },
            {
                "type": "origins:in_block",
                "block_condition": {
                    "type": "origins:light_level",
                    "light_type": "block",
                    "comparison": ">",
                    "compare_to": 7
                }
            }
        ]
    },
    "type": "origins:self_glow",
    "use_teams": false,
    "red": 0,
    "green": 0.75,
    "blue": 0.8
}