{
    "name": "Intangible",
    "description": "Walk through blocks as if they were air.",
    "type": "origins:multiple",
    "ph": {
        "condition": {
            "type": "origins:power_active",
            "power": "author:phase_tap"
        },
        "type": "origins:phasing",
        "block_condition": {
            "type": "origins:in_tag",
            "tag": "origins:unphasable"
        },
        "blacklist": true,
        "render_type": "blindness",
        "view_distance": 10,
        "phase_down_condition": {
            "type": "origins:and",
            "conditions": [
                {
                    "type": "origins:sneaking"
                },
                {
                    "type": "origins:on_block"
                }
            ]
        }
    },
    "tap": {
        "condition": {
            "type": "origins:food_level",
            "comparison": ">",
            "compare_to": 6
        },
        "type": "origins:toggle",
        "active_by_default": true,
        "key": {
            "key": "key.origins.primary_active",
            "continuous": false
        },
        "retain_state": false
    },
    "green": {
        "hidden": true,
        "condition": {
            "type": "origins:and",
            "conditions": [
                {
                    "type": "origins:power_active",
                    "power": "author:phase_tap"
                },
                {
                    "type": "origins:food_level",
                    "comparison": ">",
                    "compare_to": 10
                }
            ]
        },
        "type": "origins:overlay",
        "texture": "minecraft:textures/misc/nausea.png",
        "strength": 0.7,
        "red": 0.2,
        "green": 0.4,
        "blue": 0.2,
        "draw_mode": "nausea",
        "draw_phase": "above_hud",
        "hide_with_hud": true,
        "visible_in_third_person": true
    },
    "orange": {
        "hidden": true,
        "condition": {
            "type": "origins:and",
            "conditions": [
                {
                    "type": "origins:power_active",
                    "power": "author:phase_tap"
                },
                {
                    "type": "origins:food_level",
                    "comparison": "<=",
                    "compare_to": 10
                },
                {
                    "type": "origins:food_level",
                    "comparison": ">",
                    "compare_to": 8
                }
            ]
        },
        "type": "origins:overlay",
        "texture": "minecraft:textures/misc/nausea.png",
        "strength": 0.7,
        "red": 0.3,
        "green": 0.3,
        "blue": 0.2,
        "draw_mode": "nausea",
        "draw_phase": "above_hud",
        "hide_with_hud": true,
        "visible_in_third_person": true
    },
    "red": {
        "hidden": true,
        "condition": {
            "type": "origins:and",
            "conditions": [
                {
                    "type": "origins:power_active",
                    "power": "author:phase_tap"
                },
                {
                    "type": "origins:food_level",
                    "comparison": "<=",
                    "compare_to": 8
                }
            ]
        },
        "type": "origins:overlay",
        "texture": "minecraft:textures/misc/nausea.png",
        "strength": 0.7,
        "red": 0.4,
        "green": 0.2,
        "blue": 0.2,
        "draw_mode": "nausea",
        "draw_phase": "above_hud",
        "hide_with_hud": true,
        "visible_in_third_person": true
    },
    "hungy": {
        "condition": {
            "type": "origins:power_active",
            "power": "author:phase_tap"
        },
        "type": "origins:exhaust",
        "interval": 20,
        "exhaustion": 0.812
    }
}