{
    "name": "Appetite For Destruction",
    "description": "You can eat TNT, once eaten the next time you Shift you create an explosion, not damaging you.",
    "type": "origins:multiple",
    "has": {
        "type": "origins:resource",
        "min": 0,
        "max": 1,
        "start_value": 0,
        "hud_render": {
            "should_render": true,
            "sprite_location": "origins:textures/gui/community/huang/resource_bar_02.png",
            "bar_index": 2,
            "condition": {
                "type": "origins:resource",
                "resource": "*:pig/tnt_has",
                "comparison": "==",
                "compare_to": 1
            }
        }
    },
    "eat": {
        "condition": {
            "type": "origins:and",
            "conditions": [
                {
                    "type": "origins:resource",
                    "resource": "*:pig/tnt_has",
                    "comparison": "==",
                    "compare_to": 0
                },
                {
                    "type": "origins:or",
                    "conditions": [
                        {
                            "type": "origins:equipped_item",
                            "equipment_slot": "mainhand",
                            "item_condition": {
                                "type": "origins:ingredient",
                                "ingredient": {
                                    "item": "tnt"
                                }
                            }
                        },
                        {
                            "type": "origins:equipped_item",
                            "equipment_slot": "offhand",
                            "item_condition": {
                                "type": "origins:ingredient",
                                "ingredient": {
                                    "item": "tnt"
                                }
                            }
                        }
                    ]
                }
            ]
        },
        "type": "origins:active_self",
        "entity_action": {
            "type": "origins:and",
            "actions": [
                {
                    "type": "origins:execute_command",
                    "command": "clear @s tnt 1"
                },
                {
                    "type": "origins:execute_command",
                    "command": "particle item tnt ^ ^0.5 ^0.5 0.5 0.5 0.5 0 25"
                },
                {
                    "type": "origins:change_resource",
                    "resource": "*:pig/tnt_has",
                    "change": 1,
                    "operation": "add"
                },
                {
                    "type": "origins:play_sound",
                    "sound": "minecraft:entity.horse.eat",
                    "volume": 1,
                    "pitch": 1.5
                }
            ]
        },
        "cooldown": 10,
        "hud_render": {
            "should_render": false
        },
        "key": {
            "key": "key.attack"
        }
    },
    "assplode": {
        "condition": {
            "type": "origins:and",
            "conditions": [
                {
                    "type": "origins:resource",
                    "resource": "*:pig/tnt_has",
                    "comparison": "==",
                    "compare_to": 1
                },
                {
                    "type": "origins:sneaking"
                }
            ]
        },
        "type": "origins:action_over_time",
        "interval": 1,
        "rising_action": {
            "type": "origins:and",
            "actions": [
                {
                    "type": "origins:change_resource",
                    "resource": "*:pig/tnt_has",
                    "change": -1,
                    "operation": "add"
                },
                {
                    "type": "origins:explode",
                    "power": 5,
                    "destruction_type": "break",
                    "damage_self": false
                },
                {
                    "type": "origins:execute_command",
                    "command": "particle explosion ~ ~ ~ 1 1 1 0 25"
                }
            ]
        }
    }
}