{
    "name": "§6§nI need to charge",
    "description": "Consequently, since you cannot sleep, you must charge. You must stand on a redstone block whenever, but after three days, you get a weakness debuff if you haven't stood on a redstone block.",
    "type": "origins:multiple",
    "timer": {
        "type": "origins:resource",
        "min": 0,
        "max": 72000,
        "start_value": 72000,
        "hud_render": {
            "should_render": true,
            "sprite_location": "origins:textures/gui/community/spiderkolo/resource_bar_02.png",
            "bar_index": 14
        }
    },
    "decay": {
        "condition": {
            "inverted": true,
            "type": "origins:on_block",
            "block_condition": {
                "type": "origins:block",
                "block": "redstone_block"
            }
        },
        "type": "origins:action_over_time",
        "interval": 1,
        "entity_action": {
            "type": "origins:change_resource",
            "resource": "*:charge_timer",
            "change": -1,
            "operation": "add"
        }
    },
    "weak": {
        "condition": {
            "type": "origins:resource",
            "resource": "*:charge_timer",
            "comparison": "==",
            "compare_to": 0
        },
        "type": "origins:stacking_status_effect",
        "min_stacks": 1,
        "max_stacks": 300,
        "duration_per_stack": 200,
        "tick_rate": 5,
        "effect": {
            "effect": "weakness",
            "duration": 100,
            "amplifier": 1,
            "show_particles": false,
            "show_icon": true
        }
    },
    "gain": {
        "condition": {
            "type": "origins:and",
            "conditions": [
                {
                    "type": "origins:resource",
                    "resource": "*:charge_timer",
                    "comparison": "!=",
                    "compare_to": 72000
                },
                {
                    "type": "origins:on_block",
                    "block_condition": {
                        "type": "origins:block",
                        "block": "redstone_block"
                    }
                }
            ]
        },
        "type": "origins:action_over_time",
        "interval": 5,
        "entity_action": {
            "type": "origins:and",
            "actions": [
                {
                    "type": "origins:execute_command",
                    "command": "particle dust 1.000 0.000 0.000 1 ~ ~ ~ 0.3 0.1 0.3 0 3"
                },
                {
                    "type": "origins:change_resource",
                    "resource": "*:charge_timer",
                    "change": 200,
                    "operation": "add"
                }
            ]
        }
    }
}