{
    "name": "§1§nVolatile Being",
    "description": "Grow and shrink, your body is maleable.",
    "type": "origins:multiple",
    "form": {
        "type": "origins:resource",
        "min": 1,
        "max": 4,
        "start_value": 1,
        "hud_render": {
            "should_render": false
        }
    },
    "swap": {
        "type": "origins:active_self",
        "entity_action": {
            "type": "origins:if_else_list",
            "actions": [
                {
                    "condition": {
                        "type": "origins:resource",
                        "resource": "*:eldritch/sizeswap_form",
                        "comparison": "==",
                        "compare_to": 4
                    },
                    "action": {
                        "type": "origins:and",
                        "actions": [
                            {
                                "type": "origins:execute_command",
                                "command": "scale set pehkui:height 1 @s"
                            },
                            {
                                "type": "origins:execute_command",
                                "command": "scale set pehkui:width 1 @s"
                            },
                            {
                                "type": "origins:delay",
                                "action": {
                                    "type": "origins:change_resource",
                                    "resource": "*:eldritch/sizeswap_form",
                                    "change": 1,
                                    "operation": "set"
                                },
                                "ticks": 2
                            }
                        ]
                    }
                },
                {
                    "condition": {
                        "type": "origins:resource",
                        "resource": "*:eldritch/sizeswap_form",
                        "comparison": "==",
                        "compare_to": 1
                    },
                    "action": {
                        "type": "origins:and",
                        "actions": [
                            {
                                "type": "origins:execute_command",
                                "command": "scale set pehkui:height 1.5 @s"
                            },
                            {
                                "type": "origins:execute_command",
                                "command": "scale set pehkui:width 1.5 @s"
                            },
                            {
                                "type": "origins:delay",
                                "action": {
                                    "type": "origins:change_resource",
                                    "resource": "*:eldritch/sizeswap_form",
                                    "change": 2,
                                    "operation": "set"
                                },
                                "ticks": 2
                            }
                        ]
                    }
                },
                {
                    "condition": {
                        "type": "origins:resource",
                        "resource": "*:eldritch/sizeswap_form",
                        "comparison": "==",
                        "compare_to": 2
                    },
                    "action": {
                        "type": "origins:and",
                        "actions": [
                            {
                                "type": "origins:execute_command",
                                "command": "scale set pehkui:height 0.4 @s"
                            },
                            {
                                "type": "origins:execute_command",
                                "command": "scale set pehkui:width 0.4 @s"
                            },
                            {
                                "type": "origins:delay",
                                "action": {
                                    "type": "origins:change_resource",
                                    "resource": "*:eldritch/sizeswap_form",
                                    "change": 3,
                                    "operation": "set"
                                },
                                "ticks": 2
                            }
                        ]
                    }
                },
                {
                    "condition": {
                        "type": "origins:resource",
                        "resource": "*:eldritch/sizeswap_form",
                        "comparison": "==",
                        "compare_to": 3
                    },
                    "action": {
                        "type": "origins:and",
                        "actions": [
                            {
                                "type": "origins:execute_command",
                                "command": "scale set pehkui:height 0.15 @s"
                            },
                            {
                                "type": "origins:execute_command",
                                "command": "scale set pehkui:width 0.15 @s"
                            },
                            {
                                "type": "origins:delay",
                                "action": {
                                    "type": "origins:change_resource",
                                    "resource": "*:eldritch/sizeswap_form",
                                    "change": 4,
                                    "operation": "set"
                                },
                                "ticks": 2
                            }
                        ]
                    }
                }
            ]
        },
        "cooldown": 20,
        "hud_render": {
            "should_render": true,
            "sprite_location": "origins:textures/gui/community/spiderkolo/resource_bar_03.png",
            "bar_index": 21
        },
        "key": {
            "key": "secondary",
            "continuous": true
        }
    },
    "l_hp": {
        "condition": {
            "type": "origins:resource",
            "resource": "*:eldritch/sizeswap_form",
            "comparison": "==",
            "compare_to": 2
        },
        "type": "origins:conditioned_attribute",
        "modifier": {
            "attribute": "generic.max_health",
            "operation": "addition",
            "value": 6
        },
        "tick_rate": 1,
        "update_health": true
    },
    "s_hp": {
        "condition": {
            "type": "origins:resource",
            "resource": "*:eldritch/sizeswap_form",
            "comparison": "==",
            "compare_to": 3
        },
        "type": "origins:conditioned_attribute",
        "modifier": {
            "attribute": "generic.max_health",
            "operation": "addition",
            "value": -6
        },
        "tick_rate": 1,
        "update_health": true
    },
    "t_hp": {
        "condition": {
            "type": "origins:resource",
            "resource": "*:eldritch/sizeswap_form",
            "comparison": "==",
            "compare_to": 4
        },
        "type": "origins:conditioned_attribute",
        "modifier": {
            "attribute": "generic.max_health",
            "operation": "addition",
            "value": -10
        },
        "tick_rate": 1,
        "update_health": true
    }
}