{
    "name": "§4§nSunlight Sensitivity",
    "description": "Your damage is reduced in sunlight.",
    "type": "origins:multiple",
    "dmg": {
        "condition": {
            "type": "origins:exposed_to_sun"
        },
        "type": "origins:modify_damage_dealt",
        "modifier": {
            "operation": "multiply_total",
            "value": -0.3
        }
    },
    "speed": {
        "condition": {
            "type": "origins:exposed_to_sun"
        },
        "type": "origins:conditioned_attribute",
        "modifier": {
            "operation": "multiply_total",
            "value": -0.65,
            "attribute": "generic.movement_speed"
        },
        "tick_rate": 1,
        "update_health": false
    }
}