{
	"parent": "item/generated",
	"textures": {
		"layer0": "item/quartz"
	},
	"overrides": [
		{
			"predicate": {
				"custom_model_data": 1
			},
			"model": "custom/sun"
		},
		{
			"predicate": {
				"custom_model_data": 2
			},
			"model": "custom/sun2"
		},
		{
			"predicate": {
				"custom_model_data": 3
			},
			"model": "custom/moon"
		},
		{
			"predicate": {
				"custom_model_data": 4
			},
			"model": "custom/moon2"
		},
		{
			"predicate": {
				"custom_model_data": 5
			},
			"model": "custom/moon3"
		},
		{
			"predicate": {
				"custom_model_data": 6
			},
			"model": "custom/moon4"
		},
		{
			"predicate": {
				"custom_model_data": 7
			},
			"model": "custom/rays"
		},
		{
			"predicate": {
				"custom_model_data": 8
			},
			"model": "custom/rays2"
		}
	]
}