{
    "hidden": true,
    "condition": {
        "type": "origins:resource",
        "resource": "*:tails_tap",
        "comparison": "==",
        "compare_to": 1
    },
    "type": "origins:action_over_time",
    "interval": 1,
    "entity_action": {
        "type": "origins:if_else_list",
        "actions": [
            {
                "condition": {
                    "type": "origins:and",
                    "conditions": [
                        {
                            "type": "origins:resource",
                            "resource": "*:tails_bit",
                            "comparison": "==",
                            "compare_to": 1
                        }
                    ]
                },
                "action": {
                    "type": "origins:and",
                    "actions": [
                        {
                            "type": "origins:execute_command",
                            "command": "function blue:one"
                        }
                    ]
                }
            },
            {
                "condition": {
                    "type": "origins:and",
                    "conditions": [
                        {
                            "type": "origins:resource",
                            "resource": "*:tails_bit",
                            "comparison": "==",
                            "compare_to": 2
                        }
                    ]
                },
                "action": {
                    "type": "origins:and",
                    "actions": [
                        {
                            "type": "origins:execute_command",
                            "command": "function blue:two"
                        }
                    ]
                }
            },
            {
                "condition": {
                    "type": "origins:and",
                    "conditions": [
                        {
                            "type": "origins:resource",
                            "resource": "*:tails_bit",
                            "comparison": "==",
                            "compare_to": 3
                        }
                    ]
                },
                "action": {
                    "type": "origins:and",
                    "actions": [
                        {
                            "type": "origins:execute_command",
                            "command": "function blue:three"
                        }
                    ]
                }
            },
            {
                "condition": {
                    "type": "origins:and",
                    "conditions": [
                        {
                            "type": "origins:resource",
                            "resource": "*:tails_bit",
                            "comparison": "==",
                            "compare_to": 4
                        }
                    ]
                },
                "action": {
                    "type": "origins:and",
                    "actions": [
                        {
                            "type": "origins:execute_command",
                            "command": "function blue:four"
                        }
                    ]
                }
            },
            {
                "condition": {
                    "type": "origins:and",
                    "conditions": [
                        {
                            "type": "origins:resource",
                            "resource": "*:tails_bit",
                            "comparison": "==",
                            "compare_to": 5
                        }
                    ]
                },
                "action": {
                    "type": "origins:and",
                    "actions": [
                        {
                            "type": "origins:execute_command",
                            "command": "function blue:five"
                        }
                    ]
                }
            }
        ]
    }
}