{
    "hidden": true,
    "type": "origins:multiple",
    "wall": {
        "condition": {
            "type": "origins:and",
            "conditions": [
                {
                    "type": "origins:or",
                    "conditions": [
                        {
                            "type": "origins:resource",
                            "resource": "*:tails_bit",
                            "comparison": "==",
                            "compare_to": 1
                        },
                        {
                            "type": "origins:resource",
                            "resource": "*:tails_bit",
                            "comparison": "==",
                            "compare_to": 3
                        },
                        {
                            "type": "origins:resource",
                            "resource": "*:tails_bit",
                            "comparison": "==",
                            "compare_to": 5
                        }
                    ]
                },
                {
                    "type": "origins:resource",
                    "resource": "*:tails_tap",
                    "comparison": "==",
                    "compare_to": 1
                }
            ]
        },
        "type": "origins:action_over_time",
        "interval": 1,
        "rising_action": {
            "type": "origins:and",
            "actions": [
                {
                    "type": "origins:execute_command",
                    "command": "power grant @s blue:wall"
                }
            ]
        },
        "falling_action": {
            "type": "origins:and",
            "actions": [
                {
                    "type": "origins:execute_command",
                    "command": "power revoke @s blue:wall"
                }
            ]
        }
    },
    "two": {
        "condition": {
            "type": "origins:and",
            "conditions": [
                {
                    "type": "origins:resource",
                    "resource": "*:tails_bit",
                    "comparison": "==",
                    "compare_to": 2
                },
                {
                    "type": "origins:resource",
                    "resource": "*:tails_tap",
                    "comparison": "==",
                    "compare_to": 1
                }
            ]
        },
        "type": "origins:action_over_time",
        "interval": 1,
        "rising_action": {
            "type": "origins:and",
            "actions": [
                {
                    "type": "origins:execute_command",
                    "command": "power grant @s blue:two"
                }
            ]
        },
        "falling_action": {
            "type": "origins:and",
            "actions": [
                {
                    "type": "origins:execute_command",
                    "command": "power revoke @s blue:two"
                }
            ]
        }
    }
}