{
    "hidden": true,
    "type": "origins:multiple",
    "fx": {
        "condition": {
            "type": "origins:and",
            "conditions": [
                {
                    "type": "origins:resource",
                    "resource": "*:tails_tap",
                    "comparison": "==",
                    "compare_to": 1
                },
                {
                    "type": "origins:resource",
                    "resource": "*:tails_bit",
                    "comparison": "==",
                    "compare_to": 1
                }
            ]
        },
        "type": "origins:action_over_time",
        "interval": 25,
        "entity_action": {
            "type": "origins:apply_effect",
            "effects": [
                {
                    "effect": "speed",
                    "duration": 35,
                    "amplifier": 6,
                    "show_particles": false,
                    "show_icon": true
                },
                {
                    "effect": "strength",
                    "duration": 35,
                    "amplifier": 0,
                    "show_particles": false,
                    "show_icon": true
                },
                {
                    "effect": "jump_boost",
                    "duration": 35,
                    "amplifier": 0,
                    "show_particles": false,
                    "show_icon": true
                }
            ]
        }
    },
    "speed": {
        "condition": {
            "type": "origins:and",
            "conditions": [
                {
                    "type": "origins:resource",
                    "resource": "*:tails_tap",
                    "comparison": "==",
                    "compare_to": 1
                },
                {
                    "type": "origins:resource",
                    "resource": "*:tails_bit",
                    "comparison": "==",
                    "compare_to": 1
                }
            ]
        },
        "type": "origins:conditioned_attribute",
        "modifier": {
            "attribute": "generic.attack_speed",
            "operation": "multiply_total",
            "value": 0.25
        },
        "tick_rate": 1,
        "update_health": false
    },
    "hit": {
        "condition": {
            "type": "origins:and",
            "conditions": [
                {
                    "type": "origins:resource",
                    "resource": "*:tails_tap",
                    "comparison": "==",
                    "compare_to": 1
                },
                {
                    "type": "origins:or",
                    "conditions": [
                        {
                            "type": "origins:resource",
                            "resource": "*:tails_bit",
                            "comparison": "==",
                            "compare_to": 1
                        },
                        {
                            "type": "origins:resource",
                            "resource": "*:tails_bit",
                            "comparison": "==",
                            "compare_to": 3
                        },
                        {
                            "type": "origins:resource",
                            "resource": "*:tails_bit",
                            "comparison": "==",
                            "compare_to": 5
                        }
                    ]
                }
            ]
        },
        "type": "origins:action_on_hit",
        "bientity_action": {
            "type": "origins:target_action",
            "action": {
                "type": "origins:execute_command",
                "command": "particle soul_fire_flame ~ ~1 ~ 0.25 0.25 0.25 0 25"
            }
        },
        "cooldown": 0,
        "hud_render": {
            "should_render": false
        }
    }
}