{
    "hidden": true,
    "type": "origins:action_on_callback",
    "entity_action_chosen": {
        "type": "origins:and",
        "actions": [
            {
                "type": "origins:execute_command",
                "command": "tag @s add blue",
                "permission_level": 4
            }
        ]
    },
    "execute_chosen_when_orb": true,
    "entity_action_lost": {
        "type": "origins:and",
        "actions": [
            {
                "type": "origins:execute_command",
                "command": "tag @s remove blue",
                "permission_level": 4
            },
            {
                "type": "origins:execute_command",
                "command": "power revoke @s blue:two"
            },
            {
                "type": "origins:execute_command",
                "command": "power revoke @s blue:wall"
            },
            {
                "type": "origins:execute_command",
                "command": "kill @e[tag=circle]"
            }
        ]
    }
}