{
    "name": "Tails",
    "description": "Select the amount of tails you want to invoke with Secondary, and activate them with Primary.",
    "badges": [
        {
            "sprite": "origins:textures/gui/badge/star.png",
            "text": "Hold Shift to reverse the order of selection."
        }
    ],
    "type": "origins:multiple",
    "bit": {
        "type": "origins:resource",
        "min": 0,
        "max": 7,
        "start_value": 1,
        "hud_render": {
            "should_render": true,
            "sprite_location": "origins:textures/gui/community/spiderkolo/resource_bar_points_01.png",
            "bar_index": 7
        }
    },
    "pick": {
        "condition": {
            "inverted": true,
            "type": "origins:sneaking"
        },
        "type": "origins:active_self",
        "entity_action": {
            "type": "origins:if_else_list",
            "actions": [
                {
                    "condition": {
                        "type": "origins:resource",
                        "resource": "*:*_bit",
                        "comparison": "==",
                        "compare_to": 5
                    },
                    "action": {
                        "type": "origins:and",
                        "actions": [
                            {
                                "type": "origins:change_resource",
                                "resource": "*:*_bit",
                                "change": 1,
                                "operation": "set"
                            },
                            {
                                "type": "origins:execute_command",
                                "command": "title @s actionbar {\"text\":\"§3§nOne Tail\"}"
                            }
                        ]
                    }
                },
                {
                    "condition": {
                        "type": "origins:resource",
                        "resource": "*:*_bit",
                        "comparison": "==",
                        "compare_to": 1
                    },
                    "action": {
                        "type": "origins:and",
                        "actions": [
                            {
                                "type": "origins:change_resource",
                                "resource": "*:*_bit",
                                "change": 2,
                                "operation": "set"
                            },
                            {
                                "type": "origins:execute_command",
                                "command": "title @s actionbar {\"text\":\"§3§nTwo Tails\"}"
                            }
                        ]
                    }
                },
                {
                    "condition": {
                        "type": "origins:resource",
                        "resource": "*:*_bit",
                        "comparison": "==",
                        "compare_to": 2
                    },
                    "action": {
                        "type": "origins:and",
                        "actions": [
                            {
                                "type": "origins:change_resource",
                                "resource": "*:*_bit",
                                "change": 3,
                                "operation": "set"
                            },
                            {
                                "type": "origins:execute_command",
                                "command": "title @s actionbar {\"text\":\"§3§nThree Tails\"}"
                            }
                        ]
                    }
                },
                {
                    "condition": {
                        "type": "origins:resource",
                        "resource": "*:*_bit",
                        "comparison": "==",
                        "compare_to": 3
                    },
                    "action": {
                        "type": "origins:and",
                        "actions": [
                            {
                                "type": "origins:change_resource",
                                "resource": "*:*_bit",
                                "change": 4,
                                "operation": "set"
                            },
                            {
                                "type": "origins:execute_command",
                                "command": "title @s actionbar {\"text\":\"§3§nFour Tails\"}"
                            }
                        ]
                    }
                },
                {
                    "condition": {
                        "type": "origins:resource",
                        "resource": "*:*_bit",
                        "comparison": "==",
                        "compare_to": 4
                    },
                    "action": {
                        "type": "origins:and",
                        "actions": [
                            {
                                "type": "origins:change_resource",
                                "resource": "*:*_bit",
                                "change": 5,
                                "operation": "set"
                            },
                            {
                                "type": "origins:execute_command",
                                "command": "title @s actionbar {\"text\":\"§3§nFive Tails\"}"
                            }
                        ]
                    }
                }
            ]
        },
        "cooldown": 10,
        "hud_render": {
            "should_render": false
        },
        "key": {
            "key": "secondary"
        }
    },
    "reverse": {
        "condition": {
            "type": "origins:sneaking"
        },
        "type": "origins:active_self",
        "entity_action": {
            "type": "origins:if_else_list",
            "actions": [
                {
                    "condition": {
                        "type": "origins:resource",
                        "resource": "*:*_bit",
                        "comparison": "==",
                        "compare_to": 1
                    },
                    "action": {
                        "type": "origins:and",
                        "actions": [
                            {
                                "type": "origins:change_resource",
                                "resource": "*:*_bit",
                                "change": 5,
                                "operation": "set"
                            },
                            {
                                "type": "origins:execute_command",
                                "command": "title @s actionbar {\"text\":\"§3§nFive Tails\"}"
                            }
                        ]
                    }
                },
                {
                    "condition": {
                        "type": "origins:resource",
                        "resource": "*:*_bit",
                        "comparison": "==",
                        "compare_to": 2
                    },
                    "action": {
                        "type": "origins:and",
                        "actions": [
                            {
                                "type": "origins:change_resource",
                                "resource": "*:*_bit",
                                "change": 1,
                                "operation": "set"
                            },
                            {
                                "type": "origins:execute_command",
                                "command": "title @s actionbar {\"text\":\"§3§nOne Tail\"}"
                            }
                        ]
                    }
                },
                {
                    "condition": {
                        "type": "origins:resource",
                        "resource": "*:*_bit",
                        "comparison": "==",
                        "compare_to": 3
                    },
                    "action": {
                        "type": "origins:and",
                        "actions": [
                            {
                                "type": "origins:change_resource",
                                "resource": "*:*_bit",
                                "change": 2,
                                "operation": "set"
                            },
                            {
                                "type": "origins:execute_command",
                                "command": "title @s actionbar {\"text\":\"§3§nTwo Tails\"}"
                            }
                        ]
                    }
                },
                {
                    "condition": {
                        "type": "origins:resource",
                        "resource": "*:*_bit",
                        "comparison": "==",
                        "compare_to": 4
                    },
                    "action": {
                        "type": "origins:and",
                        "actions": [
                            {
                                "type": "origins:change_resource",
                                "resource": "*:*_bit",
                                "change": 3,
                                "operation": "set"
                            },
                            {
                                "type": "origins:execute_command",
                                "command": "title @s actionbar {\"text\":\"§3§nThree Tails\"}"
                            }
                        ]
                    }
                },
                {
                    "condition": {
                        "type": "origins:resource",
                        "resource": "*:*_bit",
                        "comparison": "==",
                        "compare_to": 5
                    },
                    "action": {
                        "type": "origins:and",
                        "actions": [
                            {
                                "type": "origins:change_resource",
                                "resource": "*:*_bit",
                                "change": 4,
                                "operation": "set"
                            },
                            {
                                "type": "origins:execute_command",
                                "command": "title @s actionbar {\"text\":\"§3§nFour Tails\"}"
                            }
                        ]
                    }
                }
            ]
        },
        "cooldown": 5,
        "hud_render": {
            "should_render": false
        },
        "key": {
            "key": "secondary"
        }
    },
    "tap": {
        "type": "origins:resource",
        "min": 0,
        "max": 1,
        "start_value": 0,
        "hud_render": {
            "should_render": false
        }
    },
    "act": {
        "type": "origins:active_self",
        "entity_action": {
            "type": "origins:if_else",
            "condition": {
                "type": "origins:resource",
                "resource": "*:*_tap",
                "comparison": "==",
                "compare_to": 1
            },
            "if_action": {
                "type": "origins:and",
                "actions": [
                    {
                        "type": "origins:execute_command",
                        "command": "title @s actionbar {\"text\":\"§1§lTails Deactivated\"}"
                    },
                    {
                        "type": "origins:play_sound",
                        "sound": "minecraft:item.flintandsteel.use",
                        "volume": 10,
                        "pitch": 0.8
                    },
                    {
                        "type": "origins:delay",
                        "action": {
                            "type": "origins:change_resource",
                            "resource": "*:*_tap",
                            "change": 0,
                            "operation": "set"
                        },
                        "ticks": 2
                    }
                ]
            },
            "else_action": {
                "type": "origins:and",
                "actions": [
                    {
                        "type": "origins:execute_command",
                        "command": "title @s actionbar {\"text\":\"§b§lTails Activated\"}"
                    },
                    {
                        "type": "origins:play_sound",
                        "sound": "minecraft:item.firecharge.use",
                        "volume": 0.3,
                        "pitch": 1.8
                    },
                    {
                        "type": "origins:delay",
                        "action": {
                            "type": "origins:change_resource",
                            "resource": "*:*_tap",
                            "change": 1,
                            "operation": "set"
                        },
                        "ticks": 2
                    }
                ]
            }
        },
        "cooldown": 5,
        "hud_render": {
            "should_render": false
        },
        "key": {
            "key": "primary"
        }
    }
}