{
    "hidden": true,
    "type": "origins:multiple",
    "fx": {
        "condition": {
            "type": "origins:and",
            "conditions": [
                {
                    "type": "origins:resource",
                    "resource": "*:tails_tap",
                    "comparison": "==",
                    "compare_to": 1
                },
                {
                    "type": "origins:resource",
                    "resource": "*:tails_bit",
                    "comparison": "==",
                    "compare_to": 3
                }
            ]
        },
        "type": "origins:action_over_time",
        "interval": 25,
        "entity_action": {
            "type": "origins:apply_effect",
            "effects": [
                {
                    "effect": "speed",
                    "duration": 35,
                    "amplifier": 19,
                    "show_particles": false,
                    "show_icon": true
                },
                {
                    "effect": "strength",
                    "duration": 35,
                    "amplifier": 0,
                    "show_particles": false,
                    "show_icon": true
                },
                {
                    "effect": "jump_boost",
                    "duration": 35,
                    "amplifier": 0,
                    "show_particles": false,
                    "show_icon": true
                }
            ]
        }
    },
    "tog": {
        "condition": {
            "type": "origins:and",
            "conditions": [
                {
                    "type": "origins:resource",
                    "resource": "*:tails_tap",
                    "comparison": "==",
                    "compare_to": 1
                },
                {
                    "type": "origins:resource",
                    "resource": "*:tails_bit",
                    "comparison": "==",
                    "compare_to": 3
                }
            ]
        },
        "type": "origins:toggle",
        "active_by_default": true,
        "key": {
            "key": "key.saveToolbarActivator"
        },
        "retain_state": false
    },
    "fire": {
        "condition": {
            "type": "origins:and",
            "conditions": [
                {
                    "type": "origins:power_active",
                    "power": "*:three_tog"
                },
                {
                    "type": "origins:resource",
                    "resource": "*:tails_tap",
                    "comparison": "==",
                    "compare_to": 1
                },
                {
                    "type": "origins:resource",
                    "resource": "*:tails_bit",
                    "comparison": "==",
                    "compare_to": 3
                }
            ]
        },
        "type": "origins:action_on_hit",
        "bientity_action": {
            "type": "origins:target_action",
            "action": {
                "type": "origins:set_on_fire",
                "duration": 4
            }
        },
        "cooldown": 5,
        "hud_render": {
            "should_render": false
        }
    }
}