{
    "powers": [
        "asteral:fuel_diet",
        "asteral:coal",
        "asteral:coal_block",
        "asteral:charcoal",
        "asteral:blaze_rod",
        "asteral:lava_bucket",
        "asteral:low_hunger_slowness",
        "asteral:water_exhaust",
        "asteral:amped_mining_speed",
        "asteral:amped_iron_ore_active",
        "asteral:amped_gold_ore_active",
        "asteral:amped_diamond_ore_active",
        "asteral:amped_ancient_debris_active",
        "asteral:blue_flame_particles",
        "asteral:cooldown",
        "asteral:cd_boolean",
        "asteral:bar_tick_up",
        "asteral:passive_bar_tick_up",
        "asteral:oak_log",
        "asteral:birch_log",
        "asteral:spruce_log",
        "asteral:dark_oak_log",
        "asteral:acacia_log",
        "asteral:jungle_log"
    ],
    "icon": "minecraft:blast_furnace",
    "order": 10,
    "impact": 2,
    "name": "Amped Living Forge",
    "description": "By entering the Nether, You are now Amped, allowing you're ore crafts to double their output. Credit to Xav",
    "unchoosable": true,
    "loading_priority": 2147483647
}