{
    "powers": [
        "asteral:analytical_eye",
        "asteral:blaster",
        "asteral:end_spawn",
        "asteral:extra_dimensional_body",
        "asteral:home_sweet_home",
        "asteral:hot_blooded",
        "asteral:hydrophobic",
        "asteral:protective_scales",
        "asteral:pyrophobia",
        "asteral:uneasy_aura",
        "asteral:winged",
        "asteral:blaster2",
        "asteral:dragons_roar",
        "asteral:dragon_damage",
        "asteral:dragon3",
        "asteral:dragon_sound",
        "asteral:will_power",
        "asteral:weapons_of_hell",
        "asteral:seering_pain"
    ],
    "icon": "minecraft:dragon_breath",
    "order": 10,
    "impact": 3,
    "name": "Archender",
    "description": "Dragon-like beings born of hatred and decay, very few is known about them. Credit to Waterboi",
    "unchoosable": true,
    "loading_priority": 2147483647
}