{
    "powers": [
        "asteral:elytra_flight",
        "asteral:meteorite",
        "asteral:celestial_strike",
        "asteral:enchanted",
        "asteral:fire_forged",
        "asteral:claustrophobia",
        "asteral:hydrophobia_as",
        "asteral:starlight",
        "asteral:magmatic_sight",
        "asteral:fiery_hands",
        "asteral:frostbite",
        "asteral:cosmic_energy",
        "origins:phantomize",
        "asteral:grand_evolution"
    ],
    "icon": "minecraft:nether_star",
    "order": 13,
    "impact": 3,
    "name": "Asteral",
    "description": "Born from the explosion of a star",
    "loading_priority": 2147483647,
    "unchoosable": true
}