{
    "powers": [
        "asteral:g_elytra_flight",
        "asteral:g_meteorite",
        "asteral:g_celestial_strike",
        "asteral:g_enchanted",
        "asteral:g_fire_forged",
        "asteral:g_claustrophobia",
        "asteral:g_hydrophobia",
        "asteral:g_starlight",
        "asteral:g_magmatic_sight",
        "asteral:g_fiery_hands",
        "asteral:g_frostbite",
        "asteral:g_cosmic_energy",
        "origins:phantomize",
        "asteral:magma_swimmer",
        "asteral:unknown",
        "asteral:godlike",
        "asteral:burned",
        "asteral:extra_xp",
        "asteral:stellar_finale",
        "asteral:g_damage"
    ],
    "icon": "minecraft:nether_star",
    "order": 100,
    "impact": 3,
    "unchoosable": true,
    "name": "Grand Asteral",
    "description": "Better then Asteral",
    "loading_priority": 2147483647
}