{
    "powers": [
        "asteral:fuel_diet",
        "asteral:coal",
        "asteral:coal_block",
        "asteral:charcoal",
        "asteral:blaze_rod",
        "asteral:lava_bucket",
        "asteral:low_hunger_slowness",
        "asteral:water_exhaust",
        "asteral:iron_ore_active",
        "asteral:gold_ore_active",
        "asteral:diamond_ore_active",
        "asteral:ancient_debris_active",
        "asteral:flame_particles",
        "asteral:cooldown",
        "asteral:cd_boolean",
        "asteral:bar_tick_up",
        "asteral:passive_bar_tick_up",
        "asteral:oak_log",
        "asteral:birch_log",
        "asteral:spruce_log",
        "asteral:dark_oak_log",
        "asteral:acacia_log",
        "asteral:jungle_log"
    ],
    "icon": "minecraft:furnace",
    "order": 10,
    "impact": 2,
    "upgrades": [
        {
            "condition": "minecraft:nether/obtain_blaze_rod",
            "origin": "forge:amped_living_forge",
            "announcement": "You are now amped, when craft-smelting ores your output is doubled. 2 ancient debris craft-smelted make 3 nether scrap instead."
        }
    ],
    "name": "Living Forge",
    "description": "You are a living forge, capable of turning ores into ingots with just a touch. Credit to Xav",
    "loading_priority": 2147483647,
    "unchoosable": true
}