{
    "powers": [
        "origins:fall_immunity",
        "asteral:thunder_clap",
        "asteral:healthy",
        "asteral:slow_flight",
        "asteral:fresh_air",
        "asteral:carnivore",
        "asteral:hydrophobia",
        "asteral:shockless"
    ],
    "icon": "minecraft:blaze_rod",
    "order": 20,
    "impact": 3,
    "name": "Thunderborne",
    "description": "Thunderbornes are a high leveled origin that originated from the skys, harnessing static electricity",
    "loading_priority": 2147483647,
    "unchoosable": true
}