{
    "hidden": true,
    "type": "origins:multiple",
    "invis": {
        "condition": {
            "type": "origins:and",
            "conditions": [
                {
                    "type": "origins:resource",
                    "resource": "*:chest_tap",
                    "comparison": "==",
                    "compare_to": 1
                }
            ]
        },
        "type": "origins:invisibility",
        "render_armor": false
    },
    "inside": {
        "condition": {
            "type": "origins:and",
            "conditions": [
                {
                    "type": "origins:resource",
                    "resource": "*:chest_tap",
                    "comparison": "==",
                    "compare_to": 1
                }
            ]
        },
        "type": "origins:action_over_time",
        "interval": 1,
        "rising_action": {
            "type": "apoli:delay",
            "action": {
                "type": "origins:execute_command",
                "command": "execute at @e[tag=chest] run tp @s ~ ~ ~ ~ 0"
            },
            "ticks": 5
        },
        "falling_action": {
            "type": "apoli:apply_effect",
            "effect": {
                "effect": "slow_falling",
                "duration": 10,
                "amplifier": 0,
                "show_icon": false,
                "show_particles": false
            }
        }
    },
    "inside2": {
        "condition": {
            "type": "origins:and",
            "conditions": [
                {
                    "type": "origins:resource",
                    "resource": "*:chest_tap",
                    "comparison": "==",
                    "compare_to": 1
                }
            ]
        },
        "type": "origins:fire_immunity"
    },
    "inside3": {
        "condition": {
            "type": "origins:and",
            "conditions": [
                {
                    "type": "origins:resource",
                    "resource": "*:chest_tap",
                    "comparison": "==",
                    "compare_to": 1
                }
            ]
        },
        "type": "origins:modify_damage_dealt",
        "modifiers": [
            {
                "operation": "multiply_total",
                "value": -1
            }
        ]
    },
    "inside4": {
        "condition": {
            "type": "origins:and",
            "conditions": [
                {
                    "type": "origins:resource",
                    "resource": "*:chest_tap",
                    "comparison": "==",
                    "compare_to": 1
                }
            ]
        },
        "type": "origins:invulnerability",
        "damage_condition": {
            "type": "origins:constant",
            "value": true
        }
    }
}