{
    "name": "§7§nArmor Mode§r",
    "description": "You gain resistance III, additional 6 hearts and 80% decrease of fall damage. Every hit you take consumes energy.",
    "type": "origins:multiple",
    "enter": {
        "condition": {
            "type": "origins:and",
            "conditions": [
                {
                    "type": "origins:resource",
                    "resource": "*:modes_pick",
                    "comparison": "==",
                    "compare_to": 2
                },
                {
                    "type": "origins:resource",
                    "resource": "*:power_bar",
                    "comparison": ">",
                    "compare_to": 0
                }
            ]
        },
        "type": "origins:action_over_time",
        "interval": 1,
        "rising_action": {
            "type": "origins:and",
            "actions": [
                {
                    "type": "origins:execute_command",
                    "command": "particle dust 0.000 0.600 1.000 1 ~ ~1 ~ 0.75 0.75 0.75 1 100"
                },
                {
                    "type": "origins:execute_command",
                    "command": "particle minecraft:dolphin ~ ~1 ~ 0.5 0.5 0.5 0 300"
                },
                {
                    "type": "origins:play_sound",
                    "sound": "item.armor.equip_chain",
                    "volume": 1,
                    "pitch": 1
                }
            ]
        },
        "falling_action": {
            "type": "origins:and",
            "actions": [
                {
                    "type": "origins:execute_command",
                    "command": "particle dust 0.000 0.600 1.000 1 ~ ~1 ~ 0.5 0.5 0.5 1 10"
                },
                {
                    "type": "origins:play_sound",
                    "sound": "item.armor.equip_chain",
                    "volume": 1,
                    "pitch": 0.5
                }
            ]
        }
    },
    "fx": {
        "condition": {
            "type": "origins:and",
            "conditions": [
                {
                    "type": "origins:resource",
                    "resource": "*:modes_pick",
                    "comparison": "==",
                    "compare_to": 2
                },
                {
                    "type": "origins:resource",
                    "resource": "*:power_bar",
                    "comparison": ">",
                    "compare_to": 0
                }
            ]
        },
        "type": "origins:action_over_time",
        "interval": 15,
        "entity_action": {
            "type": "origins:and",
            "actions": [
                {
                    "type": "origins:apply_effect",
                    "effects": [
                        {
                            "effect": "resistance",
                            "duration": 25,
                            "amplifier": 2,
                            "show_particles": false,
                            "show_icon": true
                        }
                    ]
                }
            ]
        }
    },
    "att": {
        "condition": {
            "type": "origins:and",
            "conditions": [
                {
                    "type": "origins:resource",
                    "resource": "*:modes_pick",
                    "comparison": "==",
                    "compare_to": 2
                },
                {
                    "type": "origins:resource",
                    "resource": "*:power_bar",
                    "comparison": ">",
                    "compare_to": 0
                }
            ]
        },
        "type": "origins:conditioned_attribute",
        "modifier": {
            "attribute": "generic.max_health",
            "operation": "addition",
            "value": 32
        },
        "tick_rate": 1,
        "update_health": true
    },
    "fall": {
        "condition": {
            "type": "origins:and",
            "conditions": [
                {
                    "type": "origins:resource",
                    "resource": "*:modes_pick",
                    "comparison": "==",
                    "compare_to": 2
                },
                {
                    "type": "origins:resource",
                    "resource": "*:power_bar",
                    "comparison": ">",
                    "compare_to": 0
                }
            ]
        },
        "type": "origins:modify_damage_taken",
        "damage_condition": {
            "type": "origins:or",
            "conditions": [
                {
                    "type": "origins:name",
                    "name": "fall"
                },
                {
                    "type": "origins:name",
                    "name": "fall.player"
                }
            ]
        },
        "modifier": {
            "operation": "multiply_total",
            "value": -0.8
        }
    },
    "passive": {
        "condition": {
            "type": "origins:and",
            "conditions": [
                {
                    "type": "origins:resource",
                    "resource": "*:modes_pick",
                    "comparison": "==",
                    "compare_to": 2
                },
                {
                    "inverted": true,
                    "type": "origins:command",
                    "command": "execute if entity @s[nbt={Inventory:[{Slot:103b,id:\"minecraft:netherite_helmet\",tag:{CustomModelData:69}}]}]",
                    "comparison": ">=",
                    "compare_to": 1
                }
            ]
        },
        "type": "origins:action_over_time",
        "interval": 20,
        "entity_action": {
            "type": "origins:change_resource",
            "resource": "*:power_bar",
            "change": -16,
            "operation": "add"
        }
    },
    "passive2": {
        "condition": {
            "type": "origins:and",
            "conditions": [
                {
                    "type": "origins:resource",
                    "resource": "*:modes_pick",
                    "comparison": "==",
                    "compare_to": 2
                },
                {
                    "type": "origins:command",
                    "command": "execute if entity @s[nbt={Inventory:[{Slot:103b,id:\"minecraft:netherite_helmet\",tag:{CustomModelData:69}}]}]",
                    "comparison": ">=",
                    "compare_to": 1
                }
            ]
        },
        "type": "origins:action_over_time",
        "interval": 20,
        "entity_action": {
            "type": "origins:change_resource",
            "resource": "*:power_bar",
            "change": -8,
            "operation": "add"
        }
    },
    "hit": {
        "condition": {
            "type": "origins:and",
            "conditions": [
                {
                    "type": "origins:resource",
                    "resource": "*:modes_pick",
                    "comparison": "==",
                    "compare_to": 2
                },
                {
                    "inverted": true,
                    "type": "origins:command",
                    "command": "execute if entity @s[nbt={Inventory:[{Slot:103b,id:\"minecraft:netherite_helmet\",tag:{CustomModelData:69}}]}]",
                    "comparison": ">=",
                    "compare_to": 1
                }
            ]
        },
        "type": "origins:self_action_when_hit",
        "entity_action": {
            "type": "origins:change_resource",
            "resource": "*:power_bar",
            "change": -8,
            "operation": "add"
        },
        "cooldown": 1,
        "hud_render": {
            "should_render": false
        }
    },
    "hit2": {
        "condition": {
            "type": "origins:and",
            "conditions": [
                {
                    "type": "origins:resource",
                    "resource": "*:modes_pick",
                    "comparison": "==",
                    "compare_to": 2
                },
                {
                    "type": "origins:command",
                    "command": "execute if entity @s[nbt={Inventory:[{Slot:103b,id:\"minecraft:netherite_helmet\",tag:{CustomModelData:69}}]}]",
                    "comparison": ">=",
                    "compare_to": 1
                }
            ]
        },
        "type": "origins:self_action_when_hit",
        "entity_action": {
            "type": "origins:change_resource",
            "resource": "*:power_bar",
            "change": -4,
            "operation": "add"
        },
        "cooldown": 1,
        "hud_render": {
            "should_render": false
        }
    },
    "drop": {
        "condition": {
            "type": "origins:and",
            "conditions": [
                {
                    "type": "origins:resource",
                    "resource": "*:modes_pick",
                    "comparison": "==",
                    "compare_to": 2
                },
                {
                    "type": "origins:resource",
                    "resource": "*:power_bar",
                    "comparison": "==",
                    "compare_to": 0
                }
            ]
        },
        "type": "origins:action_over_time",
        "interval": 1,
        "rising_action": {
            "type": "origins:and",
            "actions": [
                {
                    "type": "origins:change_resource",
                    "resource": "*:modes_pick",
                    "change": -3,
                    "operation": "add"
                },
                {
                    "type": "origins:execute_command",
                    "command": "title @s actionbar {\"text\":\"§6§lModes: Inactive§r\"}"
                },
                {
                    "type": "origins:trigger_cooldown",
                    "power": "*:power_cd"
                }
            ]
        }
    }
}