{
    "hidden": true,
    "type": "origins:multiple",
    "fall": {
        "condition": {
            "type": "origins:fall_distance",
            "comparison": "<=",
            "compare_to": 4
        },
        "type": "origins:invulnerability",
        "damage_condition": {
            "type": "origins:or",
            "conditions": [
                {
                    "type": "origins:name",
                    "name": "fall"
                },
                {
                    "type": "origins:name",
                    "name": "fall.player"
                }
            ]
        }
    },
    "emerg": {
        "condition": {
            "type": "origins:and",
            "conditions": [
                {
                    "type": "origins:resource",
                    "resource": "*:power_bar",
                    "comparison": "==",
                    "compare_to": 0
                }
            ]
        },
        "type": "origins:action_over_time",
        "interval": 10,
        "entity_action": {
            "type": "origins:and",
            "actions": [
                {
                    "type": "origins:change_resource",
                    "resource": "*:modes_pick",
                    "change": -3,
                    "operation": "add"
                }
            ]
        }
    }
}