{
    "hidden": true,
    "type": "origins:multiple",
    "act": {
        "condition": {
            "type": "origins:command",
            "command": "execute if entity @s[nbt={Inventory:[{Slot:100b,id:\"minecraft:netherite_boots\",tag:{CustomModelData:69}}]}]",
            "comparison": ">=",
            "compare_to": 1
        },
        "type": "origins:active_self",
        "entity_action": {
            "type": "origins:if_else",
            "condition": {
                "type": "origins:resource",
                "resource": "*:hover_tap",
                "comparison": "==",
                "compare_to": 0
            },
            "if_action": {
                "type": "origins:and",
                "actions": [
                    {
                        "type": "origins:execute_command",
                        "command": "title @s actionbar {\"text\":\"§a§lElytra Boots: Active§r\"}"
                    },
                    {
                        "type": "origins:play_sound",
                        "sound": "minecraft:ui.toast.in",
                        "volume": 10,
                        "pitch": 1.5
                    },
                    {
                        "type": "origins:delay",
                        "action": {
                            "type": "origins:change_resource",
                            "resource": "*:hover_tap",
                            "change": 1
                        },
                        "ticks": 2
                    }
                ]
            },
            "else_action": {
                "type": "origins:and",
                "actions": [
                    {
                        "type": "origins:execute_command",
                        "command": "title @s actionbar {\"text\":\"§e§lElytra Boots: Inactive§r\"}"
                    },
                    {
                        "type": "origins:play_sound",
                        "sound": "minecraft:ui.toast.out",
                        "volume": 10,
                        "pitch": 1.5
                    },
                    {
                        "type": "origins:delay",
                        "action": {
                            "type": "origins:change_resource",
                            "resource": "*:hover_tap",
                            "change": -1
                        },
                        "ticks": 2
                    }
                ]
            }
        },
        "cooldown": 5,
        "hud_render": {
            "should_render": false
        },
        "key": {
            "key": "key.origins.quaternary_active"
        }
    },
    "tap": {
        "type": "origins:resource",
        "min": 0,
        "max": 1,
        "start_value": 0,
        "hud_render": {
            "should_render": false
        }
    },
    "activated": {
        "condition": {
            "type": "origins:and",
            "conditions": [
                {
                    "type": "origins:resource",
                    "resource": "*:hover_tap",
                    "comparison": "==",
                    "compare_to": 1
                },
                {
                    "type": "origins:command",
                    "command": "execute if entity @s[nbt={Inventory:[{Slot:100b,id:\"minecraft:netherite_boots\",tag:{CustomModelData:69}}]}]",
                    "comparison": ">=",
                    "compare_to": 1
                }
            ]
        },
        "type": "origins:action_over_time",
        "interval": 1,
        "rising_action": {
            "type": "origins:execute_command",
            "command": "title @s actionbar {\"text\":\"§a§lElytra Boots: Active§r\"}"
        },
        "falling_action": {
            "type": "origins:execute_command",
            "command": "title @s actionbar {\"text\":\"§e§lElytra Boots: Inactive§r\"}"
        }
    },
    "oom": {
        "condition": {
            "type": "origins:and",
            "conditions": [
                {
                    "type": "origins:resource",
                    "resource": "*:power_bar",
                    "comparison": ">",
                    "compare_to": 3
                },
                {
                    "type": "origins:command",
                    "command": "execute if entity @s[nbt={Inventory:[{Slot:100b,id:\"minecraft:netherite_boots\",tag:{CustomModelData:69}}]}]",
                    "comparison": ">=",
                    "compare_to": 1
                }
            ]
        },
        "type": "origins:action_over_time",
        "interval": 1,
        "falling_action": {
            "type": "origins:change_resource",
            "resource": "*:hover_tap",
            "change": -1
        }
    },
    "use": {
        "condition": {
            "type": "origins:and",
            "conditions": [
                {
                    "type": "origins:resource",
                    "resource": "*:hover_tap",
                    "comparison": "==",
                    "compare_to": 1
                },
                {
                    "type": "origins:command",
                    "command": "execute if entity @s[nbt={Inventory:[{Slot:100b,id:\"minecraft:netherite_boots\",tag:{CustomModelData:69}}]}]",
                    "comparison": ">=",
                    "compare_to": 1
                },
                {
                    "inverted": true,
                    "type": "origins:command",
                    "command": "execute if entity @s[nbt={Inventory:[{Slot:103b,id:\"minecraft:netherite_helmet\",tag:{CustomModelData:69}}]}]",
                    "comparison": ">=",
                    "compare_to": 1
                }
            ]
        },
        "type": "origins:action_over_time",
        "interval": 20,
        "entity_action": {
            "type": "origins:change_resource",
            "resource": "*:power_bar",
            "change": -8,
            "operation": "add"
        }
    },
    "use2": {
        "condition": {
            "type": "origins:and",
            "conditions": [
                {
                    "type": "origins:resource",
                    "resource": "*:hover_tap",
                    "comparison": "==",
                    "compare_to": 1
                },
                {
                    "type": "origins:command",
                    "command": "execute if entity @s[nbt={Inventory:[{Slot:100b,id:\"minecraft:netherite_boots\",tag:{CustomModelData:69}}]}]",
                    "comparison": ">=",
                    "compare_to": 1
                },
                {
                    "type": "origins:command",
                    "command": "execute if entity @s[nbt={Inventory:[{Slot:103b,id:\"minecraft:netherite_helmet\",tag:{CustomModelData:69}}]}]",
                    "comparison": ">=",
                    "compare_to": 1
                }
            ]
        },
        "type": "origins:action_over_time",
        "interval": 20,
        "entity_action": {
            "type": "origins:change_resource",
            "resource": "*:power_bar",
            "change": -4,
            "operation": "add"
        }
    },
    "float": {
        "condition": {
            "type": "origins:and",
            "conditions": [
                {
                    "inverted": true,
                    "type": "origins:sneaking"
                },
                {
                    "type": "origins:resource",
                    "resource": "*:hover_tap",
                    "comparison": "==",
                    "compare_to": 1
                },
                {
                    "type": "origins:resource",
                    "resource": "*:hover_hold",
                    "comparison": "==",
                    "compare_to": 0
                },
                {
                    "type": "origins:command",
                    "command": "execute if entity @s[nbt={Inventory:[{Slot:100b,id:\"minecraft:netherite_boots\",tag:{CustomModelData:69}}]}]",
                    "comparison": ">=",
                    "compare_to": 1
                },
                {
                    "type": "origins:resource",
                    "resource": "*:power_bar",
                    "comparison": ">=",
                    "compare_to": 4
                }
            ]
        },
        "type": "origins:action_over_time",
        "interval": 1,
        "entity_action": {
            "type": "origins:apply_effect",
            "effect": {
                "effect": "levitation",
                "duration": 5,
                "amplifier": -1,
                "show_particles": false,
                "show_icon": true
            }
        }
    },
    "fall": {
        "condition": {
            "type": "origins:and",
            "conditions": [
                {
                    "type": "origins:sneaking"
                },
                {
                    "type": "origins:resource",
                    "resource": "*:hover_tap",
                    "comparison": "==",
                    "compare_to": 1
                },
                {
                    "type": "origins:resource",
                    "resource": "*:hover_hold",
                    "comparison": "==",
                    "compare_to": 0
                },
                {
                    "type": "origins:command",
                    "command": "execute if entity @s[nbt={Inventory:[{Slot:100b,id:\"minecraft:netherite_boots\",tag:{CustomModelData:69}}]}]",
                    "comparison": ">=",
                    "compare_to": 1
                },
                {
                    "type": "origins:resource",
                    "resource": "*:power_bar",
                    "comparison": ">=",
                    "compare_to": 4
                }
            ]
        },
        "type": "origins:action_over_time",
        "interval": 1,
        "entity_action": {
            "type": "origins:apply_effect",
            "effect": {
                "effect": "slow_falling",
                "duration": 3,
                "amplifier": 0,
                "show_particles": false,
                "show_icon": true
            }
        }
    },
    "up": {
        "condition": {
            "type": "origins:and",
            "conditions": [
                {
                    "type": "origins:resource",
                    "resource": "*:hover_tap",
                    "comparison": "==",
                    "compare_to": 1
                },
                {
                    "type": "origins:resource",
                    "resource": "*:hover_hold",
                    "comparison": "!=",
                    "compare_to": 0
                },
                {
                    "type": "origins:command",
                    "command": "execute if entity @s[nbt={Inventory:[{Slot:100b,id:\"minecraft:netherite_boots\",tag:{CustomModelData:69}}]}]",
                    "comparison": ">=",
                    "compare_to": 1
                },
                {
                    "type": "origins:resource",
                    "resource": "*:power_bar",
                    "comparison": ">=",
                    "compare_to": 4
                }
            ]
        },
        "type": "origins:action_over_time",
        "interval": 1,
        "entity_action": {
            "type": "origins:apply_effect",
            "effect": {
                "effect": "levitation",
                "duration": 5,
                "amplifier": 1,
                "show_particles": false,
                "show_icon": true
            }
        }
    },
    "trigger": {
        "condition": {
            "type": "origins:and",
            "conditions": [
                {
                    "type": "origins:resource",
                    "resource": "*:hover_tap",
                    "comparison": "==",
                    "compare_to": 1
                },
                {
                    "type": "origins:command",
                    "command": "execute if entity @s[nbt={Inventory:[{Slot:100b,id:\"minecraft:netherite_boots\",tag:{CustomModelData:69}}]}]",
                    "comparison": ">=",
                    "compare_to": 1
                },
                {
                    "type": "origins:resource",
                    "resource": "*:power_bar",
                    "comparison": ">=",
                    "compare_to": 4
                }
            ]
        },
        "type": "origins:active_self",
        "entity_action": {
            "type": "origins:and",
            "actions": [
                {
                    "type": "origins:trigger_cooldown",
                    "power": "*:hover_hold"
                }
            ]
        },
        "cooldown": 0,
        "hud_render": {
            "should_render": false
        },
        "key": {
            "key": "key.jump",
            "continuous": true
        }
    },
    "sound": {
        "condition": {
            "type": "origins:and",
            "conditions": [
                {
                    "type": "origins:resource",
                    "resource": "*:hover_tap",
                    "comparison": "==",
                    "compare_to": 1
                },
                {
                    "type": "origins:command",
                    "command": "execute if entity @s[nbt={Inventory:[{Slot:100b,id:\"minecraft:netherite_boots\",tag:{CustomModelData:69}}]}]",
                    "comparison": ">=",
                    "compare_to": 1
                },
                {
                    "type": "origins:resource",
                    "resource": "*:power_bar",
                    "comparison": ">=",
                    "compare_to": 4
                }
            ]
        },
        "type": "origins:active_self",
        "entity_action": {
            "type": "origins:and",
            "actions": [
                {
                    "type": "origins:play_sound",
                    "sound": "entity.leash_knot.break",
                    "volume": 0.1,
                    "pitch": 1.8
                }
            ]
        },
        "cooldown": 2,
        "hud_render": {
            "should_render": false
        },
        "key": {
            "key": "key.jump",
            "continuous": true
        }
    },
    "hold": {
        "type": "origins:cooldown",
        "cooldown": 5,
        "hud_render": {
            "should_render": false
        }
    }
}