{
    "name": "§4§nKill On Sight§r",
    "description": "You are seen as an enemy to everyone including Villagers and Golems. You can prove yourself by defeating Ender Dragon or Wither.",
    "type": "origins:multiple",
    "iron_golem": {
        "condition": {
            "type": "origins:and",
            "conditions": [
                {
                    "type": "origins:resource",
                    "resource": "*:*_lock",
                    "comparison": "==",
                    "compare_to": 0
                }
            ]
        },
        "type": "origins:action_over_time",
        "interval": 1,
        "entity_action": {
            "type": "origins:and",
            "actions": [
                {
                    "type": "origins:execute_command",
                    "command": "execute as @e[type=minecraft:iron_golem,distance=..20] at @s run data modify entity @s AngryAt set from entity @e[tag=prop,limit=1] UUID",
                    "permission_level": 2
                },
                {
                    "type": "origins:execute_command",
                    "command": "execute as @e[type=minecraft:iron_golem,distance=..20] at @s run data modify entity @s AngerTime set value 60",
                    "permission_level": 2
                }
            ]
        }
    },
    "act": {
        "condition": {
            "type": "origins:and",
            "conditions": [
                {
                    "type": "origins:resource",
                    "resource": "*:*_lock",
                    "comparison": "==",
                    "compare_to": 0
                }
            ]
        },
        "type": "origins:action_over_time",
        "interval": 10,
        "entity_action": {
            "type": "origins:and",
            "actions": [
                {
                    "type": "origins:execute_command",
                    "command": "data modify storage offworld vill set value {Type: \"trading\", Value: -100}",
                    "permission_level": 4
                },
                {
                    "type": "origins:execute_command",
                    "command": "data modify storage offworld vill.Target set from entity @s UUID",
                    "permission_level": 4
                },
                {
                    "type": "origins:execute_command",
                    "command": "execute as @e[type=minecraft:villager] run data modify entity @s Gossips append from storage minecraft:offworld vill",
                    "permission_level": 4
                }
            ]
        }
    },
    "remove": {
        "type": "origins:self_action_on_kill",
        "target_condition": {
            "type": "origins:or",
            "conditions": [
                {
                    "type": "origins:entity_type",
                    "entity_type": "ender_dragon"
                },
                {
                    "type": "origins:entity_type",
                    "entity_type": "wither"
                }
            ]
        },
        "entity_action": {
            "type": "origins:change_resource",
            "resource": "*:*_lock",
            "change": 1,
            "operation": "add"
        },
        "cooldown": 1,
        "hud_render": {
            "should_render": false
        }
    },
    "lock": {
        "type": "origins:resource",
        "min": 0,
        "max": 1,
        "start_value": 0,
        "hud_render": {
            "should_render": false
        }
    }
}