{
    "hidden": true,
    "type": "origins:multiple",
    "still": {
        "condition": {
            "type": "origins:and",
            "conditions": [
                {
                    "type": "origins:resource",
                    "resource": "*:modes_pick",
                    "comparison": "==",
                    "compare_to": 1
                },
                {
                    "inverted": true,
                    "type": "origins:moving"
                },
                {
                    "inverted": true,
                    "type": "origins:sprinting"
                },
                {
                    "type": "origins:command",
                    "command": "execute if entity @s[nbt={Inventory:[{Slot:103b,id:\"minecraft:netherite_helmet\",tag:{CustomModelData:69}}]}]",
                    "comparison": ">=",
                    "compare_to": 1
                }
            ]
        },
        "type": "origins:action_over_time",
        "interval": 20,
        "entity_action": {
            "type": "origins:and",
            "actions": [
                {
                    "type": "origins:change_resource",
                    "resource": "*:power_bar",
                    "change": -2,
                    "operation": "add"
                }
            ]
        }
    },
    "sneak": {
        "condition": {
            "type": "origins:and",
            "conditions": [
                {
                    "type": "origins:resource",
                    "resource": "*:modes_pick",
                    "comparison": "==",
                    "compare_to": 1
                },
                {
                    "type": "origins:moving"
                },
                {
                    "type": "origins:sneaking"
                },
                {
                    "type": "origins:command",
                    "command": "execute if entity @s[nbt={Inventory:[{Slot:103b,id:\"minecraft:netherite_helmet\",tag:{CustomModelData:69}}]}]",
                    "comparison": ">=",
                    "compare_to": 1
                }
            ]
        },
        "type": "origins:action_over_time",
        "interval": 20,
        "entity_action": {
            "type": "origins:and",
            "actions": [
                {
                    "type": "origins:change_resource",
                    "resource": "*:power_bar",
                    "change": -5,
                    "operation": "add"
                }
            ]
        }
    },
    "moving": {
        "condition": {
            "type": "origins:and",
            "conditions": [
                {
                    "type": "origins:resource",
                    "resource": "*:modes_pick",
                    "comparison": "==",
                    "compare_to": 1
                },
                {
                    "type": "origins:moving"
                },
                {
                    "inverted": true,
                    "type": "origins:sneaking"
                },
                {
                    "inverted": true,
                    "type": "origins:sprinting"
                },
                {
                    "type": "origins:command",
                    "command": "execute if entity @s[nbt={Inventory:[{Slot:103b,id:\"minecraft:netherite_helmet\",tag:{CustomModelData:69}}]}]",
                    "comparison": ">=",
                    "compare_to": 1
                }
            ]
        },
        "type": "origins:action_over_time",
        "interval": 20,
        "entity_action": {
            "type": "origins:and",
            "actions": [
                {
                    "type": "origins:change_resource",
                    "resource": "*:power_bar",
                    "change": -8,
                    "operation": "add"
                }
            ]
        }
    },
    "sprint": {
        "condition": {
            "type": "origins:and",
            "conditions": [
                {
                    "type": "origins:resource",
                    "resource": "*:modes_pick",
                    "comparison": "==",
                    "compare_to": 1
                },
                {
                    "type": "origins:sprinting"
                },
                {
                    "type": "origins:command",
                    "command": "execute if entity @s[nbt={Inventory:[{Slot:103b,id:\"minecraft:netherite_helmet\",tag:{CustomModelData:69}}]}]",
                    "comparison": ">=",
                    "compare_to": 1
                }
            ]
        },
        "type": "origins:action_over_time",
        "interval": 20,
        "entity_action": {
            "type": "origins:and",
            "actions": [
                {
                    "type": "origins:change_resource",
                    "resource": "*:power_bar",
                    "change": -16,
                    "operation": "add"
                }
            ]
        }
    },
    "hit": {
        "condition": {
            "type": "origins:and",
            "conditions": [
                {
                    "type": "origins:resource",
                    "resource": "*:modes_pick",
                    "comparison": "==",
                    "compare_to": 1
                },
                {
                    "type": "origins:command",
                    "command": "execute if entity @s[nbt={Inventory:[{Slot:103b,id:\"minecraft:netherite_helmet\",tag:{CustomModelData:69}}]}]",
                    "comparison": ">=",
                    "compare_to": 1
                }
            ]
        },
        "type": "origins:self_action_on_hit",
        "entity_action": {
            "type": "origins:and",
            "actions": [
                {
                    "type": "origins:change_resource",
                    "resource": "*:power_bar",
                    "change": -20,
                    "operation": "add"
                }
            ]
        },
        "cooldown": 1,
        "hud_render": {
            "should_render": false
        }
    }
}