{
    "name": "§4§nToo Heavy",
    "description": "Your attack speed with weapons other than a bow is slightly lower.",
    "condition": {
        "type": "origins:and",
        "conditions": [
            {
                "type": "origins:equipped_item",
                "equipment_slot": "mainhand",
                "item_condition": {
                    "type": "origins:ingredient",
                    "ingredient": [
                        {
                            "item": "bow"
                        },
                        {
                            "item": "crossbow"
                        }
                    ]
                },
                "inverted": true
            },
            {
                "inverted": true,
                "type": "origins:equipped_item",
                "equipment_slot": "offhand",
                "item_condition": {
                    "type": "origins:ingredient",
                    "ingredient": [
                        {
                            "item": "bow"
                        },
                        {
                            "item": "crossbow"
                        }
                    ]
                }
            }
        ]
    },
    "type": "origins:attribute",
    "modifiers": [
        {
            "attribute": "generic.attack_speed",
            "operation": "multiply_total",
            "value": -0.3
        }
    ],
    "update_health": false
}