{
    "name": "True Invisibility",
    "description": "You can go completely invisible for 5 minutes, attacking a mob breaks invisibility. Potions of Invisiblity shorten the cooldown of your invisibility but otherwise have no effect.",
    "type": "origins:multiple",
    "act": {
        "condition": {
            "type": "origins:and",
            "conditions": [
                {
                    "type": "origins:resource",
                    "resource": "*:invis_dur",
                    "comparison": "==",
                    "compare_to": 0
                }
            ]
        },
        "type": "origins:active_self",
        "entity_action": {
            "type": "origins:and",
            "actions": [
                {
                    "type": "origins:change_resource",
                    "resource": "*:invis_dur",
                    "change": 6000,
                    "operation": "add"
                },
                {
                    "type": "origins:play_sound",
                    "sound": "minecraft:ui.toast.out",
                    "volume": 10,
                    "pitch": 0.1
                },
                {
                    "type": "origins:execute_command",
                    "command": "particle squid_ink ~ ~0.5 ~ 0.5 0.5 0.5 0.1 20"
                },
                {
                    "type": "origins:execute_command",
                    "command": "particle ash ~ ~0.5 ~ 0.5 0.5 0.5 0.2 30"
                }
            ]
        },
        "cooldown": 3600,
        "hud_render": {
            "should_render": true,
            "sprite_location": "origins:textures/gui/community/huang/resource_bar_02.png",
            "bar_index": 1,
            "condition": {
                "type": "origins:resource",
                "resource": "*:invis_dur",
                "comparison": "==",
                "compare_to": 0
            }
        },
        "key": {
            "key": "primary"
        }
    },
    "dur": {
        "type": "origins:resource",
        "min": 0,
        "max": 6000,
        "start_value": 0,
        "hud_render": {
            "should_render": true,
            "sprite_location": "origins:textures/gui/community/spiderkolo/resource_bar_02.png",
            "bar_index": 7,
            "condition": {
                "type": "origins:resource",
                "resource": "*:invis_dur",
                "comparison": "!=",
                "compare_to": 0
            }
        },
        "min_action": {
            "type": "origins:and",
            "actions": [
                {
                    "type": "origins:play_sound",
                    "sound": "minecraft:ui.toast.in",
                    "volume": 10,
                    "pitch": 0.1
                },
                {
                    "type": "origins:change_resource",
                    "resource": "*:invis_act",
                    "change": 1,
                    "operation": "set"
                },
                {
                    "type": "origins:execute_command",
                    "command": "particle squid_ink ~ ~0.5 ~ 0.5 0.5 0.5 0.1 20"
                },
                {
                    "type": "origins:execute_command",
                    "command": "particle ash ~ ~0.5 ~ 0.5 0.5 0.5 0.2 30"
                }
            ]
        }
    },
    "drain": {
        "type": "origins:action_over_time",
        "interval": 1,
        "entity_action": {
            "type": "origins:and",
            "actions": [
                {
                    "type": "origins:change_resource",
                    "resource": "*:invis_dur",
                    "change": -1,
                    "operation": "add"
                }
            ]
        }
    },
    "inv": {
        "condition": {
            "type": "origins:and",
            "conditions": [
                {
                    "type": "origins:resource",
                    "resource": "*:invis_dur",
                    "comparison": ">",
                    "compare_to": 0
                }
            ]
        },
        "type": "origins:invisibility",
        "render_armor": false
    },
    "attack": {
        "type": "origins:action_on_hit",
        "bientity_action": {
            "type": "origins:actor_action",
            "action": {
                "type": "origins:change_resource",
                "resource": "*:invis_dur",
                "change": -6000,
                "operation": "add"
            }
        },
        "cooldown": 0,
        "hud_render": {
            "should_render": false
        }
    },
    "shorten": {
        "condition": {
            "type": "origins:and",
            "conditions": [
                {
                    "type": "origins:resource",
                    "resource": "*:invis_dur",
                    "comparison": "==",
                    "compare_to": 0
                }
            ]
        },
        "type": "origins:action_on_item_use",
        "entity_action": {
            "type": "origins:change_resource",
            "resource": "*:invis_act",
            "change": -1200,
            "operation": "add"
        },
        "item_condition": {
            "type": "origins:or",
            "conditions": [
                {
                    "type": "origins:and",
                    "conditions": [
                        {
                            "type": "origins:ingredient",
                            "ingredient": {
                                "item": "potion"
                            }
                        },
                        {
                            "type": "origins:nbt",
                            "nbt": "{Potion: \"minecraft:invisibility\"}"
                        }
                    ]
                },
                {
                    "type": "origins:and",
                    "conditions": [
                        {
                            "type": "origins:ingredient",
                            "ingredient": {
                                "item": "potion"
                            }
                        },
                        {
                            "type": "origins:nbt",
                            "nbt": "{Potion: \"minecraft:long_invisibility\"}"
                        }
                    ]
                }
            ]
        }
    }
}