{
    "name": "Viral",
    "description": "You can choose to zombify villagers when attacking them with an empty hand.",
    "type": "origins:multiple",
    "act": {
        "type": "origins:active_self",
        "entity_action": {
            "type": "origins:if_else",
            "condition": {
                "type": "origins:resource",
                "resource": "*:*_tap",
                "comparison": "==",
                "compare_to": 0
            },
            "if_action": {
                "type": "origins:and",
                "actions": [
                    {
                        "type": "origins:execute_command",
                        "command": "title @s actionbar {\"text\":\"§2§lZombification Active§r\"}"
                    },
                    {
                        "type": "origins:play_sound",
                        "sound": "minecraft:block.note_block.snare",
                        "volume": 1,
                        "pitch": 1
                    },
                    {
                        "type": "origins:delay",
                        "action": {
                            "type": "origins:change_resource",
                            "resource": "*:*_tap",
                            "change": 1,
                            "operation": "add"
                        },
                        "ticks": 2
                    }
                ]
            },
            "else_action": {
                "type": "origins:and",
                "actions": [
                    {
                        "type": "origins:execute_command",
                        "command": "title @s actionbar {\"text\":\"§c§lZombification Inactive§r\"}"
                    },
                    {
                        "type": "origins:play_sound",
                        "sound": "minecraft:block.note_block.snare",
                        "volume": 1,
                        "pitch": 0.5
                    },
                    {
                        "type": "origins:delay",
                        "action": {
                            "type": "origins:change_resource",
                            "resource": "*:*_tap",
                            "change": -1,
                            "operation": "add"
                        },
                        "ticks": 2
                    }
                ]
            }
        },
        "cooldown": 0,
        "hud_render": {
            "should_render": false
        },
        "key": {
            "key": "key.saveToolbarActivator"
        }
    },
    "tap": {
        "type": "origins:resource",
        "min": 0,
        "max": 1,
        "start_value": 0,
        "hud_render": {
            "should_render": false
        }
    },
    "hit": {
        "condition": {
            "type": "origins:and",
            "conditions": [
                {
                    "type": "origins:resource",
                    "resource": "*:*_tap",
                    "comparison": "==",
                    "compare_to": 1
                }
            ]
        },
        "type": "origins:action_on_hit",
        "bientity_action": {
            "type": "origins:target_action",
            "action": {
                "type": "origins:and",
                "actions": [
                    {
                        "type": "origins:execute_command",
                        "command": "tag @s add villa"
                    },
                    {
                        "type": "origins:execute_command",
                        "command": "summon zombie_villager ~ ~ ~ {Tags:[\"zomb\"],ActiveEffects:[{Id:18,Amplifier:10b,Duration:10,ShowParticles:0b}]}"
                    },
                    {
                        "type": "origins:delay",
                        "action": {
                            "type": "origins:execute_command",
                            "command": "data modify entity @e[tag=zomb,limit=1] {} merge from entity @e[tag=villa,limit=1]"
                        },
                        "ticks": 2
                    },
                    {
                        "type": "origins:delay",
                        "action": {
                            "type": "origins:execute_command",
                            "command": "kill @e[type=villager,tag=villa]"
                        },
                        "ticks": 3
                    },
                    {
                        "type": "origins:delay",
                        "action": {
                            "type": "origins:execute_command",
                            "command": "attribute @e[tag=villa,limit=1] minecraft:generic.movement_speed base set 0.2"
                        },
                        "ticks": 4
                    },
                    {
                        "type": "origins:delay",
                        "action": {
                            "type": "origins:execute_command",
                            "command": "tag @e[tag=villa] remove villa"
                        },
                        "ticks": 5
                    }
                ]
            }
        },
        "bientity_condition": {
            "type": "origins:target_condition",
            "condition": {
                "type": "origins:entity_type",
                "entity_type": "villager"
            }
        },
        "damage_condition": {
            "type": "origins:attacker",
            "entity_condition": {
                "type": "origins:equipped_item",
                "equipment_slot": "mainhand",
                "item_condition": {
                    "type": "origins:empty"
                }
            }
        },
        "cooldown": 0,
        "hud_render": {
            "should_render": false
        }
    }
}