{
	"hidden": true,
	"type": "origins:multiple",
	"fx1": {
		"type": "origins:action_over_time",
		"interval": 12,
		"entity_action": {
			"type": "origins:execute_command",
			"command": "particle flame ~ ~0.5 ~ 0.5 0.5 0.5 0 2",
			"permission_level": 4
		},
		"condition": {
			"type": "origins:and",
			"conditions": [
				{
					"inverted": true,
					"type": "origins:invisible"
				},
				{
					"inverted": true,
					"type": "origins:status_effect",
					"effect": "invisibility"
				}
			]
		}
	}
}