{
	"powers": [
		"beetle:hover",
		"beetle:tough",
		"beetle:noise",
		"beetle:size",
		"beetle:veggie",
		"beetle:armor"
	],
	"icon": {
		"item": "minecraft:player_head",
		"tag": "{SkullOwner:{Id:[I;-519829247,2023705687,-2050156186,617020407],Properties:{textures:[{Value:\"eyJ0ZXh0dXJlcyI6eyJTS0lOIjp7InVybCI6Imh0dHA6Ly90ZXh0dXJlcy5taW5lY3JhZnQubmV0L3RleHR1cmUvZDY4NWVhOWNlMGQzNjY4NjkyMTU0NDM5ODU5ZDI4NjMxMDRiNDJmYTA4MjM3OGQ1MDRlYTY2NDQwODc1Y2JjMiJ9fX0=\"}]}}}"
	},
	"impact": 1,
	"name": "§a§l§oBeetlefolk",
	"description": "Winged bug-like creature that can get kind of noisy."
}