{
    "name": "§4§nScarecrow",
    "description": "You're afraid of pumpkins.",
    "type": "origins:multiple",
    "near": {
        "condition": {
            "type": "origins:block_in_radius",
            "block_condition": {
                "type": "origins:or",
                "conditions": [
                    {
                        "type": "origins:block",
                        "block": "carved_pumpkin"
                    },
                    {
                        "type": "origins:block",
                        "block": "jack_o_lantern"
                    }
                ]
            },
            "radius": 6,
            "shape": "cube",
            "comparison": ">=",
            "compare_to": 1
        },
        "type": "origins:action_over_time",
        "interval": 25,
        "entity_action": {
            "type": "origins:apply_effect",
            "effect": {
                "effect": "weakness",
                "duration": 35,
                "amplifier": 0,
                "show_particles": false,
                "show_icon": true
            }
        }
    },
    "dmg": {
        "type": "origins:modify_damage_taken",
        "damage_condition": {
            "type": "origins:attacker",
            "entity_condition": {
                "type": "origins:equipped_item",
                "equipment_slot": "head",
                "item_condition": {
                    "type": "origins:ingredient",
                    "ingredient": {
                        "item": "carved_pumpkin"
                    }
                }
            }
        },
        "modifier": {
            "operation": "multiply_total",
            "value": 0.3
        }
    }
}