{
    "name": "§1§nLove is in the air",
    "description": "Breed any animal using your Secondary.",
    "type": "origins:active_self",
    "entity_action": {
        "type": "origins:and",
        "actions": [
            {
                "type": "origins:raycast",
                "distance": 5,
                "block": false,
                "entity": true,
                "shape_type": "outline",
                "fluid_handling": "any",
                "bientity_action": {
                    "type": "origins:set_in_love"
                },
                "command_at_hit": "particle crimson_spore ~ ~0.5 ~ 0.25 0.25 0.25 0 20"
            }
        ]
    },
    "cooldown": 20,
    "hud_render": {
        "should_render": true,
        "sprite_location": "origins:textures/gui/community/huang/resource_bar_01.png",
        "bar_index": 4
    },
    "key": {
        "key": "secondary",
        "continuous": true
    }
}