{
    "name": "§e§nPhotosynthesis",
    "description": "You are able to feed off the sun and suffer weakness from eating food, except honey bottles and flowers.",
    "type": "origins:multiple",
    "eat": {
        "condition": {
            "type": "origins:and",
            "conditions": [
                {
                    "type": "origins:food_level",
                    "comparison": "<",
                    "compare_to": 20
                },
                {
                    "type": "origins:exposed_to_sun"
                }
            ]
        },
        "type": "origins:action_over_time",
        "interval": 100,
        "entity_action": {
            "type": "origins:chance",
            "chance": 0.75,
            "action": {
                "type": "origins:feed",
                "food": 1,
                "saturation": 0.5
            }
        }
    },
    "flowers": {
        "condition": {
            "type": "origins:and",
            "conditions": [
                {
                    "type": "origins:food_level",
                    "comparison": "<",
                    "compare_to": 20
                },
                {
                    "type": "origins:or",
                    "conditions": [
                        {
                            "type": "origins:equipped_item",
                            "equipment_slot": "mainhand",
                            "item_condition": {
                                "type": "origins:ingredient",
                                "ingredient": {
                                    "tag": "duck:flowers"
                                }
                            }
                        },
                        {
                            "type": "origins:equipped_item",
                            "equipment_slot": "offhand",
                            "item_condition": {
                                "type": "origins:ingredient",
                                "ingredient": {
                                    "tag": "duck:flowers"
                                }
                            }
                        }
                    ]
                }
            ]
        },
        "type": "origins:active_self",
        "entity_action": {
            "type": "origins:and",
            "actions": [
                {
                    "type": "origins:execute_command",
                    "command": "clear @s #duck:flowers 1"
                },
                {
                    "type": "origins:play_sound",
                    "sound": "entity.cat.eat",
                    "volume": 1,
                    "pitch": 2
                },
                {
                    "type": "origins:feed",
                    "food": 2,
                    "saturation": 3.5
                }
            ]
        },
        "cooldown": 10,
        "hud_render": {
            "should_render": false
        },
        "key": {
            "key": "key.use",
            "continuous": true
        }
    },
    "food": {
        "type": "origins:modify_food",
        "item_condition": {
            "type": "origins:and",
            "conditions": [
                {
                    "type": "origins:food"
                },
                {
                    "inverted": true,
                    "type": "origins:ingredient",
                    "ingredient": {
                        "item": "honey_bottle"
                    }
                }
            ]
        },
        "food_modifiers": [
            {
                "operation": "multiply_total",
                "value": -0.5
            }
        ],
        "saturation_modifier": {
            "operation": "multiply_total",
            "value": -0.5
        },
        "entity_action": {
            "type": "origins:apply_effect",
            "effect": {
                "effect": "weakness",
                "duration": 200,
                "amplifier": 0,
                "show_particles": true,
                "show_icon": true
            }
        }
    }
}