{
    "name": "§5§nMayhem Beam§r",
    "description": "You can fire a red beam of magic after holding your secondary button for 3 seconds.",
    "badges": [
        {
            "sprite": "origins:textures/gui/badge/star.png",
            "text": "Missing an entity with the beam refunds a bit of your mana."
        }
    ],
    "type": "origins:multiple",
    "shoot": {
        "type": "origins:resource",
        "min": 0,
        "max": 60,
        "start_value": 0,
        "hud_render": {
            "should_render": true,
            "sprite_location": "origins:textures/gui/community/huang/resource_bar_02.png",
            "bar_index": 5,
            "condition": {
                "type": "origins:resource",
                "resource": "sorc:beam_shoot",
                "comparison": "!=",
                "compare_to": 0
            }
        },
        "min_action": {
            "type": "origins:if_else",
            "condition": {
                "type": "origins:resource",
                "resource": "sorc:mana_bar",
                "comparison": "<=",
                "compare_to": 1
            },
            "if_action": {
                "type": "origins:change_resource",
                "resource": "sorc:mana_bar",
                "change": 60,
                "operation": "add"
            }
        },
        "max_action": {
            "type": "origins:and",
            "actions": [
                {
                    "type": "origins:raycast",
                    "distance": 60,
                    "block": false,
                    "entity": true,
                    "shape_type": "outline",
                    "fluid_handling": "any",
                    "bientity_action": {
                        "type": "origins:target_action",
                        "action": {
                            "type": "origins:and",
                            "actions": [
                                {
                                    "type": "origins:damage",
                                    "amount": 20,
                                    "source": {
                                        "name": "magic",
                                        "unblockable": true,
                                        "magic": true
                                    }
                                },
                                {
                                    "type": "origins:execute_command",
                                    "command": "tp @s ~ ~ ~ facing entity @e[tag=sorc,limit=1]"
                                },
                                {
                                    "type": "origins:delay",
                                    "action": {
                                        "type": "origins:add_velocity",
                                        "y": 0.75,
                                        "z": -1.5,
                                        "space": "local",
                                        "client": true,
                                        "server": true,
                                        "set": true
                                    },
                                    "ticks": 3
                                }
                            ]
                        }
                    },
                    "miss_action": {
                        "type": "origins:delay",
                        "action": {
                            "type": "origins:change_resource",
                            "resource": "sorc:mana_bar",
                            "change": 60,
                            "operation": "add"
                        },
                        "ticks": 2
                    },
                    "command_at_hit": "particle dust 1.000 0.000 0.400 3 ~ ~ ~ 0.5 0.5 0.5 0.2 30",
                    "command_along_ray": "function sorc:beam"
                },
                {
                    "type": "origins:change_resource",
                    "resource": "sorc:beam_shoot",
                    "change": -60,
                    "operation": "add"
                },
                {
                    "type": "origins:play_sound",
                    "sound": "entity.illusioner.prepare_blindness",
                    "volume": 1,
                    "pitch": 0.75
                },
                {
                    "type": "origins:trigger_cooldown",
                    "power": "sorc:beam_cd"
                },
                {
                    "type": "origins:swing_hand",
                    "hand": "MAIN_HAND"
                }
            ]
        }
    },
    "act": {
        "condition": {
            "type": "origins:and",
            "conditions": [
                {
                    "type": "origins:resource",
                    "resource": "sorc:beam_cd",
                    "comparison": "==",
                    "compare_to": 0
                },
                {
                    "type": "origins:resource",
                    "resource": "sorc:mana_bar",
                    "comparison": ">",
                    "compare_to": 0
                }
            ]
        },
        "type": "origins:active_self",
        "entity_action": {
            "type": "origins:and",
            "actions": [
                {
                    "type": "origins:change_resource",
                    "resource": "sorc:beam_shoot",
                    "change": 1,
                    "operation": "add"
                },
                {
                    "type": "origins:change_resource",
                    "resource": "sorc:mana_bar",
                    "change": -2,
                    "operation": "add"
                },
                {
                    "type": "origins:trigger_cooldown",
                    "power": "sorc:beam_hold"
                },
                {
                    "type": "origins:execute_command",
                    "command": "particle dust 0.839 0.000 0.337 1 ^ ^1.1 ^1 0.1 0.1 0.1 0.1 3"
                }
            ]
        },
        "cooldown": 0,
        "hud_render": {
            "should_render": false
        },
        "key": {
            "key": "secondary",
            "continuous": true
        }
    },
    "hold": {
        "type": "origins:cooldown",
        "cooldown": 3,
        "hud_render": {
            "should_render": false
        }
    },
    "reset": {
        "condition": {
            "type": "origins:and",
            "conditions": [
                {
                    "type": "origins:resource",
                    "resource": "sorc:beam_hold",
                    "comparison": "==",
                    "compare_to": 0
                }
            ]
        },
        "type": "origins:action_over_time",
        "interval": 1,
        "entity_action": {
            "type": "origins:change_resource",
            "resource": "sorc:beam_shoot",
            "change": -1,
            "operation": "add"
        }
    },
    "cd": {
        "type": "origins:cooldown",
        "cooldown": 60,
        "hud_render": {
            "should_render": true,
            "sprite_location": "origins:textures/gui/community/huang/resource_bar_02.png",
            "bar_index": 1
        }
    }
}