{
	"name": "§b§nSoul Sword",
	"description": "You have a summonable sword made out of your soul. You can not use other weapons, they won’t do any damage.",
	"type": "origins:multiple",
	"gibsword": {
		"condition": {
			"type": "origins:power_active",
			"power": "shadow:sword_tap"
		},
		"type": "origins:action_over_time",
		"interval": 1,
		"entity_action": {
			"type": "origins:and",
			"actions": [
				{
					"type": "origins:if_else_list",
					"actions": [
						{
							"condition": {
								"type": "origins:command",
								"command": "clear @s netherite_sword{display:{Name:'[{\"text\":\"Warheart\",\"italic\":false,\"color\":\"aqua\",\"bold\":true}]'}} 0",
								"comparison": "==",
								"compare_to": 0
							},
							"action": {
								"type": "origins:execute_command",
								"command": "give @p netherite_sword{display:{Name:'[{\"text\":\"Warheart\",\"italic\":false,\"color\":\"aqua\",\"bold\":true}]'},Enchantments:[{id:sharpness,lvl:5},{id:unbreaking,lvl:1000}],HideFlags:1} 1"
							}
						},
						{
							"condition": {
								"type": "origins:command",
								"command": "clear @s netherite_sword{display:{Name:'[{\"text\":\"Warheart\",\"italic\":false,\"color\":\"aqua\",\"bold\":true}]'}} 0",
								"comparison": ">",
								"compare_to": 1
							},
							"action": {
								"type": "origins:execute_command",
								"command": "clear @s netherite_sword{display:{Name:'[{\"text\":\"Warheart\",\"italic\":false,\"color\":\"aqua\",\"bold\":true}]'}} 1"
							}
						}
					]
				},
				{
					"type": "origins:execute_command",
					"command": "kill @e[type=item,nbt={Item:{tag:{display:{Name:'[{\"text\":\"Warheart\",\"italic\":false,\"color\":\"aqua\",\"bold\":true}]'}}}}]"
				},
				{
					"type": "origins:execute_command",
					"command": "clear @e[tag=!shad] netherite_sword{display:{Name:'[{\"text\":\"Warheart\",\"italic\":false,\"color\":\"aqua\",\"bold\":true}]'}} 10"
				}
			]
		}
	},
	"tap": {
		"type": "origins:toggle",
		"active_by_default": true,
		"key": {
			"key": "secondary"
		},
		"retain_state": false
	},
	"remove": {
		"condition": {
			"inverted": true,
			"type": "origins:power_active",
			"power": "shadow:sword_tap"
		},
		"type": "origins:action_over_time",
		"interval": 1,
		"entity_action": {
			"type": "origins:and",
			"actions": [
				{
					"type": "origins:execute_command",
					"command": "kill @e[type=item,nbt={Item:{tag:{display:{Name:'[{\"text\":\"Warheart\",\"italic\":false,\"color\":\"aqua\",\"bold\":true}]'}}}}]"
				},
				{
					"type": "origins:execute_command",
					"command": "clear @a netherite_sword{display:{Name:'[{\"text\":\"Warheart\",\"italic\":false,\"color\":\"aqua\",\"bold\":true}]'}} 10"
				}
			]
		}
	},
	"nodmg": {
		"condition": {
			"inverted": true,
			"type": "origins:equipped_item",
			"equipment_slot": "mainhand",
			"item_condition": {
				"type": "origins:nbt",
				"nbt": "{display:{Name:'[{\"text\":\"Warheart\",\"italic\":false,\"color\":\"aqua\",\"bold\":true}]'}}"
			}
		},
		"type": "origins:modify_damage_dealt",
		"modifier": {
			"operation": "multiply_total",
			"value": -10
		}
	},
	"fx": {
		"type": "origins:active_self",
		"entity_action": {
			"type": "origins:and",
			"actions": [
				{
					"type": "origins:execute_command",
					"command": "particle soul ^ ^1 ^1 0.25 0.25 0.25 0 3"
				},
				{
					"type": "origins:play_sound",
					"sound": "minecraft:item.trident.throw",
					"volume": 1,
					"pitch": 0.7
				}
			]
		},
		"cooldown": 1,
		"hud_render": {
			"should_render": false
		},
		"key": {
			"key": "secondary",
			"continuous": false
		}
	}
}