{
    "name": "Graceful Pearl",
    "description": "Due to living off of primarily chorus fruits your kind has evolved natural end-pearls, allowing you to use one every 15 seconds.",
    "type": "origins:fire_projectile",
    "cooldown": 300,
    "hud_render": {
      "sprite_location": "origins:textures/gui/resource_bar.png",
      "bar_index": 6
    },
    "entity_type": "origins:enderian_pearl",
    "sound": "minecraft:entity.ender_pearl.throw",
    "speed": 1.5,
    "divergence": 1,
    "key": {
      "key": "key.origins.primary_active",
      "continuous": false
    }
  }