{
    "name": "§2§n",
    "hidden": true,
    "type": "origins:multiple",
    "underwater": {
        "condition": {
            "type": "origins:and",
            "conditions": [
                {
                    "type": "origins:submerged_in",
                    "fluid": "minecraft:water"
                },
                {
                    "type": "origins:enchantment",
                    "enchantment": "minecraft:aqua_affinity",
                    "calculation": "sum",
                    "comparison": "==",
                    "compare_to": 0
                }
            ]
        },
        "type": "origins:modify_break_speed",
        "modifier": {
            "operation": "multiply_total",
            "value": 4
        }
    },
    "ungrounded": {
        "condition": {
            "type": "origins:and",
            "conditions": [
                {
                    "type": "origins:fluid_height",
                    "fluid": "minecraft:water",
                    "comparison": ">",
                    "compare_to": 0
                },
                {
                    "inverted": true,
                    "type": "origins:on_block"
                }
            ]
        },
        "type": "origins:modify_break_speed",
        "modifier": {
            "operation": "multiply_total",
            "value": 4
        }
    }
}