{
    "name": "§4§nWeird Eyes§r",
    "description": "You have split, spider-like vision, you are also 1 block tall.",
    "type": "apoli:multiple",
    "small": {
        "type": "origins:action_on_callback",
        "entity_action_chosen": {
            "type": "origins:and",
            "actions": [
                {
                    "type": "origins:execute_command",
                    "command": "scale set pehkui:height 0.5 @s",
                    "permission_level": 4
                },
                {
                    "type": "origins:execute_command",
                    "command": "scale set pehkui:width 0.5 @s",
                    "permission_level": 4
                }
            ]
        },
        "execute_chosen_when_orb": true,
        "entity_action_lost": {
            "type": "origins:execute_command",
            "command": "scale reset @s",
            "permission_level": 4
        },
        "entity_action_respawned": {
            "type": "origins:and",
            "actions": [
                {
                    "type": "origins:execute_command",
                    "command": "scale set pehkui:height 0.5 @s",
                    "permission_level": 4
                },
                {
                    "type": "origins:execute_command",
                    "command": "scale set pehkui:width 0.5 @s",
                    "permission_level": 4
                }
            ]
        }
    }
}