{
    "name": "§4§nLight Sensitivity§r",
    "description": "Being in bright light blinds you if you're not wearing a helmet.",
    "condition": {
        "type": "origins:and",
        "conditions": [
            {
                "inverted": true,
                "type": "origins:in_block_anywhere",
                "block_condition": {
                    "type": "origins:movement_blocking"
                },
                "comparison": ">=",
                "compare_to": 1
            },
            {
                "type": "origins:equipped_item",
                "equipment_slot": "head",
                "item_condition": {
                    "type": "origins:empty"
                }
            },
            {
                "type": "origins:or",
                "conditions": [
                    {
                        "type": "origins:and",
                        "conditions": [
                            {
                                "type": "origins:daytime"
                            },
                            {
                                "type": "origins:in_block_anywhere",
                                "block_condition": {
                                    "type": "origins:light_level",
                                    "light_type": "sky",
                                    "comparison": ">=",
                                    "compare_to": 10
                                },
                                "comparison": ">=",
                                "compare_to": 1
                            }
                        ]
                    },
                    {
                        "type": "origins:and",
                        "conditions": [
                            {
                                "inverted": true,
                                "type": "origins:daytime"
                            },
                            {
                                "type": "origins:in_block_anywhere",
                                "block_condition": {
                                    "type": "origins:and",
                                    "conditions": [
                                        {
                                            "type": "origins:light_level",
                                            "light_type": "sky",
                                            "comparison": ">=",
                                            "compare_to": 10
                                        },
                                        {
                                            "type": "origins:light_level",
                                            "light_type": "block",
                                            "comparison": ">=",
                                            "compare_to": 7
                                        }
                                    ]
                                },
                                "comparison": ">=",
                                "compare_to": 1
                            }
                        ]
                    },
                    {
                        "type": "origins:in_block_anywhere",
                        "block_condition": {
                            "type": "origins:and",
                            "conditions": [
                                {
                                    "type": "origins:light_level",
                                    "light_type": "sky",
                                    "comparison": "<",
                                    "compare_to": 10
                                },
                                {
                                    "type": "origins:light_level",
                                    "light_type": "block",
                                    "comparison": ">",
                                    "compare_to": 7
                                }
                            ]
                        },
                        "comparison": ">=",
                        "compare_to": 1
                    }
                ]
            }
        ]
    },
    "type": "origins:action_over_time",
    "interval": 15,
    "entity_action": {
        "type": "origins:apply_effect",
        "effects": [
            {
                "effect": "blindness",
                "duration": 50,
                "amplifier": 0,
                "show_particles": false,
                "show_icon": true
            }
        ]
    },
    "rising_action": {
        "type": "origins:play_sound",
        "sound": "entity.bat.death",
        "volume": 1,
        "pitch": 1
    }
}