{
    "hidden": true,
    "type": "origins:multiple",
    "s_fall": {
        "condition": {
            "type": "origins:and",
            "conditions": [
                {
                    "type": "origins:resource",
                    "resource": "*:dragon/sizeswap_cd",
                    "comparison": ">",
                    "compare_to": 0
                },
                {
                    "type": "origins:resource",
                    "resource": "*:dragon/sizeswap_form",
                    "comparison": "==",
                    "compare_to": 1
                }
            ]
        },
        "type": "origins:invulnerability",
        "damage_condition": {
            "type": "origins:or",
            "conditions": [
                {
                    "type": "origins:name",
                    "name": "fall"
                },
                {
                    "type": "origins:name",
                    "name": "fall.player"
                }
            ]
        }
    },
    "s_hp": {
        "condition": {
            "type": "origins:and",
            "conditions": [
                {
                    "type": "origins:resource",
                    "resource": "*:dragon/sizeswap_cd",
                    "comparison": ">",
                    "compare_to": 0
                },
                {
                    "type": "origins:resource",
                    "resource": "*:dragon/sizeswap_form",
                    "comparison": "==",
                    "compare_to": 1
                }
            ]
        },
        "type": "origins:conditioned_attribute",
        "modifier": {
            "attribute": "generic.max_health",
            "operation": "addition",
            "value": -10
        },
        "tick_rate": 1,
        "update_health": true
    },
    "s_arm": {
        "condition": {
            "type": "origins:and",
            "conditions": [
                {
                    "type": "origins:resource",
                    "resource": "*:dragon/sizeswap_cd",
                    "comparison": ">",
                    "compare_to": 0
                },
                {
                    "type": "origins:resource",
                    "resource": "*:dragon/sizeswap_form",
                    "comparison": "==",
                    "compare_to": 1
                }
            ]
        },
        "type": "origins:conditioned_restrict_armor",
        "head": {
            "inverted": true,
            "type": "origins:empty"
        },
        "chest": {
            "inverted": true,
            "type": "origins:empty"
        },
        "legs": {
            "inverted": true,
            "type": "origins:empty"
        },
        "feet": {
            "inverted": true,
            "type": "origins:empty"
        },
        "tick_rate": 20
    },
    "act": {
        "condition": {
            "type": "origins:resource",
            "resource": "*:dragon/sizeswap_cd",
            "comparison": ">",
            "compare_to": 0
        },
        "type": "origins:action_over_time",
        "interval": 1,
        "rising_action": {
            "type": "origins:if_else_list",
            "actions": [
                {
                    "condition": {
                        "type": "origins:resource",
                        "resource": "*:dragon/sizeswap_form",
                        "comparison": "==",
                        "compare_to": 1
                    },
                    "action": {
                        "type": "origins:and",
                        "actions": [
                            {
                                "type": "origins:execute_command",
                                "command": "scale set pehkui:height 0.25 @s"
                            },
                            {
                                "type": "origins:execute_command",
                                "command": "scale set pehkui:width 0.25 @s"
                            }
                        ]
                    }
                },
                {
                    "condition": {
                        "type": "origins:resource",
                        "resource": "*:dragon/sizeswap_form",
                        "comparison": "==",
                        "compare_to": 2
                    },
                    "action": {
                        "type": "origins:and",
                        "actions": [
                            {
                                "type": "origins:execute_command",
                                "command": "scale set pehkui:height 1.5 @s"
                            },
                            {
                                "type": "origins:execute_command",
                                "command": "scale set pehkui:width 1.5 @s"
                            }
                        ]
                    }
                }
            ]
        },
        "falling_action": {
            "type": "origins:and",
            "actions": [
                {
                    "type": "origins:execute_command",
                    "command": "particle flame ~ ~1.5 ~ 0.25 0.25 0.25 0 50"
                },
                {
                    "type": "origins:execute_command",
                    "command": "scale reset @s"
                }
            ]
        }
    },
    "act2": {
        "condition": {
            "type": "origins:resource",
            "resource": "*:dragon/sizeswap_cd",
            "comparison": ">",
            "compare_to": 0
        },
        "type": "origins:action_over_time",
        "interval": 1,
        "falling_action": {
            "type": "origins:change_resource",
            "resource": "*:dragon/sizeswap_swap",
            "change": 1,
            "operation": "set"
        }
    },
    "callback": {
        "type": "origins:action_on_callback",
        "entity_action_lost": {
            "type": "origins:execute_command",
            "command": "scale reset @s",
            "permission_level": 4
        }
    }
}