{
	"type": "minecraft:entity",
	"pools": [
		{
			"rolls": 1,
			"entries": [
				{
					"type": "minecraft:item",
					"name": "minecraft:blaze_powder",
					"functions": [
						{
							"function": "minecraft:set_nbt",
							"tag": "{display:{Name:'{\"text\":\"Fire Shard\",\"color\":\"gold\",\"bold\":true}'},CustomModelData:69,Enchantments:[{}]}"
						}
					],
					"conditions": [
						{
							"condition": "minecraft:inverted",
							"term": {
								"condition": "minecraft:entity_properties",
								"entity": "this",
								"predicate": {
									"nbt": "{Tags:[\"five\"]}"
								}
							}
						}
					]
				},
				{
					"type": "minecraft:item",
					"name": "minecraft:blaze_powder",
					"functions": [
						{
							"function": "minecraft:set_nbt",
							"tag": "{display:{Name:'{\"text\":\"Fire Shard\",\"color\":\"gold\",\"bold\":true}'},CustomModelData:69,Enchantments:[{}]}"
						},
						{
							"function": "set_count",
							"count": {
								"min": 5,
								"max": 5
							}
						}
					],
					"conditions": [
						{
							"condition": "minecraft:entity_properties",
							"entity": "this",
							"predicate": {
								"nbt": "{Tags:[\"five\"]}"
							}
						}
					]
				}
			],
			"conditions": [
				{
					"condition": "minecraft:killed_by_player"
				}
			]
		}
	]
}