{
    "powers": [
        "latoorigins:bite_sized",
        "latoorigins:bite_sized_dummy",
        "latoorigins:bite_sized_dummy2",
        "latoorigins:webbed_feet",
        "latoorigins:underwater_ally",
        "latoorigins:underwater_ally2",
        "latoorigins:underwater_home",
        "latoorigins:small_appetite",
        "latoorigins:lightweight",
        "origins:light_armor",
        "origins:water_vision",
        "origins:swim_speed",
        "origins:aqua_affinity",
        "origins:like_water",
        "origins:water_breathing",
        "latoorigins:regenerate",
        "latoorigins:play_dead"
    ],
    "icon": "salmon",
    "order": 1,
    "impact": 3,
    "loading_priority": 2147483647,
    "unchoosable": true
}