{
    "powers": [
        "latoorigins:warp",
        "latoorigins:mist_arms",
        "latoorigins:mist_skin",
        "latoorigins:mist_body",
        "latoorigins:mist_body_dummy",
        "origins:ender_particles",
        "origins:water_vulnerability",
        "latoorigins:old_friends",
        "latoorigins:dimensional_traveler",
        "latoorigins:adaptive"
    ],
    "icon": "ender_eye",
    "order": 1,
    "impact": 3,
    "loading_priority": 2147483647,
    "unchoosable": true
}