{
    "powers": [
        "latoorigins:water_walk",
        "latoorigins:flight",
        "latoorigins:indestructible",
        "origins:aerial_combatant",
        "origins:aqua_affinity",
        "origins:aquatic",
        "origins:burning_wrath",
        "origins:cat_vision",
        "origins:ender_particles",
        "origins:extra_reach",
        "origins:fall_immunity",
        "origins:fire_immunity",
        "origins:flame_particles",
        "origins:hotblooded",
        "origins:like_water",
        "origins:natural_armor",
        "origins:no_cobweb_slowdown",
        "origins:shulker_inventory",
        "origins:scare_creepers",
        "origins:slow_falling",
        "origins:sprint_jump",
        "origins:translucent",
        "origins:strong_arms",
        "origins:strong_arms_break_speed",
        "origins:tailwind",
        "origins:water_vision",
        "origins:webbing",
        "origins:swim_speed",
        "latoorigins:natural_regeneration"
    ],
    "icon": "nether_star",
    "order": 1,
    "impact": 3,
    "loading_priority": 2147483647,
    "unchoosable": true
}