{
    "powers": [
        "latoorigins:iron_knowledge",
        "latoorigins:iron_body",
        "latoorigins:iron_body_dummy",
        "latoorigins:village_spawn",
        "latoorigins:powerful_arms",
        "origins:natural_armor",
        "latoorigins:long_arms",
        "latoorigins:iron_diet",
        "latoorigins:iron_diet_dummy",
        "origins:more_exhaustion",
        "origins:strong_arms",
        "origins:strong_arms_break_speed"
    ],
    "icon": "iron_block",
    "order": 1,
    "impact": 2,
    "loading_priority": 2147483647,
    "unchoosable": true
}