{
    "powers": [
        "latoorigins:slippery",
        "latoorigins:phasing",
        "latoorigins:no_fall",
        "latoorigins:not_solid",
        "latoorigins:high_jump",
        "latoorigins:slow_swimming",
        "latoorigins:speed_increase",
        "latoorigins:replace_sounds",
        "latoorigins:slimelike_body",
        "latoorigins:dominant_subspecies",
        "latoorigins:projectile_absorption"
    ],
    "icon": "slime_ball",
    "order": 1,
    "impact": 2,
    "loading_priority": 2147483647,
    "unchoosable": true
}