{
    "powers": [
        "latoorigins:built_up_dash",
        "latoorigins:built_up_dash_dummy",
        "latoorigins:grass_graze",
        "origins:vegetarian",
        "origins:no_shield",
        "latoorigins:habitat_advantage",
        "latoorigins:hoofed",
        "latoorigins:hoofed_dummy",
        "latoorigins:tough_hide",
        "latoorigins:horned"
    ],
    "icon": "grass_block",
    "order": 1,
    "impact": 2,
    "loading_priority": 2147483647,
    "unchoosable": true
}