{
	"name": "§1§nDouble Jump§r",
	"description": "You can jump again midair.",
	"type": "origins:multiple",
	"uppity": {
		"type": "origins:resource",
		"min": 0,
		"max": 1,
		"start_value": 1,
		"hud_render": {
			"should_render": false
		}
	},
	"act": {
		"condition": {
			"type": "origins:and",
			"conditions": [
				{
					"type": "origins:resource",
					"resource": "*:*_uppity",
					"comparison": ">",
					"compare_to": 0
				},
				{
					"type": "origins:on_block",
					"inverted": true
				},
				{
					"type": "origins:fluid_height",
					"fluid": "water",
					"comparison": "==",
					"compare_to": 0
				},
				{
					"type": "origins:fluid_height",
					"fluid": "lava",
					"comparison": "==",
					"compare_to": 0
				}
			]
		},
		"type": "origins:active_self",
		"entity_action": {
			"type": "origins:and",
			"actions": [
				{
					"type": "origins:add_velocity",
					"y": 0.75,
					"space": "world",
					"client": true,
					"server": true,
					"set": true
				},
				{
					"type": "origins:execute_command",
					"command": "particle entity_effect ~ ~1.5 ~ 0.25 0.25 0.25 0 25"
				},
				{
					"type": "origins:change_resource",
					"resource": "*:*_uppity",
					"change": -1
				},
				{
					"type": "origins:if_else",
					"condition": {
						"type": "origins:moving"
					},
					"if_action": {
						"type": "origins:add_velocity",
						"z": 0.6,
						"space": "local",
						"client": true,
						"server": true
					}
				}
			]
		},
		"cooldown": 5,
		"hud_render": {
			"should_render": false
		},
		"key": {
			"key": "key.jump",
			"continuous": false
		}
	},
	"reset": {
		"condition": {
			"type": "origins:on_block"
		},
		"type": "origins:action_over_time",
		"interval": 1,
		"entity_action": {
			"type": "origins:change_resource",
			"resource": "*:*_uppity",
			"change": 10
		}
	},
	"safefall": {
		"condition": {
			"type": "origins:and",
			"conditions": [
				{
					"type": "origins:resource",
					"resource": "*:*_uppity",
					"comparison": "==",
					"compare_to": 0
				},
				{
					"type": "origins:fall_distance",
					"comparison": "<",
					"compare_to": 10
				}
			]
		},
		"type": "origins:invulnerability",
		"damage_condition": {
			"type": "origins:or",
			"conditions": [
				{
					"type": "origins:name",
					"name": "fall"
				},
				{
					"type": "origins:name",
					"name": "fall.player"
				}
			]
		}
	},
	"halffall": {
		"condition": {
			"type": "origins:and",
			"conditions": [
				{
					"type": "origins:resource",
					"resource": "*:*_number_of_jumps",
					"comparison": "==",
					"compare_to": 0
				},
				{
					"type": "origins:fall_distance",
					"comparison": ">",
					"compare_to": 10
				}
			]
		},
		"type": "origins:modify_damage_taken",
		"damage_condition": {
			"type": "origins:or",
			"conditions": [
				{
					"type": "origins:name",
					"name": "fall"
				},
				{
					"type": "origins:name",
					"name": "fall.player"
				}
			]
		},
		"modifier": {
			"operation": "multiply_total",
			"value": -0.5
		}
	}
}