{
    "name": "§4§nFighting Preference",
    "description": "Wielding anything but a sword is disadvantageous for you.",
    "condition": {
        "type": "origins:and",
        "conditions": [
            {
                "type": "origins:equipped_item",
                "equipment_slot": "mainhand",
                "item_condition": {
                    "type": "origins:ingredient",
                    "ingredient": {
                        "tag": "nixo:notsword"
                    }
                }
            },
            {
                "type": "origins:equipped_item",
                "equipment_slot": "offhand",
                "item_condition": {
                    "type": "origins:ingredient",
                    "ingredient": {
                        "tag": "nixo:notsword"
                    }
                }
            }
        ]
    },
    "type": "origins:conditioned_attribute",
    "modifiers": [
        {
            "attribute": "generic.attack_damage",
            "operation": "multiply_total",
            "value": -0.2
        },
        {
            "attribute": "generic.max_health",
            "operation": "addition",
            "value": -4
        }
    ],
    "tick_rate": 1,
    "update_health": false
}