{
    "name": "Daylight Sensitivity",
    "description": "You burn in sunlight unless wearing a helmet.",
    "type": "origins:burn",
    "interval": 20,
    "burn_duration": 6,
    "condition": {
        "type": "origins:and",
        "conditions": [
            {
                "type": "origins:exposed_to_sun"
            },
            {
                "type": "origins:equipped_item",
                "equipment_slot": "head",
                "item_condition": {
                    "type": "origins:ingredient",
                    "ingredient": {
                        "item": "air"
                    }
                }
            }
        ]
    }
}