{
	"name": "Hostile",
	"description": "Undead mobs ignore you until you attack them, if hit, they will remain aggressive for a few seconds.",
	"type": "origins:multiple",
	"team": {
		"type": "origins:action_over_time",
		"interval": 1,
		"entity_action": {
			"type": "origins:and",
			"actions": [
				{
					"type": "origins:execute_command",
					"command": "team join undead @e[tag=!aggro,type=#undead:undead,distance=..100]"
				},
				{
					"type": "origins:execute_command",
					"command": "team leave @e[tag=aggro,distance=..100]"
				}
			]
		}
	},
	"remove": {
		"type": "origins:action_over_time",
		"interval": 200,
		"entity_action": {
			"type": "origins:and",
			"actions": [
				{
					"type": "origins:execute_command",
					"command": "tag @e remove aggro"
				}
			]
		}
	},
	"aggro": {
		"type": "origins:target_action_on_hit",
		"entity_action": {
			"type": "origins:execute_command",
			"command": "tag @s add aggro"
		},
		"cooldown": 0,
		"hud_render": {
			"should_render": false
		}
	},
	"teamer": {
		"type": "origins:action_on_callback",
		"entity_action_chosen": {
			"type": "origins:and",
			"actions": [
				{
					"type": "origins:execute_command",
					"command": "tag @s add undead",
					"permission_level": 4
				},
				{
					"type": "origins:execute_command",
					"command": "team add undead",
					"permission_level": 4
				},
				{
					"type": "origins:execute_command",
					"command": "team join undead @s",
					"permission_level": 4
				}
			]
		},
		"execute_chosen_when_orb": true,
		"entity_action_lost": {
			"type": "origins:and",
			"actions": [
				{
					"type": "origins:execute_command",
					"command": "tag @s remove undead",
					"permission_level": 4
				},
				{
					"type": "origins:execute_command",
					"command": "team remove undead",
					"permission_level": 4
				}
			]
		}
	}
}