{
    "type": "origins:multiple",
    "particles": {
        "condition": {
            "type": "origins:and",
            "conditions": [
                {
                    "inverted": true,
                    "type": "origins:invisible"
                },
                {
                    "inverted": true,
                    "type": "origins:status_effect",
                    "effect": "invisibility"
                }
            ]
        },
        "type": "origins:action_over_time",
        "interval": 3,
        "entity_action": {
            "type": "origins:execute_command",
            "command": "particle item blue_ice ~ ~0.5 ~ 0.5 0.5 0.5 0 2",
            "permission_level": 4
        }
    },
    "freezing": {
        "type": "origins:freeze"
    },
    "remove": {
        "type": "origins:action_over_time",
        "interval": 1,
        "entity_action": {
            "type": "origins:execute_command",
            "command": "execute if entity @e[tag=iceb,distance=9..] run power revoke @s dark:ice/frozen",
            "permission_level": 4
        }
    }
}