{
    "hidden": true,
    "condition": {
        "type": "origins:and",
        "conditions": [
            {
                "inverted": true,
                "type": "origins:invisible"
            },
            {
                "inverted": true,
                "type": "origins:status_effect",
                "effect": "invisibility"
            }
        ]
    },
    "type": "origins:action_over_time",
    "interval": 8,
    "entity_action": {
        "type": "origins:execute_command",
        "command": "particle snowflake ~ ~ ~ 1 1 1 0 2",
        "permission_level": 4
    }
}