{
    "name": "Picky Appetite",
    "description": "You can only gain hunger from seeds and water bottles.",
    "type": "origins:multiple",
    "no": {
        "type": "origins:prevent_item_use",
        "item_condition": {
            "type": "origins:food"
        }
    },
    "seeds": {
        "condition": {
            "type": "origins:food_level",
            "comparison": "<",
            "compare_to": 20
        },
        "type": "origins:active_self",
        "entity_action": {
            "type": "origins:if_else_list",
            "actions": [
                {
                    "condition": {
                        "type": "origins:equipped_item",
                        "equipment_slot": "mainhand",
                        "item_condition": {
                            "type": "origins:ingredient",
                            "ingredient": [
                                {
                                    "item": "wheat_seeds"
                                },
                                {
                                    "item": "melon_seeds"
                                },
                                {
                                    "item": "pumpkin_seeds"
                                },
                                {
                                    "item": "beetroot_seeds"
                                }
                            ]
                        }
                    },
                    "action": {
                        "type": "origins:and",
                        "actions": [
                            {
                                "type": "origins:equipped_item_action",
                                "equipment_slot": "mainhand",
                                "action": {
                                    "type": "origins:consume",
                                    "amount": 4
                                }
                            },
                            {
                                "type": "origins:feed",
                                "food": 16,
                                "saturation": 8
                            }
                        ]
                    }
                },
                {
                    "condition": {
                        "type": "origins:equipped_item",
                        "equipment_slot": "offhand",
                        "item_condition": {
                            "type": "origins:ingredient",
                            "ingredient": [
                                {
                                    "item": "wheat_seeds"
                                },
                                {
                                    "item": "melon_seeds"
                                },
                                {
                                    "item": "pumpkin_seeds"
                                },
                                {
                                    "item": "beetroot_seeds"
                                }
                            ]
                        }
                    },
                    "action": {
                        "type": "origins:and",
                        "actions": [
                            {
                                "type": "origins:equipped_item_action",
                                "equipment_slot": "offhand",
                                "action": {
                                    "type": "origins:consume",
                                    "amount": 6
                                }
                            },
                            {
                                "type": "origins:feed",
                                "food": 16,
                                "saturation": 8
                            }
                        ]
                    }
                }
            ]
        },
        "cooldown": 40,
        "hud_render": {
            "should_render": false
        },
        "key": {
            "key": "key.use",
            "continuous": true
        }
    },
    "water": {
        "condition": {
            "type": "origins:food_level",
            "comparison": "<",
            "compare_to": 20
        },
        "type": "origins:active_self",
        "entity_action": {
            "type": "origins:if_else_list",
            "actions": [
                {
                    "condition": {
                        "type": "origins:equipped_item",
                        "equipment_slot": "mainhand",
                        "item_condition": {
                            "type": "origins:and",
                            "conditions": [
                                {
                                    "type": "origins:ingredient",
                                    "ingredient": {
                                        "item": "potion"
                                    }
                                },
                                {
                                    "type": "origins:nbt",
                                    "nbt": "{Potion:\"minecraft:water\"}"
                                }
                            ]
                        }
                    },
                    "action": {
                        "type": "origins:and",
                        "actions": [
                            {
                                "type": "origins:equipped_item_action",
                                "equipment_slot": "mainhand",
                                "action": {
                                    "type": "origins:consume",
                                    "amount": 1
                                }
                            },
                            {
                                "type": "origins:feed",
                                "food": 1,
                                "saturation": 1
                            },
                            {
                                "type": "origins:execute_command",
                                "command": "give @s glass_bottle 1"
                            }
                        ]
                    }
                },
                {
                    "condition": {
                        "type": "origins:equipped_item",
                        "equipment_slot": "offhand",
                        "item_condition": {
                            "type": "origins:and",
                            "conditions": [
                                {
                                    "type": "origins:ingredient",
                                    "ingredient": {
                                        "item": "potion"
                                    }
                                },
                                {
                                    "type": "origins:nbt",
                                    "nbt": "{Potion:\"minecraft:water\"}"
                                }
                            ]
                        }
                    },
                    "action": {
                        "type": "origins:and",
                        "actions": [
                            {
                                "type": "origins:equipped_item_action",
                                "equipment_slot": "offhand",
                                "action": {
                                    "type": "origins:consume",
                                    "amount": 1
                                }
                            },
                            {
                                "type": "origins:feed",
                                "food": 1,
                                "saturation": 1
                            },
                            {
                                "type": "origins:execute_command",
                                "command": "give @s glass_bottle 1"
                            }
                        ]
                    }
                }
            ]
        },
        "cooldown": 5,
        "hud_render": {
            "should_render": false
        },
        "key": {
            "key": "key.use",
            "continuous": true
        }
    }
}