{
    "name": "Cutting Season",
    "description": "Shears do more damage to you.",
    "type": "origins:modify_damage_taken",
    "damage_condition": {
        "type": "origins:attacker",
        "entity_condition": {
            "type": "origins:equipped_item",
            "equipment_slot": "mainhand",
            "item_condition": {
                "type": "origins:ingredient",
                "ingredient": {
                    "item": "shears"
                }
            }
        }
    },
    "modifier": {
        "operation": "addition",
        "value": 5
    }
}