{
    "name": "§2§nUntracable§r",
    "description": "You would have been caught long ago if you were able to be traced, your nametag is invisible.",
    "type": "origins:action_on_callback",
    "entity_action_chosen": {
        "type": "origins:and",
        "actions": [
            {
                "type": "apoli:delay",
                "action": {
                    "type": "origins:execute_command",
                    "command": "resource set @s conv:cd 1",
                    "permission_level": 4
                },
                "ticks": 3
            },
            {
                "type": "origins:execute_command",
                "command": "team add hide",
                "permission_level": 4
            },
            {
                "type": "origins:execute_command",
                "command": "team join hide @s",
                "permission_level": 4
            },
            {
                "type": "origins:execute_command",
                "command": "team modify hide nametagVisibility never",
                "permission_level": 4
            }
        ]
    },
    "execute_chosen_when_orb": true,
    "entity_action_lost": {
        "type": "origins:and",
        "actions": [
            {
                "type": "origins:execute_command",
                "command": "team remove hide",
                "permission_level": 4
            }
        ]
    }
}