{
    "name": "§1§nCharm§r",
    "description": "Make every entity around you friendly to you for 30 seconds.",
    "type": "origins:multiple",
    "use": {
        "type": "origins:active_self",
        "entity_action": {
            "type": "origins:and",
            "actions": [
                {
                    "type": "origins:execute_command",
                    "command": "particle crimson_spore ~ ~1 ~ 3 0 3 0 300"
                },
                {
                    "type": "origins:execute_command",
                    "command": "tag @e[distance=..100] add charmed"
                },
                {
                    "type": "origins:execute_command",
                    "command": "team join charm @e[tag=charmed,distance=..100]"
                },
                {
                    "type": "origins:trigger_cooldown",
                    "power": "*:demon/charm_dur"
                },
                {
                    "type": "origins:play_sound",
                    "sound": "entity.illusioner.cast_spell",
                    "volume": 2,
                    "pitch": 0.5
                }
            ]
        },
        "cooldown": 1200,
        "hud_render": {
            "should_render": true,
            "sprite_location": "origins:textures/gui/community/spiderkolo/resource_bar_03.png",
            "bar_index": 9,
            "condition": {
                "type": "origins:resource",
                "resource": "*:demon/charm_dur",
                "comparison": "==",
                "compare_to": 0
            }
        },
        "key": {
            "key": "secondary"
        }
    },
    "dur": {
        "type": "origins:cooldown",
        "cooldown": 600,
        "hud_render": {
            "should_render": true,
            "sprite_location": "origins:textures/gui/community/huang/resource_bar_01.png",
            "bar_index": 4
        }
    },
    "end": {
        "condition": {
            "type": "origins:resource",
            "resource": "*:demon/charm_dur",
            "comparison": ">",
            "compare_to": 0
        },
        "type": "origins:action_over_time",
        "interval": 5,
        "entity_action": {
            "type": "origins:execute_command",
            "command": "execute as @e[tag=charmed,distance=1..100] at @s run particle dust 1 0 0 2 ~ ~1 ~ 0.25 0.25 0.25 0 3"
        },
        "falling_action": {
            "type": "origins:and",
            "actions": [
                {
                    "type": "origins:change_resource",
                    "resource": "*:demon/charm_use",
                    "change": 1,
                    "operation": "set"
                },
                {
                    "type": "origins:execute_command",
                    "command": "team leave @e[tag=charmed]"
                },
                {
                    "type": "origins:execute_command",
                    "command": "tag @e remove charmed"
                }
            ]
        }
    },
    "team": {
        "type": "origins:action_on_callback",
        "entity_action_chosen": {
            "type": "origins:and",
            "actions": [
                {
                    "type": "origins:execute_command",
                    "command": "team add charm"
                }
            ]
        },
        "execute_chosen_when_orb": true,
        "entity_action_lost": {
            "type": "origins:and",
            "actions": [
                {
                    "type": "origins:execute_command",
                    "command": "team leave @s"
                },
                {
                    "type": "origins:execute_command",
                    "command": "scale reset @s"
                },
                {
                    "type": "origins:execute_command",
                    "command": "tag @e remove charmed"
                }
            ]
        }
    },
    "villa": {
        "condition": {
            "type": "origins:command",
            "command": "execute if entity @s[tag=charmed]",
            "comparison": "==",
            "compare_to": 0
        },
        "type": "origins:prevent_entity_use",
        "bientity_condition": {
            "type": "origins:target_condition",
            "condition": {
                "type": "origins:entity_type",
                "entity_type": "villager"
            }
        }
    }
}