{
    "name": "§e§nSoul Eater",
    "description": "You don't have a face to eat with, instead you consume XP passively. Toggle with SaveToolbar to stop eating automatically.",
    "type": "origins:multiple",
    "food": {
        "type": "origins:prevent_item_use",
        "item_condition": {
            "type": "origins:food"
        }
    },
    "xp": {
        "condition": {
            "type": "origins:and",
            "conditions": [
                {
                    "type": "origins:resource",
                    "resource": "*:demon/souleat_tap",
                    "comparison": "==",
                    "compare_to": 1
                },
                {
                    "type": "origins:saturation_level",
                    "comparison": "<",
                    "compare_to": 20
                },
                {
                    "type": "origins:or",
                    "conditions": [
                        {
                            "type": "origins:xp_points",
                            "comparison": ">",
                            "compare_to": 3
                        },
                        {
                            "type": "origins:xp_levels",
                            "comparison": ">",
                            "compare_to": 0
                        }
                    ]
                }
            ]
        },
        "type": "origins:action_over_time",
        "interval": 10,
        "entity_action": {
            "type": "origins:and",
            "actions": [
                {
                    "type": "origins:execute_command",
                    "command": "xp add @s -2 points"
                },
                {
                    "type": "origins:feed",
                    "food": 1,
                    "saturation": 0.5
                }
            ]
        }
    },
    "act": {
        "type": "origins:active_self",
        "entity_action": {
            "type": "origins:if_else",
            "condition": {
                "type": "origins:resource",
                "resource": "*:demon/souleat_tap",
                "comparison": "==",
                "compare_to": 0
            },
            "if_action": {
                "type": "origins:and",
                "actions": [
                    {
                        "type": "origins:execute_command",
                        "command": "title @s actionbar {\"text\":\"§b§lSoulfeed Active\"}"
                    },
                    {
                        "type": "origins:play_sound",
                        "sound": "minecraft:block.note_block.chime",
                        "volume": 1,
                        "pitch": 1
                    },
                    {
                        "type": "origins:delay",
                        "action": {
                            "type": "origins:change_resource",
                            "resource": "*:demon/souleat_tap",
                            "change": 1,
                            "operation": "add"
                        },
                        "ticks": 2
                    }
                ]
            },
            "else_action": {
                "type": "origins:and",
                "actions": [
                    {
                        "type": "origins:execute_command",
                        "command": "title @s actionbar {\"text\":\"§6§lSoulfeed Inactive\"}"
                    },
                    {
                        "type": "origins:play_sound",
                        "sound": "minecraft:block.note_block.chime",
                        "volume": 1,
                        "pitch": 0.5
                    },
                    {
                        "type": "origins:delay",
                        "action": {
                            "type": "origins:change_resource",
                            "resource": "*:demon/souleat_tap",
                            "change": -1,
                            "operation": "add"
                        },
                        "ticks": 2
                    }
                ]
            }
        },
        "cooldown": 0,
        "hud_render": {
            "should_render": false
        },
        "key": {
            "key": "key.saveToolbarActivator"
        }
    },
    "tap": {
        "type": "origins:resource",
        "min": 0,
        "max": 1,
        "start_value": 1,
        "hud_render": {
            "should_render": false
        }
    }
}