{
    "name": "§5§nNo Charge§r",
    "description": "You have no charge between attacks and still do max damage per hit.",
    "type": "apoli:multiple",
    "all": {
        "type": "origins:conditioned_attribute",
        "condition": {
            "inverted": true,
            "type": "origins:equipped_item",
            "equipment_slot": "mainhand",
            "item_condition": {
                "type": "origins:ingredient",
                "ingredient": {
                    "tag": "bed:netherite"
                }
            }
        },
        "modifier": {
            "attribute": "generic.attack_speed",
            "operation": "multiply_total",
            "value": 4
        },
        "update_health": false
    },
    "no": {
        "type": "origins:conditioned_attribute",
        "condition": {
            "type": "origins:equipped_item",
            "equipment_slot": "mainhand",
            "item_condition": {
                "type": "origins:ingredient",
                "ingredient": {
                    "tag": "bed:netherite"
                }
            }
        },
        "modifier": {
            "attribute": "generic.attack_speed",
            "operation": "multiply_total",
            "value": -10
        },
        "update_health": false
    }
}