{
    "name": "§4§nDeepslate Sickness",
    "description": "Since you're not used to being this deep, going under y=0 gives you Weakness.",
    "condition": {
        "type": "origins:in_block_anywhere",
        "block_condition": {
            "type": "origins:height",
            "comparison": "<",
            "compare_to": 0
        },
        "comparison": ">=",
        "compare_to": 1
    },
    "type": "origins:action_over_time",
    "interval": 55,
    "entity_action": {
        "type": "origins:apply_effect",
        "effect": {
            "effect": "weakness",
            "duration": 100,
            "amplifier": 1,
            "show_particles": false,
            "show_icon": true
        }
    }
}