{
    "name": "§e§nTools & PvP§r",
    "description": "You can't use crossbows and they do more damage to you.\nYou deal more damage with a bow and you take less damage from them.\nNetherite does more damage to you, and you cant use it.\nAll non-netherite tools, armor and weapons are boosted for you.",
    "type": "origins:multiple",
    "gapples": {
        "type": "origins:modify_food",
        "item_condition": {
            "type": "origins:ingredient",
            "ingredient": {
                "item": "golden_apple"
            }
        },
        "entity_action": {
            "type": "origins:apply_effect",
            "effect": {
                "effect": "regeneration",
                "duration": 180,
                "amplifier": 2,
                "show_particles": true,
                "show_icon": true
            }
        }
    },
    "gapples2": {
        "type": "origins:modify_food",
        "item_condition": {
            "type": "origins:ingredient",
            "ingredient": {
                "item": "golden_apple"
            }
        },
        "entity_action": {
            "type": "origins:apply_effect",
            "effect": {
                "effect": "regeneration",
                "duration": 600,
                "amplifier": 3,
                "show_particles": true,
                "show_icon": true
            }
        }
    },
    "nether": {
        "type": "origins:modify_damage_dealt",
        "damage_condition": {
            "type": "origins:attacker",
            "entity_condition": {
                "type": "origins:equipped_item",
                "equipment_slot": "mainhand",
                "item_condition": {
                    "type": "origins:ingredient",
                    "ingredient": {
                        "tag": "bed:netherite"
                    }
                }
            }
        },
        "modifier": {
            "operation": "multiply_total",
            "value": -1
        }
    },
    "nether2": {
        "type": "origins:prevent_item_use",
        "item_condition": {
            "type": "origins:ingredient",
            "ingredient": {
                "tag": "bed:netherite"
            }
        }
    },
    "nether3": {
        "condition": {
            "type": "origins:equipped_item",
            "equipment_slot": "mainhand",
            "item_condition": {
                "type": "origins:ingredient",
                "ingredient": {
                    "tag": "bed:netherite"
                }
            }
        },
        "type": "origins:modify_break_speed",
        "modifier": {
            "operation": "multiply_total",
            "value": -1
        }
    },
    "cross": {
        "type": "origins:modify_damage_taken",
        "damage_condition": {
            "type": "origins:and",
            "conditions": [
                {
                    "type": "origins:attacker",
                    "entity_condition": {
                        "type": "origins:or",
                        "conditions": [
                            {
                                "type": "origins:equipped_item",
                                "equipment_slot": "mainhand",
                                "item_condition": {
                                    "type": "origins:ingredient",
                                    "ingredient": {
                                        "item": "crossbow"
                                    }
                                }
                            },
                            {
                                "type": "origins:equipped_item",
                                "equipment_slot": "offhand",
                                "item_condition": {
                                    "type": "origins:ingredient",
                                    "ingredient": {
                                        "item": "crossbow"
                                    }
                                }
                            }
                        ]
                    }
                },
                {
                    "type": "origins:or",
                    "conditions": [
                        {
                            "type": "origins:projectile",
                            "projectile": "arrow"
                        },
                        {
                            "type": "origins:projectile",
                            "projectile": "spectral_arrow"
                        }
                    ]
                }
            ]
        },
        "modifier": {
            "operation": "multiply_total",
            "value": 0.3
        }
    },
    "bow": {
        "type": "origins:modify_projectile_damage",
        "damage_condition": {
            "type": "origins:or",
            "conditions": [
                {
                    "type": "origins:projectile",
                    "projectile": "arrow"
                },
                {
                    "type": "origins:projectile",
                    "projectile": "spectral_arrow"
                }
            ]
        },
        "modifier": {
            "operation": "multiply_total",
            "value": 0.3
        }
    },
    "bow2": {
        "type": "origins:modify_damage_taken",
        "damage_condition": {
            "type": "origins:and",
            "conditions": [
                {
                    "type": "origins:attacker",
                    "entity_condition": {
                        "type": "origins:or",
                        "conditions": [
                            {
                                "type": "origins:equipped_item",
                                "equipment_slot": "mainhand",
                                "item_condition": {
                                    "type": "origins:ingredient",
                                    "ingredient": {
                                        "item": "bow"
                                    }
                                }
                            },
                            {
                                "type": "origins:equipped_item",
                                "equipment_slot": "offhand",
                                "item_condition": {
                                    "type": "origins:ingredient",
                                    "ingredient": {
                                        "item": "bow"
                                    }
                                }
                            }
                        ]
                    }
                },
                {
                    "type": "origins:or",
                    "conditions": [
                        {
                            "type": "origins:projectile",
                            "projectile": "arrow"
                        },
                        {
                            "type": "origins:projectile",
                            "projectile": "spectral_arrow"
                        }
                    ]
                }
            ]
        },
        "modifier": {
            "operation": "multiply_total",
            "value": -0.3
        }
    },
    "notnether": {
        "condition": {
            "type": "origins:equipped_item",
            "equipment_slot": "mainhand",
            "item_condition": {
                "type": "origins:ingredient",
                "ingredient": {
                    "tag": "bed:sword"
                }
            }
        },
        "type": "origins:modify_break_speed",
        "modifier": {
            "operation": "multiply_total",
            "value": 0.1
        }
    },
    "netherarmor": {
        "type": "origins:restrict_armor",
        "head": {
            "type": "origins:ingredient",
            "ingredient": [
                {
                    "item": "netherite_helmet"
                }
            ]
        },
        "chest": {
            "type": "origins:ingredient",
            "ingredient": [
                {
                    "item": "netherite_chestplate"
                }
            ]
        },
        "legs": {
            "type": "origins:ingredient",
            "ingredient": [
                {
                    "item": "netherite_leggings"
                }
            ]
        },
        "feet": {
            "type": "origins:ingredient",
            "ingredient": [
                {
                    "item": "netherite_boots"
                }
            ]
        }
    },
    "res": {
        "name": "literally placebo until u wear a full set",
        "condition": {
            "type": "origins:and",
            "conditions": [
                {
                    "type": "origins:equipped_item",
                    "equipment_slot": "head",
                    "item_condition": {
                        "inverted": true,
                        "type": "origins:empty"
                    }
                },
                {
                    "type": "origins:equipped_item",
                    "equipment_slot": "chest",
                    "item_condition": {
                        "inverted": true,
                        "type": "origins:empty"
                    }
                },
                {
                    "type": "origins:equipped_item",
                    "equipment_slot": "legs",
                    "item_condition": {
                        "inverted": true,
                        "type": "origins:empty"
                    }
                },
                {
                    "type": "origins:equipped_item",
                    "equipment_slot": "feet",
                    "item_condition": {
                        "inverted": true,
                        "type": "origins:empty"
                    }
                }
            ]
        },
        "type": "origins:modify_damage_taken",
        "modifier": {
            "operation": "multiply_total",
            "value": -0.15
        }
    }
}