{
    "name": "§4§nWhen was this added?",
    "description": "Being near any odd Nether blocks makes you feel weak, as your not used to the fumes.",
    "condition": {
        "type": "origins:block_in_radius",
        "block_condition": {
            "type": "origins:in_tag",
            "tag": "bed:nether"
        },
        "radius": 10,
        "shape": "cube",
        "comparison": ">=",
        "compare_to": 1
    },
    "type": "origins:action_over_time",
    "interval": 55,
    "entity_action": {
        "type": "origins:apply_effect",
        "effect": {
            "effect": "weakness",
            "duration": 100,
            "amplifier": 1,
            "show_particles": false,
            "show_icon": true
        }
    }
}