{
    "name": "§e§nSticking with my roots",
    "description": "You deal more sword damage and a lot less axe damage.",
    "type": "origins:multiple",
    "swrd": {
        "condition": {
            "type": "origins:equipped_item",
            "equipment_slot": "mainhand",
            "item_condition": {
                "type": "origins:ingredient",
                "ingredient": {
                    "tag": "bed:sword"
                }
            }
        },
        "type": "origins:modify_damage_dealt",
        "modifier": {
            "operation": "multiply_total",
            "value": 0.3
        }
    },
    "axe": {
        "condition": {
            "type": "origins:equipped_item",
            "equipment_slot": "mainhand",
            "item_condition": {
                "type": "origins:ingredient",
                "ingredient": {
                    "tag": "bed:axe"
                }
            }
        },
        "type": "origins:modify_damage_dealt",
        "modifier": {
            "operation": "multiply_total",
            "value": -0.9
        }
    }
}