{
    "name": "§2§lEnergy Discharge",
    "description": "When you kill an entity, you gain demonic bloodlust. After three kills, you can discharge the energy gained around you, killing all mobs but you within 7 blocks.",
    "type": "origins:multiple",
    "bar": {
        "type": "origins:resource",
        "min": 0,
        "max": 3,
        "start_value": 0,
        "hud_render": {
            "should_render": true,
            "sprite_location": "origins:textures/gui/community/spiderkolo/resource_bar_01.png",
            "bar_index": 5
        }
    },
    "kill": {
        "condition": {
            "type": "origins:resource",
            "resource": "*:satan/energy_bar",
            "comparison": "==",
            "compare_to": 3
        },
        "type": "origins:active_self",
        "entity_action": {
            "type": "origins:and",
            "actions": [
                {
                    "type": "origins:apply_effect",
                    "effect": {
                        "effect": "blindness",
                        "duration": 22,
                        "amplifier": 3,
                        "show_particles": false,
                        "show_icon": false
                    }
                },
                {
                    "type": "origins:execute_command",
                    "command": "particle squid_ink ~ ~ ~ 5 3 5 0 300",
                    "permission_level": 4
                },
                {
                    "type": "origins:execute_command",
                    "command": "particle ash ~ ~ ~ 5 3 5 1 300",
                    "permission_level": 4
                },
                {
                    "type": "origins:execute_command",
                    "command": "kill @e[tag=!edgy,type=!wither,type=!ender_dragon,distance=..7]",
                    "permission_level": 4
                },
                {
                    "type": "origins:play_sound",
                    "sound": "entity.vex.charge",
                    "volume": 10,
                    "pitch": 0.1
                },
                {
                    "type": "origins:change_resource",
                    "resource": "*:satan/energy_bar",
                    "change": -3
                }
            ]
        },
        "cooldown": 600,
        "hud_render": {
            "should_render": true,
            "sprite_location": "origins:textures/gui/community/spiderkolo/resource_bar_02.png",
            "bar_index": 19
        },
        "key": {
            "key": "secondary"
        }
    },
    "gain": {
        "type": "origins:self_action_on_kill",
        "entity_action": {
            "type": "origins:change_resource",
            "resource": "*:satan/energy_bar",
            "change": 1
        },
        "cooldown": 0,
        "hud_render": {
            "should_render": false
        }
    }
}