{
    "name": "§5§nInspiring Song",
    "description": "Heal allies and poison enemies within a 6 block radius by using your Primary key.",
    "type": "origins:active_self",
    "entity_action": {
        "type": "origins:and",
        "actions": [
            {
                "type": "origins:execute_command",
                "command": "effect give @e[type=player,distance=..6] instant_health 1 1"
            },
            {
                "type": "origins:execute_command",
                "command": "effect give @e[type=!player,distance=..6] poison 4 1"
            },
            {
                "type": "origins:execute_command",
                "command": "particle note ~ ~1 ~ 1.5 1 1.5 1 7"
            },
            {
                "type": "origins:play_sound",
                "sound": "block.note_block.guitar",
                "volume": 1,
                "pitch": 0.75
            },
            {
                "type": "origins:delay",
                "action": {
                    "type": "origins:play_sound",
                    "sound": "block.note_block.guitar",
                    "volume": 1,
                    "pitch": 1
                },
                "ticks": 3
            },
            {
                "type": "origins:delay",
                "action": {
                    "type": "origins:execute_command",
                    "command": "particle note ~ ~1 ~ 1.5 1 1.5 1 7"
                },
                "ticks": 3
            },
            {
                "type": "origins:delay",
                "action": {
                    "type": "origins:play_sound",
                    "sound": "block.note_block.guitar",
                    "volume": 1,
                    "pitch": 1.25
                },
                "ticks": 6
            },
            {
                "type": "origins:delay",
                "action": {
                    "type": "origins:execute_command",
                    "command": "particle note ~ ~1 ~ 1.5 1 1.5 1 7"
                },
                "ticks": 6
            }
        ]
    },
    "cooldown": 300,
    "hud_render": {
        "should_render": true,
        "sprite_location": "origins:textures/gui/community/spiderkolo/resource_bar_03.png",
        "bar_index": 13
    },
    "key": {
        "key": "primary"
    }
}