{
    "name": "Kill On Sight",
    "description": "Iron golems will hunt you down if they see you.",
    "type": "origins:multiple",
    "iron_golem": {
        "type": "origins:action_over_time",
        "interval": 1,
        "entity_action": {
            "type": "origins:and",
            "actions": [
                {
                    "type": "origins:execute_command",
                    "command": "execute as @e[type=minecraft:iron_golem,distance=..20] at @s run data modify entity @s AngryAt set from entity @e[tag=mum,limit=1] UUID",
                    "permission_level": 2
                },
                {
                    "type": "origins:execute_command",
                    "command": "execute as @e[type=minecraft:iron_golem,distance=..20] at @s run data modify entity @s AngerTime set value 60",
                    "permission_level": 2
                }
            ]
        }
    }
}