{
    "name": "§b§nSoul Synchronization",
    "description": "You gain weakness when near soul fire, lanterns or torches.",
    "condition": {
        "type": "origins:block_in_radius",
        "block_condition": {
            "type": "origins:or",
            "conditions": [
                {
                    "type": "origins:block",
                    "block": "soul_fire"
                },
                {
                    "type": "origins:block",
                    "block": "soul_torch"
                },
                {
                    "type": "origins:block",
                    "block": "soul_wall_torch"
                },
                {
                    "type": "origins:block",
                    "block": "soul_lantern"
                },
                {
                    "type": "origins:block",
                    "block": "soul_campfire"
                }
            ]
        },
        "radius": 5,
        "shape": "cube",
        "comparison": ">=",
        "compare_to": 1
    },
    "type": "origins:action_over_time",
    "interval": 1,
    "entity_action": {
        "type": "origins:apply_effect",
        "effect": {
            "effect": "weakness",
            "duration": 40,
            "amplifier": 0,
            "show_particles": false,
            "show_icon": true
        }
    }
}