{
    "name": "§b§nUnstable Form§r",
    "description": "When you are half health or lower you get Speed I till healed.",
    "type": "origins:multiple",
    "high": {
        "condition": {
            "type": "origins:health",
            "comparison": ">=",
            "compare_to": 8
        },
        "type": "origins:action_over_time",
        "interval": 10,
        "entity_action": {
            "type": "origins:apply_effect",
            "effects": [
                {
                    "effect": "speed",
                    "duration": 100,
                    "amplifier": 0,
                    "show_particles": false,
                    "show_icon": true
                },
                {
                    "effect": "jump_boost",
                    "duration": 100,
                    "amplifier": 0,
                    "show_particles": false,
                    "show_icon": true
                }
            ]
        }
    },
    "low": {
        "condition": {
            "type": "origins:health",
            "comparison": "<",
            "compare_to": 8
        },
        "type": "origins:action_over_time",
        "interval": 10,
        "entity_action": {
            "type": "origins:apply_effect",
            "effects": [
                {
                    "effect": "slowness",
                    "duration": 100,
                    "amplifier": 0,
                    "show_particles": false,
                    "show_icon": true
                },
                {
                    "effect": "mining_fatigue",
                    "duration": 100,
                    "amplifier": 0,
                    "show_particles": false,
                    "show_icon": true
                }
            ]
        }
    },
    "regen": {
        "condition": {
            "type": "origins:health",
            "comparison": "<",
            "compare_to": 8
        },
        "type": "apoli:disable_regen"
    },
    "goop": {
        "type": "origins:action_over_time",
        "interval": 24000,
        "entity_action": {
            "type": "origins:and",
            "actions": [
                {
                    "type": "origins:execute_command",
                    "command": "give @s black_dye{display:{Name:'[{\"text\":\"§e§lCelestial Goop§r\"}]',Lore:['[{\"text\":\"Well this is nasty...\",\"italic\":false}]']},Enchantments:[{}]} 1"
                },
                {
                    "type": "origins:execute_command",
                    "command": "particle squid_ink ~ ~0.5 ~ 0.5 0.5 0.5 0 2"
                }
            ]
        }
    },
    "goop2": {
        "condition": {
            "type": "apoli:and",
            "conditions": [
                {
                    "type": "origins:health",
                    "comparison": "<",
                    "compare_to": 8
                },
				{
					"type": "origins:command",
					"command": "clear @s black_dye{display:{Name:'[{\"text\":\"§e§lCelestial Goop§r\"}]',Lore:['[{\"text\":\"Well this is nasty...\",\"italic\":false}]']},Enchantments:[{}]} 0",
					"comparison": ">=",
					"compare_to": 1
				}
            ]
        },
        "type": "origins:active_self",
        "entity_action": {
            "type": "origins:and",
            "actions": [
                {
                    "type": "origins:execute_command",
                    "command": "particle dust 0 0 0 2 ^ ^1 ^1 0.5 0.5 0.5 0 5"
                },
                {
                    "type": "origins:execute_command",
                    "command": "clear @s black_dye{display:{Name:'[{\"text\":\"§e§lCelestial Goop§r\"}]',Lore:['[{\"text\":\"Well this is nasty...\",\"italic\":false}]']},Enchantments:[{}]} 1"
                },
                {
                    "type": "origins:heal",
                    "amount": 2
                }
            ]
        },
        "cooldown": 10,
        "hud_render": {
            "should_render": false
        },
        "key": {
            "key": "key.use",
            "continuous": true
        }
    },
    "goopdmg1": {
        "condition": {
            "type": "origins:health",
            "comparison": "<",
            "compare_to": 8
        },
        "type": "origins:action_when_hit",
        "bientity_action": {
            "type": "origins:target_action",
            "action": {
                "type": "origins:and",
                "actions": [
                    {
                        "type": "origins:execute_command",
                        "command": "give @s black_dye{display:{Name:'[{\"text\":\"§e§lCelestial Goop§r\"}]',Lore:['[{\"text\":\"Well this is nasty...\",\"italic\":false}]']},Enchantments:[{}]} 1"
                    },
                    {
                        "type": "origins:execute_command",
                        "command": "particle squid_ink ~ ~0.5 ~ 0.5 0.5 0.5 0 2"
                    }
                ]
            }
        },
        "damage_condition": {
            "type": "origins:and",
            "conditions": [
                {
                    "type": "origins:amount",
                    "comparison": ">",
                    "compare_to": 0.9
                },
                {
                    "type": "origins:amount",
                    "comparison": "<=",
                    "compare_to": 3
                }
            ]
        },
        "cooldown": 10,
        "hud_render": {
            "should_render": false
        }
    },
    "goopdmg2": {
        "condition": {
            "type": "origins:health",
            "comparison": "<",
            "compare_to": 8
        },
        "type": "origins:action_when_hit",
        "bientity_action": {
            "type": "origins:target_action",
            "action": {
                "type": "origins:and",
                "actions": [
                    {
                        "type": "origins:execute_command",
                        "command": "give @s black_dye{display:{Name:'[{\"text\":\"§e§lCelestial Goop§r\"}]',Lore:['[{\"text\":\"Well this is nasty...\",\"italic\":false}]']},Enchantments:[{}]} 2"
                    },
                    {
                        "type": "origins:execute_command",
                        "command": "particle squid_ink ~ ~0.5 ~ 0.5 0.5 0.5 0 5"
                    }
                ]
            }
        },
        "damage_condition": {
            "type": "origins:and",
            "conditions": [
                {
                    "type": "origins:amount",
                    "comparison": ">=",
                    "compare_to": 4
                },
                {
                    "type": "origins:amount",
                    "comparison": "<=",
                    "compare_to": 5
                }
            ]
        },
        "cooldown": 10,
        "hud_render": {
            "should_render": false
        }
    },
    "goopdmg3": {
        "condition": {
            "type": "origins:health",
            "comparison": "<",
            "compare_to": 8
        },
        "type": "origins:action_when_hit",
        "bientity_action": {
            "type": "origins:target_action",
            "action": {
                "type": "origins:and",
                "actions": [
                    {
                        "type": "origins:execute_command",
                        "command": "give @s black_dye{display:{Name:'[{\"text\":\"§e§lCelestial Goop§r\"}]',Lore:['[{\"text\":\"Well this is nasty...\",\"italic\":false}]']},Enchantments:[{}]} 3"
                    },
                    {
                        "type": "origins:execute_command",
                        "command": "particle squid_ink ~ ~0.5 ~ 0.5 0.5 0.5 0 5"
                    }
                ]
            }
        },
        "damage_condition": {
            "type": "origins:and",
            "conditions": [
                {
                    "type": "origins:amount",
                    "comparison": ">=",
                    "compare_to": 6
                },
                {
                    "type": "origins:amount",
                    "comparison": "<",
                    "compare_to": 8
                }
            ]
        },
        "cooldown": 10,
        "hud_render": {
            "should_render": false
        }
    }
}