{
    "name": "Wiring",
    "description": "You can only eat redstone dust, redstone blocks, raw copper or raw copper blocks.",
    "type": "origins:multiple",
    "prev": {
        "type": "origins:prevent_item_use",
        "item_condition": {
            "type": "origins:food"
        }
    },
    "dust": {
        "condition": {
            "type": "origins:and",
            "conditions": [
                {
                    "type": "origins:or",
                    "conditions": [
                        {
                            "type": "origins:equipped_item",
                            "equipment_slot": "mainhand",
                            "item_condition": {
                                "type": "origins:ingredient",
                                "ingredient": {
                                    "item": "redstone"
                                }
                            }
                        },
                        {
                            "type": "origins:equipped_item",
                            "equipment_slot": "offhand",
                            "item_condition": {
                                "type": "origins:ingredient",
                                "ingredient": {
                                    "item": "redstone"
                                }
                            }
                        }
                    ]
                },
                {
                    "type": "origins:food_level",
                    "comparison": "<",
                    "compare_to": 20
                }
            ]
        },
        "type": "origins:active_self",
        "entity_action": {
            "type": "origins:and",
            "actions": [
                {
                    "type": "origins:feed",
                    "food": 5,
                    "saturation": 7
                },
                {
                    "type": "origins:execute_command",
                    "command": "clear @s redstone 1"
                },
                {
                    "type": "origins:play_sound",
                    "sound": "block.sand.break",
                    "volume": 1,
                    "pitch": 1.5
                }
            ]
        },
        "cooldown": 10,
        "hud_render": {
            "should_render": false
        },
        "key": {
            "key": "key.use",
            "continuous": true
        }
    },
    "block": {
        "condition": {
            "type": "origins:and",
            "conditions": [
                {
                    "type": "origins:or",
                    "conditions": [
                        {
                            "type": "origins:equipped_item",
                            "equipment_slot": "mainhand",
                            "item_condition": {
                                "type": "origins:ingredient",
                                "ingredient": {
                                    "item": "redstone_block"
                                }
                            }
                        },
                        {
                            "type": "origins:equipped_item",
                            "equipment_slot": "offhand",
                            "item_condition": {
                                "type": "origins:ingredient",
                                "ingredient": {
                                    "item": "redstone_block"
                                }
                            }
                        }
                    ]
                },
                {
                    "type": "origins:food_level",
                    "comparison": "<",
                    "compare_to": 20
                }
            ]
        },
        "type": "origins:active_self",
        "entity_action": {
            "type": "origins:and",
            "actions": [
                {
                    "type": "origins:feed",
                    "food": 9,
                    "saturation": 12
                },
                {
                    "type": "origins:execute_command",
                    "command": "clear @s redstone_block 1"
                },
                {
                    "type": "origins:play_sound",
                    "sound": "block.stem.break",
                    "volume": 1,
                    "pitch": 1.5
                }
            ]
        },
        "cooldown": 20,
        "hud_render": {
            "should_render": false
        },
        "key": {
            "key": "key.use",
            "continuous": true
        }
    },
    "raw": {
        "condition": {
            "type": "origins:and",
            "conditions": [
                {
                    "type": "origins:or",
                    "conditions": [
                        {
                            "type": "origins:equipped_item",
                            "equipment_slot": "mainhand",
                            "item_condition": {
                                "type": "origins:ingredient",
                                "ingredient": {
                                    "item": "raw_copper"
                                }
                            }
                        },
                        {
                            "type": "origins:equipped_item",
                            "equipment_slot": "offhand",
                            "item_condition": {
                                "type": "origins:ingredient",
                                "ingredient": {
                                    "item": "raw_copper"
                                }
                            }
                        }
                    ]
                },
                {
                    "type": "origins:food_level",
                    "comparison": "<",
                    "compare_to": 20
                }
            ]
        },
        "type": "origins:active_self",
        "entity_action": {
            "type": "origins:and",
            "actions": [
                {
                    "type": "origins:feed",
                    "food": 3,
                    "saturation": 5
                },
                {
                    "type": "origins:execute_command",
                    "command": "clear @s raw_copper 1"
                },
                {
                    "type": "origins:play_sound",
                    "sound": "block.sand.break",
                    "volume": 1,
                    "pitch": 1.5
                }
            ]
        },
        "cooldown": 10,
        "hud_render": {
            "should_render": false
        },
        "key": {
            "key": "key.use",
            "continuous": true
        }
    },
    "cblock": {
        "condition": {
            "type": "origins:and",
            "conditions": [
                {
                    "type": "origins:or",
                    "conditions": [
                        {
                            "type": "origins:equipped_item",
                            "equipment_slot": "mainhand",
                            "item_condition": {
                                "type": "origins:ingredient",
                                "ingredient": {
                                    "item": "raw_copper_block"
                                }
                            }
                        },
                        {
                            "type": "origins:equipped_item",
                            "equipment_slot": "offhand",
                            "item_condition": {
                                "type": "origins:ingredient",
                                "ingredient": {
                                    "item": "raw_copper_block"
                                }
                            }
                        }
                    ]
                },
                {
                    "type": "origins:food_level",
                    "comparison": "<",
                    "compare_to": 20
                }
            ]
        },
        "type": "origins:active_self",
        "entity_action": {
            "type": "origins:and",
            "actions": [
                {
                    "type": "origins:feed",
                    "food": 6,
                    "saturation": 9
                },
                {
                    "type": "origins:execute_command",
                    "command": "clear @s raw_copper_block 1"
                },
                {
                    "type": "origins:play_sound",
                    "sound": "block.stem.break",
                    "volume": 1,
                    "pitch": 1.5
                }
            ]
        },
        "cooldown": 20,
        "hud_render": {
            "should_render": false
        },
        "key": {
            "key": "key.use",
            "continuous": true
        }
    }
}