{
    "name": "§1§nShapechange§r",
    "description": "Change between two different forms at will: Pixie and Winged Humanoid. Cannot change while in water or rain.",
    "badges": [
        {
            "sprite": "origins:textures/gui/badge/star.png",
            "text": "Drains half of your hunger or saturation when changing."
        }
    ],
    "type": "origins:multiple",
    "pick": {
        "condition": {
            "type": "origins:and",
            "conditions": [
                {
                    "inverted": true,
                    "type": "origins:in_rain"
                },
                {
                    "type": "origins:fluid_height",
                    "fluid": "water",
                    "comparison": "==",
                    "compare_to": 0
                }
            ]
        },
        "type": "origins:active_self",
        "entity_action": {
            "type": "origins:if_else",
            "condition": {
                "type": "origins:resource",
                "resource": "*:other/change_form",
                "comparison": "==",
                "compare_to": 1
            },
            "if_action": {
                "type": "origins:and",
                "actions": [
                    {
                        "type": "origins:change_resource",
                        "resource": "*:other/change_form",
                        "change": 2,
                        "operation": "set"
                    },
                    {
                        "type": "origins:execute_command",
                        "command": "particle witch ~ ~0.5 ~ 0.5 0.5 0.5 0.1 100"
                    },
                    {
                        "type": "apoli:exhaust",
                        "amount": 100
                    }
                ]
            },
            "else_action": {
                "type": "origins:and",
                "actions": [
                    {
                        "type": "origins:change_resource",
                        "resource": "*:other/change_form",
                        "change": 1,
                        "operation": "set"
                    },
                    {
                        "type": "origins:execute_command",
                        "command": "particle witch ~ ~0.5 ~ 0.5 0.5 0.5 0.1 100"
                    },
                    {
                        "type": "apoli:exhaust",
                        "amount": 100
                    }
                ]
            }
        },
        "cooldown": 20,
        "hud_render": {
            "should_render": true,
            "sprite_location": "origins:textures/gui/community/spiderkolo/resource_bar_03.png",
            "bar_index": 21
        },
        "key": {
            "key": "secondary"
        }
    },
    "form": {
        "type": "origins:resource",
        "min": 1,
        "max": 2,
        "start_value": 2,
        "hud_render": {
            "should_render": false
        }
    }
}