{
    "name": "§e§nPixie Form§r",
    "description": "You are tiny and can fly by double-tapping space. You are more fragile, can't wear chest armor pieces or eat meat. You are slower in water and rain.",
    "type": "origins:multiple",
    "fly": {
        "condition": {
            "type": "origins:and",
            "conditions": [
                {
                    "type": "origins:resource",
                    "resource": "*:other/change_form",
                    "comparison": "==",
                    "compare_to": 1
                }
            ]
        },
        "type": "origins:creative_flight"
    },
    "size": {
        "condition": {
            "type": "origins:and",
            "conditions": [
                {
                    "type": "origins:resource",
                    "resource": "*:other/change_form",
                    "comparison": "==",
                    "compare_to": 1
                }
            ]
        },
        "type": "origins:action_over_time",
        "interval": 1,
        "rising_action": {
            "type": "origins:and",
            "actions": [
                {
                    "type": "origins:execute_command",
                    "command": "scale set pehkui:height 0.15 @s"
                },
                {
                    "type": "origins:execute_command",
                    "command": "scale set pehkui:width 0.15 @s"
                }
            ]
        },
        "falling_action": {
            "type": "origins:execute_command",
            "command": "scale reset @s"
        }
    },
    "fast": {
        "condition": {
            "type": "origins:and",
            "conditions": [
                {
                    "type": "origins:resource",
                    "resource": "*:other/change_form",
                    "comparison": "==",
                    "compare_to": 1
                },
                {
                    "type": "origins:fluid_height",
                    "fluid": "water",
                    "comparison": "==",
                    "compare_to": 0
                },
                {
                    "inverted": true,
                    "type": "origins:in_rain"
                }
            ]
        },
        "type": "origins:conditioned_attribute",
        "modifier": {
            "attribute": "generic.movement_speed",
            "operation": "multiply_total",
            "value": 0.3
        },
        "tick_rate": 1,
        "update_health": false
    },
    "hp": {
        "condition": {
            "type": "origins:and",
            "conditions": [
                {
                    "type": "origins:resource",
                    "resource": "*:other/change_form",
                    "comparison": "==",
                    "compare_to": 1
                }
            ]
        },
        "type": "origins:conditioned_attribute",
        "modifier": {
            "attribute": "generic.max_health",
            "operation": "addition",
            "value": -10
        },
        "tick_rate": 1,
        "update_health": false
    },
    "slow": {
        "condition": {
            "type": "origins:and",
            "conditions": [
                {
                    "type": "origins:resource",
                    "resource": "*:other/change_form",
                    "comparison": "==",
                    "compare_to": 1
                },
                {
                    "type": "origins:or",
                    "conditions": [
                        {
                            "type": "origins:fluid_height",
                            "fluid": "water",
                            "comparison": ">",
                            "compare_to": 0
                        },
                        {
                            "type": "origins:in_rain"
                        }
                    ]
                }
            ]
        },
        "type": "origins:conditioned_attribute",
        "modifier": {
            "attribute": "generic.movement_speed",
            "operation": "multiply_total",
            "value": -0.3
        },
        "tick_rate": 1,
        "update_health": false
    },
    "flyslow": {
        "condition": {
            "type": "origins:and",
            "conditions": [
                {
                    "type": "origins:resource",
                    "resource": "*:other/change_form",
                    "comparison": "==",
                    "compare_to": 1
                },
                {
                    "type": "origins:or",
                    "conditions": [
                        {
                            "type": "origins:fluid_height",
                            "fluid": "water",
                            "comparison": ">",
                            "compare_to": 0
                        },
                        {
                            "type": "origins:in_rain"
                        }
                    ]
                }
            ]
        },
        "type": "origins:modify_air_speed",
        "modifier": {
            "operation": "multiply_total",
            "value": -0.6
        }
    },
    "chest": {
        "condition": {
            "type": "origins:and",
            "conditions": [
                {
                    "type": "origins:resource",
                    "resource": "*:other/change_form",
                    "comparison": "==",
                    "compare_to": 1
                }
            ]
        },
        "type": "origins:conditioned_restrict_armor",
        "chest": {
            "inverted": true,
            "type": "origins:empty"
        },
        "tick_rate": 1
    },
    "meat": {
        "condition": {
            "type": "origins:and",
            "conditions": [
                {
                    "type": "origins:resource",
                    "resource": "*:other/change_form",
                    "comparison": "==",
                    "compare_to": 1
                }
            ]
        },
        "type": "origins:prevent_item_use",
        "item_condition": {
            "type": "origins:and",
            "conditions": [
                {
                    "type": "origins:or",
                    "conditions": [
                        {
                            "type": "origins:ingredient",
                            "ingredient": {
                                "tag": "origins:meat"
                            }
                        },
                        {
                            "type": "origins:meat"
                        }
                    ]
                },
                {
                    "type": "origins:food"
                },
                {
                    "type": "origins:ingredient",
                    "ingredient": {
                        "tag": "origins:ignore_diet"
                    },
                    "inverted": true
                }
            ]
        }
    }
}