{
    "name": "§2§nUndead Fear",
    "description": "As being related to the Nether, undead mobs are afraid of you and Nether mobs will not attack you, unless you hit them.",
    "type": "origins:multiple",
    "team": {
        "type": "origins:action_over_time",
        "interval": 1,
        "entity_action": {
            "type": "origins:and",
            "actions": [
                {
                    "type": "origins:execute_command",
                    "command": "team join nether @e[tag=!aggro,type=#racc:nether,distance=..100]"
                },
                {
                    "type": "origins:execute_command",
                    "command": "team leave @e[tag=aggro,distance=..100]"
                }
            ]
        }
    },
    "remove": {
        "type": "origins:action_over_time",
        "interval": 300,
        "entity_action": {
            "type": "origins:and",
            "actions": [
                {
                    "type": "origins:execute_command",
                    "command": "tag @e remove aggro"
                }
            ]
        }
    },
    "aggro": {
        "type": "origins:target_action_on_hit",
        "entity_action": {
            "type": "origins:execute_command",
            "command": "tag @s add aggro"
        },
        "cooldown": 0,
        "hud_render": {
            "should_render": false
        }
    }
}