{
    "name": "Hot Snack",
    "description": "You can eat lava straight out of a bucket.",
    "condition": {
        "type": "origins:and",
        "conditions": [
            {
                "type": "origins:or",
                "conditions": [
                    {
                        "type": "origins:equipped_item",
                        "equipment_slot": "mainhand",
                        "item_condition": {
                            "type": "origins:ingredient",
                            "ingredient": {
                                "item": "lava_bucket"
                            }
                        }
                    },
                    {
                        "type": "origins:equipped_item",
                        "equipment_slot": "offhand",
                        "item_condition": {
                            "type": "origins:ingredient",
                            "ingredient": {
                                "item": "lava_bucket"
                            }
                        }
                    }
                ]
            },
            {
                "type": "origins:food_level",
                "comparison": "<",
                "compare_to": 20
            }
        ]
    },
    "type": "origins:active_self",
    "entity_action": {
        "type": "origins:and",
        "actions": [
            {
                "type": "origins:execute_command",
                "command": "clear @s lava_bucket 1",
                "permission_level": 4
            },
            {
                "type": "origins:execute_command",
                "command": "give @s bucket 1",
                "permission_level": 4
            },
            {
                "type": "origins:feed",
                "food": 10,
                "saturation": 16
            }
        ]
    },
    "cooldown": 60,
    "hud_render": {
        "should_render": true,
        "sprite_location": "origins:textures/gui/community/spiderkolo/resource_bar_01.png",
        "bar_index": 0
    },
    "key": {
        "key": "key.use"
    }
}