{
    "name": "§e§nAutomaton",
    "description": "You cannot eat purely natural foods. You must eat metals or metallic objects.",
    "type": "origins:multiple",
    "prevent": {
        "type": "origins:prevent_item_use",
        "item_condition": {
            "type": "origins:and",
            "conditions": [
                {
                    "type": "origins:food"
                },
                {
                    "inverted": true,
                    "type": "origins:ingredient",
                    "ingredient": [
                        {
                            "item": "golden_carrot"
                        },
                        {
                            "item": "golden_apple"
                        },
                        {
                            "item": "enchanted_golden_apple"
                        }
                    ]
                }
            ]
        }
    },
    "eat": {
        "condition": {
            "type": "origins:food_level",
            "comparison": "<",
            "compare_to": 20
        },
        "type": "origins:active_self",
        "entity_action": {
            "type": "origins:if_else_list",
            "actions": [
                {
                    "condition": {
                        "type": "origins:or",
                        "conditions": [
                            {
                                "type": "origins:equipped_item",
                                "equipment_slot": "mainhand",
                                "item_condition": {
                                    "type": "origins:ingredient",
                                    "ingredient": {
                                        "item": "coal"
                                    }
                                }
                            },
                            {
                                "type": "origins:equipped_item",
                                "equipment_slot": "offhand",
                                "item_condition": {
                                    "type": "origins:ingredient",
                                    "ingredient": {
                                        "item": "coal"
                                    }
                                }
                            }
                        ]
                    },
                    "action": {
                        "type": "origins:and",
                        "actions": [
                            {
                                "type": "origins:execute_command",
                                "command": "clear @s coal 1"
                            },
                            {
                                "type": "origins:feed",
                                "food": 2,
                                "saturation": 4.5
                            }
                        ]
                    }
                },
                {
                    "condition": {
                        "type": "origins:or",
                        "conditions": [
                            {
                                "type": "origins:equipped_item",
                                "equipment_slot": "mainhand",
                                "item_condition": {
                                    "type": "origins:ingredient",
                                    "ingredient": {
                                        "item": "charcoal"
                                    }
                                }
                            },
                            {
                                "type": "origins:equipped_item",
                                "equipment_slot": "offhand",
                                "item_condition": {
                                    "type": "origins:ingredient",
                                    "ingredient": {
                                        "item": "charcoal"
                                    }
                                }
                            }
                        ]
                    },
                    "action": {
                        "type": "origins:and",
                        "actions": [
                            {
                                "type": "origins:execute_command",
                                "command": "clear @s charcoal 1"
                            },
                            {
                                "type": "origins:feed",
                                "food": 2,
                                "saturation": 4.5
                            }
                        ]
                    }
                },
                {
                    "condition": {
                        "type": "origins:or",
                        "conditions": [
                            {
                                "type": "origins:equipped_item",
                                "equipment_slot": "mainhand",
                                "item_condition": {
                                    "type": "origins:ingredient",
                                    "ingredient": {
                                        "item": "iron_ingot"
                                    }
                                }
                            },
                            {
                                "type": "origins:equipped_item",
                                "equipment_slot": "offhand",
                                "item_condition": {
                                    "type": "origins:ingredient",
                                    "ingredient": {
                                        "item": "iron_ingot"
                                    }
                                }
                            }
                        ]
                    },
                    "action": {
                        "type": "origins:and",
                        "actions": [
                            {
                                "type": "origins:execute_command",
                                "command": "clear @s iron_ingot 1"
                            },
                            {
                                "type": "origins:feed",
                                "food": 6,
                                "saturation": 8.5
                            }
                        ]
                    }
                },
                {
                    "condition": {
                        "type": "origins:or",
                        "conditions": [
                            {
                                "type": "origins:equipped_item",
                                "equipment_slot": "mainhand",
                                "item_condition": {
                                    "type": "origins:ingredient",
                                    "ingredient": {
                                        "item": "raw_iron"
                                    }
                                }
                            },
                            {
                                "type": "origins:equipped_item",
                                "equipment_slot": "offhand",
                                "item_condition": {
                                    "type": "origins:ingredient",
                                    "ingredient": {
                                        "item": "raw_iron"
                                    }
                                }
                            }
                        ]
                    },
                    "action": {
                        "type": "origins:and",
                        "actions": [
                            {
                                "type": "origins:execute_command",
                                "command": "clear @s raw_iron 1"
                            },
                            {
                                "type": "origins:feed",
                                "food": 3,
                                "saturation": 4
                            }
                        ]
                    }
                },
                {
                    "condition": {
                        "type": "origins:or",
                        "conditions": [
                            {
                                "type": "origins:equipped_item",
                                "equipment_slot": "mainhand",
                                "item_condition": {
                                    "type": "origins:ingredient",
                                    "ingredient": {
                                        "item": "iron_nugget"
                                    }
                                }
                            },
                            {
                                "type": "origins:equipped_item",
                                "equipment_slot": "offhand",
                                "item_condition": {
                                    "type": "origins:ingredient",
                                    "ingredient": {
                                        "item": "iron_nugget"
                                    }
                                }
                            }
                        ]
                    },
                    "action": {
                        "type": "origins:and",
                        "actions": [
                            {
                                "type": "origins:execute_command",
                                "command": "clear @s iron_nugget 1"
                            },
                            {
                                "type": "origins:feed",
                                "food": 1,
                                "saturation": 2
                            }
                        ]
                    }
                },
                {
                    "condition": {
                        "type": "origins:or",
                        "conditions": [
                            {
                                "type": "origins:equipped_item",
                                "equipment_slot": "mainhand",
                                "item_condition": {
                                    "type": "origins:ingredient",
                                    "ingredient": {
                                        "item": "raw_gold"
                                    }
                                }
                            },
                            {
                                "type": "origins:equipped_item",
                                "equipment_slot": "offhand",
                                "item_condition": {
                                    "type": "origins:ingredient",
                                    "ingredient": {
                                        "item": "raw_gold"
                                    }
                                }
                            }
                        ]
                    },
                    "action": {
                        "type": "origins:and",
                        "actions": [
                            {
                                "type": "origins:execute_command",
                                "command": "clear @s raw_gold 1"
                            },
                            {
                                "type": "origins:feed",
                                "food": 4,
                                "saturation": 5
                            }
                        ]
                    }
                },
                {
                    "condition": {
                        "type": "origins:or",
                        "conditions": [
                            {
                                "type": "origins:equipped_item",
                                "equipment_slot": "mainhand",
                                "item_condition": {
                                    "type": "origins:ingredient",
                                    "ingredient": {
                                        "item": "gold_ingot"
                                    }
                                }
                            },
                            {
                                "type": "origins:equipped_item",
                                "equipment_slot": "offhand",
                                "item_condition": {
                                    "type": "origins:ingredient",
                                    "ingredient": {
                                        "item": "gold_ingot"
                                    }
                                }
                            }
                        ]
                    },
                    "action": {
                        "type": "origins:and",
                        "actions": [
                            {
                                "type": "origins:execute_command",
                                "command": "clear @s gold_ingot 1"
                            },
                            {
                                "type": "origins:feed",
                                "food": 8,
                                "saturation": 10
                            }
                        ]
                    }
                },
                {
                    "condition": {
                        "type": "origins:or",
                        "conditions": [
                            {
                                "type": "origins:equipped_item",
                                "equipment_slot": "mainhand",
                                "item_condition": {
                                    "type": "origins:ingredient",
                                    "ingredient": {
                                        "item": "gold_nugget"
                                    }
                                }
                            },
                            {
                                "type": "origins:equipped_item",
                                "equipment_slot": "offhand",
                                "item_condition": {
                                    "type": "origins:ingredient",
                                    "ingredient": {
                                        "item": "gold_nugget"
                                    }
                                }
                            }
                        ]
                    },
                    "action": {
                        "type": "origins:and",
                        "actions": [
                            {
                                "type": "origins:execute_command",
                                "command": "clear @s gold_nugget 1"
                            },
                            {
                                "type": "origins:feed",
                                "food": 2,
                                "saturation": 6
                            }
                        ]
                    }
                },
                {
                    "condition": {
                        "type": "origins:or",
                        "conditions": [
                            {
                                "type": "origins:equipped_item",
                                "equipment_slot": "mainhand",
                                "item_condition": {
                                    "type": "origins:ingredient",
                                    "ingredient": {
                                        "item": "gold_ingot"
                                    }
                                }
                            },
                            {
                                "type": "origins:equipped_item",
                                "equipment_slot": "offhand",
                                "item_condition": {
                                    "type": "origins:ingredient",
                                    "ingredient": {
                                        "item": "gold_ingot"
                                    }
                                }
                            }
                        ]
                    },
                    "action": {
                        "type": "origins:and",
                        "actions": [
                            {
                                "type": "origins:execute_command",
                                "command": "clear @s gold_ingot 1"
                            },
                            {
                                "type": "origins:feed",
                                "food": 8,
                                "saturation": 10
                            }
                        ]
                    }
                },
                {
                    "condition": {
                        "type": "origins:or",
                        "conditions": [
                            {
                                "type": "origins:equipped_item",
                                "equipment_slot": "mainhand",
                                "item_condition": {
                                    "type": "origins:ingredient",
                                    "ingredient": {
                                        "item": "copper_ingot"
                                    }
                                }
                            },
                            {
                                "type": "origins:equipped_item",
                                "equipment_slot": "offhand",
                                "item_condition": {
                                    "type": "origins:ingredient",
                                    "ingredient": {
                                        "item": "copper_ingot"
                                    }
                                }
                            }
                        ]
                    },
                    "action": {
                        "type": "origins:and",
                        "actions": [
                            {
                                "type": "origins:execute_command",
                                "command": "clear @s copper_ingot 1"
                            },
                            {
                                "type": "origins:feed",
                                "food": 8,
                                "saturation": 12
                            }
                        ]
                    }
                },
                {
                    "condition": {
                        "type": "origins:or",
                        "conditions": [
                            {
                                "type": "origins:equipped_item",
                                "equipment_slot": "mainhand",
                                "item_condition": {
                                    "type": "origins:ingredient",
                                    "ingredient": {
                                        "item": "raw_copper"
                                    }
                                }
                            },
                            {
                                "type": "origins:equipped_item",
                                "equipment_slot": "offhand",
                                "item_condition": {
                                    "type": "origins:ingredient",
                                    "ingredient": {
                                        "item": "raw_copper"
                                    }
                                }
                            }
                        ]
                    },
                    "action": {
                        "type": "origins:and",
                        "actions": [
                            {
                                "type": "origins:execute_command",
                                "command": "clear @s raw_copper 1"
                            },
                            {
                                "type": "origins:feed",
                                "food": 4,
                                "saturation": 7.5
                            }
                        ]
                    }
                },
                {
                    "condition": {
                        "type": "origins:or",
                        "conditions": [
                            {
                                "type": "origins:equipped_item",
                                "equipment_slot": "mainhand",
                                "item_condition": {
                                    "type": "origins:ingredient",
                                    "ingredient": {
                                        "item": "diamond"
                                    }
                                }
                            },
                            {
                                "type": "origins:equipped_item",
                                "equipment_slot": "offhand",
                                "item_condition": {
                                    "type": "origins:ingredient",
                                    "ingredient": {
                                        "item": "diamond"
                                    }
                                }
                            }
                        ]
                    },
                    "action": {
                        "type": "origins:and",
                        "actions": [
                            {
                                "type": "origins:execute_command",
                                "command": "clear @s diamond 1"
                            },
                            {
                                "type": "origins:feed",
                                "food": 10,
                                "saturation": 20
                            }
                        ]
                    }
                }
            ]
        },
        "cooldown": 20,
        "hud_render": {
            "should_render": false
        },
        "key": {
            "key": "key.use",
            "continuous": true
        }
    }
}