{
    "name": "§2§nSwift Levitator",
    "description": "Easily glide over 1 block height changes much as if they were slabs. You are also faster. Running no longer drains saturation.",
    "type": "origins:multiple",
    "call": {
        "type": "origins:action_on_callback",
        "execute_chosen_when_orb": true,
        "entity_action_lost": {
            "type": "origins:execute_command",
            "command": "scale reset @s",
            "permission_level": 4
        }
    },
    "grant": {
        "type": "origins:action_over_time",
        "interval": 1,
        "entity_action": {
            "type": "origins:execute_command",
            "command": "scale set pehkui:motion 1.7 @s"
        }
    },
    "sprint": {
        "condition": {
            "type": "origins:sprinting"
        },
        "type": "origins:modify_exhaustion",
        "modifier": {
            "operation": "multiply_base",
            "value": -1
        }
    }
}