{
    "name": "§e§nNon-Organic",
    "description": "You cannot be affected by potions effects.",
    "type": "origins:multiple",
    "effects": {
        "type": "origins:effect_immunity",
        "effects": [
            "speed",
            "strength",
            "slowness",
            "haste",
            "mining_fatigue",
            "jump_boost",
            "nausea",
            "regeneration",
            "resistance",
            "fire_resistance",
            "water_breathing",
            "invisibility",
            "blindness",
            "night_vision",
            "hunger",
            "weakness",
            "poison",
            "wither",
            "health_boost",
            "absorption",
            "saturation",
            "glowing",
            "levitation",
            "luck",
            "unluck",
            "slow_falling",
            "conduit_power",
            "dolphins_grace",
            "bad_omen",
            "hero_of_the_village"
        ]
    }
}