{
    "name": "§e§nVolatile Sense of Being",
    "description": "Your Saturation level dictates your size. at full saturation you stand at 3 blocks tall, at no saturation you stand at half a block tall. Your attacks get weaker the smaller you get.",
    "type": "origins:multiple",
    "high": {
        "condition": {
            "type": "origins:and",
            "conditions": [
                {
                    "type": "origins:food_level",
                    "comparison": ">=",
                    "compare_to": 16
                }
            ]
        },
        "type": "origins:action_over_time",
        "interval": 1,
        "entity_action": {
            "type": "origins:and",
            "actions": [
                {
                    "type": "origins:execute_command",
                    "command": "scale set pehkui:height 1.5 @s"
                },
                {
                    "type": "origins:execute_command",
                    "command": "scale set pehkui:width 1.5 @s"
                }
            ]
        }
    },
    "normal": {
        "condition": {
            "type": "origins:and",
            "conditions": [
                {
                    "type": "origins:food_level",
                    "comparison": ">=",
                    "compare_to": 12
                },
                {
                    "type": "origins:food_level",
                    "comparison": "<",
                    "compare_to": 16
                }
            ]
        },
        "type": "origins:action_over_time",
        "interval": 1,
        "entity_action": {
            "type": "origins:and",
            "actions": [
                {
                    "type": "origins:execute_command",
                    "command": "scale set pehkui:height 1 @s"
                },
                {
                    "type": "origins:execute_command",
                    "command": "scale set pehkui:width 1 @s"
                }
            ]
        }
    },
    "normal_dmg": {
        "condition": {
            "type": "origins:and",
            "conditions": [
                {
                    "type": "origins:food_level",
                    "comparison": ">=",
                    "compare_to": 12
                },
                {
                    "type": "origins:food_level",
                    "comparison": "<",
                    "compare_to": 16
                }
            ]
        },
        "type": "origins:conditioned_attribute",
        "modifier": {
            "attribute": "generic.attack_damage",
            "operation": "multiply_base",
            "value": -0.2
        },
        "tick_rate": 1,
        "update_health": false
    },
    "short": {
        "condition": {
            "type": "origins:and",
            "conditions": [
                {
                    "type": "origins:food_level",
                    "comparison": ">=",
                    "compare_to": 6
                },
                {
                    "type": "origins:food_level",
                    "comparison": "<",
                    "compare_to": 12
                }
            ]
        },
        "type": "origins:action_over_time",
        "interval": 1,
        "entity_action": {
            "type": "origins:and",
            "actions": [
                {
                    "type": "origins:execute_command",
                    "command": "scale set pehkui:height 0.75 @s"
                },
                {
                    "type": "origins:execute_command",
                    "command": "scale set pehkui:width 0.75 @s"
                }
            ]
        }
    },
    "short_dmg": {
        "condition": {
            "type": "origins:and",
            "conditions": [
                {
                    "type": "origins:food_level",
                    "comparison": ">=",
                    "compare_to": 6
                },
                {
                    "type": "origins:food_level",
                    "comparison": "<",
                    "compare_to": 12
                }
            ]
        },
        "type": "origins:conditioned_attribute",
        "modifier": {
            "attribute": "generic.attack_damage",
            "operation": "multiply_base",
            "value": -0.35
        },
        "tick_rate": 1,
        "update_health": false
    },
    "tiny": {
        "condition": {
            "type": "origins:and",
            "conditions": [
                {
                    "type": "origins:food_level",
                    "comparison": "<",
                    "compare_to": 6
                }
            ]
        },
        "type": "origins:action_over_time",
        "interval": 1,
        "entity_action": {
            "type": "origins:and",
            "actions": [
                {
                    "type": "origins:execute_command",
                    "command": "scale set pehkui:height 0.25 @s"
                },
                {
                    "type": "origins:execute_command",
                    "command": "scale set pehkui:width 0.25 @s"
                }
            ]
        }
    },
    "tiny_dmg": {
        "condition": {
            "type": "origins:and",
            "conditions": [
                {
                    "type": "origins:food_level",
                    "comparison": "<",
                    "compare_to": 6
                }
            ]
        },
        "type": "origins:conditioned_attribute",
        "modifier": {
            "attribute": "generic.attack_damage",
            "operation": "multiply_base",
            "value": -0.5
        },
        "tick_rate": 1,
        "update_health": false
    }
}