{
    "name": "§5§nSprout",
    "description": "You can change your size from small to normal at will.",
    "type": "origins:multiple",
    "01": {
        "type": "origins:resource",
        "min": 0,
        "max": 1,
        "start_value": 0,
        "hud_render": {
            "should_render": false
        }
    },
    "act": {
        "type": "origins:active_self",
        "entity_action": {
            "type": "origins:and",
            "actions": [
                {
                    "type": "origins:if_else",
                    "condition": {
                        "type": "origins:resource",
                        "resource": "*:psilo/sprout_01",
                        "comparison": "==",
                        "compare_to": 0
                    },
                    "if_action": {
                        "type": "origins:and",
                        "actions": [
                            {
                                "type": "origins:change_resource",
                                "resource": "*:psilo/sprout_01",
                                "change": 1
                            },
                            {
                                "type": "origins:execute_command",
                                "command": "scale set pehkui:height 1 @s",
                                "permission_level": 4
                            },
                            {
                                "type": "origins:execute_command",
                                "command": "scale set pehkui:width 1 @s",
                                "permission_level": 4
                            }
                        ]
                    },
                    "else_action": {
                        "type": "origins:and",
                        "actions": [
                            {
                                "type": "origins:change_resource",
                                "resource": "*:psilo/sprout_01",
                                "change": -1
                            },
                            {
                                "type": "origins:execute_command",
                                "command": "scale set pehkui:height 0.25 @s",
                                "permission_level": 4
                            },
                            {
                                "type": "origins:execute_command",
                                "command": "scale set pehkui:width 0.25 @s",
                                "permission_level": 4
                            }
                        ]
                    }
                },
                {
                    "type": "origins:execute_command",
                    "command": "particle enchanted_hit ^ ^ ^0.7 0.4 1 0.4 0 50",
                    "permission_level": 4
                },
                {
                    "type": "origins:play_sound",
                    "sound": "item.spyglass.use",
                    "volume": 0.8,
                    "pitch": 0.5
                }
            ]
        },
        "cooldown": 30,
        "hud_render": {
            "should_render": true,
            "sprite_location": "origins:textures/gui/community/spiderkolo/resource_bar_03.png",
            "bar_index": 21
        },
        "key": {
            "key": "primary",
            "continuous": true
        }
    }
}