{
	"name": "§5§nMagic Touch",
	"description": "Toggle your magic abilities.",
	"type": "origins:multiple",
	"act": {
		"type": "origins:active_self",
		"entity_action": {
			"type": "origins:if_else",
			"condition": {
				"type": "origins:resource",
				"resource": "*:psilo/tog_tap",
				"comparison": "==",
				"compare_to": 1
			},
			"if_action": {
				"type": "origins:and",
				"actions": [
					{
						"type": "origins:execute_command",
						"command": "title @s actionbar {\"text\":\" Magic Disabled\",\"bold\":true,\"color\":\"dark_blue\"}",
						"permission_level": 4
					},
					{
						"type": "origins:play_sound",
						"sound": "minecraft:block.note_block.chime",
						"volume": 0.3,
						"pitch": 0.5
					},
					{
						"type": "origins:delay",
						"action": {
							"type": "origins:change_resource",
							"resource": "*:psilo/tog_tap",
							"change": -1
						},
						"ticks": 2
					}
				]
			},
			"else_action": {
				"type": "origins:and",
				"actions": [
					{
						"type": "origins:execute_command",
						"command": "title @s actionbar {\"text\":\" Magic Enabled\",\"bold\":true,\"color\":\"blue\"}",
						"permission_level": 4
					},
					{
						"type": "origins:play_sound",
						"sound": "minecraft:block.note_block.chime",
						"volume": 0.3,
						"pitch": 1
					},
					{
						"type": "origins:delay",
						"action": {
							"type": "origins:change_resource",
							"resource": "*:psilo/tog_tap",
							"change": 1
						},
						"ticks": 2
					}
				]
			}
		},
		"cooldown": 5,
		"hud_render": {
			"should_render": false
		},
		"key": {
			"key": "secondary"
		}
	},
	"tap": {
		"type": "origins:resource",
		"min": 0,
		"max": 1,
		"start_value": 0,
		"hud_render": {
			"should_render": false
		}
	}
}