{
    "name": "§5§nCalming Presence",
    "description": "Every once in a while you can choose to end all effects on mobs within 3 blocks of you, including yourself.",
    "type": "origins:active_self",
    "entity_action": {
        "type": "origins:and",
        "actions": [
            {
                "type": "origins:execute_command",
                "command": "particle composter ~ ~0.5 ~ 3 0.25 3 0.2 300"
            },
            {
                "type": "origins:execute_command",
                "command": "execute as @e[distance=..3] at @s run effect clear @s"
            }
        ]
    },
    "cooldown": 200,
    "hud_render": {
        "should_render": true,
        "sprite_location": "origins:textures/gui/community/spiderkolo/resource_bar_02.png",
        "bar_index": 10
    },
    "key": {
        "key": "primary"
    }
}