{
  "display": {
    "icon": {
      "item": "minecraft:nether_star"
    },
    "title": "The Dreamer",
    "description": "Night and Day blur into one.",
    "frame": "challenge",
    "show_toast": true,
    "announce_to_chat": true,
    "hidden": true
  },
  "criteria": {
    "requirement": {
      "trigger": "minecraft:slept_in_bed",
      "conditions": {
        "player": [
          {
            "condition": "minecraft:entity_properties",
            "entity": "this",
            "predicate": {
              "nbt": "{Tags:[\"sleepy\"]}"
            }
          }
        ]
      }
    }
  }
}
