{
    "name": "§1§nLeap§r",
    "description": "Boost high into the air.",
    "type": "origins:active_self",
    "entity_action": {
        "type": "origins:and",
        "actions": [
            {
                "type": "origins:if_else",
                "condition": {
                    "type": "origins:moving"
                },
                "if_action": {
                    "type": "origins:and",
                    "actions": [
                        {
                            "type": "origins:add_velocity",
                            "y": 0.5,
                            "z": 0.75,
                            "space": "local",
                            "client": true,
                            "server": true
                        },
                        {
                            "type": "origins:execute_command",
                            "command": "particle snowflake ^ ^3 ^3 0.5 0.5 0.5 0.1 50"
                        },
                        {
                            "type": "origins:execute_command",
                            "command": "particle white_ash ^ ^3 ^3 0.5 0.5 0.5 0.1 50"
                        }
                    ]
                },
                "else_action": {
                    "type": "origins:and",
                    "actions": [
                        {
                            "type": "origins:add_velocity",
                            "y": 0.8,
                            "space": "world",
                            "client": true,
                            "server": true
                        },
                        {
                            "type": "origins:execute_command",
                            "command": "particle snowflake ~ ~3 ~ 0.5 0.5 0.5 0.1 50"
                        },
                        {
                            "type": "origins:execute_command",
                            "command": "particle white_ash ~ ~3 ~ 0.5 0.5 0.5 0.1 50"
                        }
                    ]
                }
            },
            {
                "type": "origins:play_sound",
                "sound": "entity.cat.death",
                "volume": 1,
                "pitch": 0.8
            }
        ]
    },
    "cooldown": 100,
    "hud_render": {
        "should_render": true,
        "sprite_location": "origins:textures/gui/community/spiderkolo/resource_bar_03.png",
        "bar_index": 23
    },
    "key": {
        "continuous": true,
        "key": "primary"
    }
}