{
    "name": "§2§nInfected Wounds",
    "description": "You deal more damage in melee and attacking an enemy poisons them for a short time.",
    "type": "origins:multiple",
    "poison": {
        "type": "origins:action_on_hit",
        "bientity_action": {
            "type": "origins:target_action",
            "action": {
                "type": "origins:apply_effect",
                "effect": {
                    "effect": "poison",
                    "duration": 100,
                    "amplifier": 0,
                    "show_particles": true,
                    "show_icon": true
                }
            }
        },
        "damage_condition": {
            "inverted": true,
            "type": "origins:projectile"
        },
        "cooldown": 100,
        "hud_render": {
            "should_render": false
        }
    },
    "dmg": {
        "type": "origins:modify_damage_dealt",
        "damage_condition": {
            "inverted": true,
            "type": "origins:projectile"
        },
        "modifier": {
            "operation": "multiply_total",
            "value": 0.25
        }
    }
}